
# session 2026-06-16 13:05:39  (yaw_offset=90.0)
raw[X -37.7 Y  -0.3 Z  +0.3]  quat[R -37.7 P  -0.0 Y  +0.4]  pose.yaw(+off) +90.4
raw[X -36.1 Y  -0.6 Z  -0.3]  quat[R -36.1 P  -0.7 Y  +0.1]  pose.yaw(+off) +90.1
raw[X -36.3 Y  -0.5 Z  -0.1]  quat[R -36.3 P  -0.5 Y  +0.2]  pose.yaw(+off) +90.2
raw[X -37.5 Y  -0.3 Z  +0.2]  quat[R -37.5 P  -0.1 Y  +0.3]  pose.yaw(+off) +90.3
raw[X -36.0 Y  -0.6 Z  -0.2]  quat[R -36.0 P  -0.6 Y  +0.1]  pose.yaw(+off) +90.1
raw[X -37.6 Y  +0.3 Z  +0.3]  quat[R -37.6 P  +0.4 Y  +0.1]  pose.yaw(+off) +90.1
raw[X -37.3 Y  -0.3 Z  +0.0]  quat[R -37.3 P  -0.2 Y  +0.2]  pose.yaw(+off) +90.2
raw[X -36.1 Y  -0.3 Z  -0.2]  quat[R -36.1 P  -0.4 Y  +0.0]  pose.yaw(+off) +90.0
raw[X -37.5 Y  -0.2 Z  +0.2]  quat[R -37.5 P  -0.1 Y  +0.3]  pose.yaw(+off) +90.3
raw[X -36.0 Y  -0.6 Z  -0.2]  quat[R -36.0 P  -0.6 Y  +0.2]  pose.yaw(+off) +90.2
raw[X -37.3 Y  -0.3 Z  +0.1]  quat[R -37.3 P  -0.2 Y  +0.3]  pose.yaw(+off) +90.3
raw[X -37.4 Y  -0.3 Z  +0.1]  quat[R -37.4 P  -0.2 Y  +0.3]  pose.yaw(+off) +90.3
raw[X -36.0 Y  -0.5 Z  -0.2]  quat[R -36.0 P  -0.6 Y  +0.1]  pose.yaw(+off) +90.1
raw[X -37.4 Y  -0.2 Z  +0.2]  quat[R -37.4 P  +0.0 Y  +0.3]  pose.yaw(+off) +90.3
raw[X -37.4 Y  -0.3 Z  +0.1]  quat[R -37.4 P  -0.2 Y  +0.3]  pose.yaw(+off) +90.3
raw[X -36.3 Y  -0.6 Z  -0.2]  quat[R -36.3 P  -0.6 Y  +0.2]  pose.yaw(+off) +90.2
raw[X -37.5 Y  -0.3 Z  +0.2]  quat[R -37.5 P  -0.1 Y  +0.3]  pose.yaw(+off) +90.3
raw[X -36.1 Y  -0.6 Z  -0.2]  quat[R -36.1 P  -0.6 Y  +0.2]  pose.yaw(+off) +90.2
raw[X -37.4 Y  -0.3 Z  +0.2]  quat[R -37.4 P  -0.1 Y  +0.3]  pose.yaw(+off) +90.3
raw[X -37.2 Y  -0.4 Z  +0.0]  quat[R -37.2 P  -0.3 Y  +0.2]  pose.yaw(+off) +90.2
raw[X -36.1 Y  -0.6 Z  -0.2]  quat[R -36.1 P  -0.6 Y  +0.2]  pose.yaw(+off) +90.2
raw[X -37.4 Y  -0.3 Z  +0.2]  quat[R -37.4 P  -0.1 Y  +0.3]  pose.yaw(+off) +90.3
raw[X -36.1 Y  -0.5 Z  -0.2]  quat[R -36.1 P  -0.5 Y  +0.1]  pose.yaw(+off) +90.1
raw[X -36.3 Y  -0.6 Z  -0.1]  quat[R -36.3 P  -0.5 Y  +0.2]  pose.yaw(+off) +90.2
raw[X -37.4 Y  -0.4 Z  +0.2]  quat[R -37.4 P  -0.2 Y  +0.4]  pose.yaw(+off) +90.4
raw[X -37.2 Y  -0.5 Z  -0.0]  quat[R -37.2 P  -0.4 Y  +0.3]  pose.yaw(+off) +90.3
raw[X -36.3 Y  -0.5 Z  -0.1]  quat[R -36.3 P  -0.4 Y  +0.2]  pose.yaw(+off) +90.2
raw[X -37.3 Y  -0.4 Z  +0.1]  quat[R -37.3 P  -0.2 Y  +0.3]  pose.yaw(+off) +90.3
raw[X -36.1 Y  -0.5 Z  -0.2]  quat[R -36.1 P  -0.6 Y  +0.1]  pose.yaw(+off) +90.1
raw[X -37.6 Y  -0.3 Z  +0.3]  quat[R -37.6 P  -0.1 Y  +0.4]  pose.yaw(+off) +90.4
raw[X -36.1 Y  -0.6 Z  -0.2]  quat[R -36.1 P  -0.6 Y  +0.1]  pose.yaw(+off) +90.1
raw[X -36.2 Y  -0.4 Z  -0.1]  quat[R -36.2 P  -0.4 Y  +0.2]  pose.yaw(+off) +90.2
raw[X -37.3 Y  -0.4 Z  +0.1]  quat[R -37.3 P  -0.3 Y  +0.3]  pose.yaw(+off) +90.3
raw[X -36.0 Y  -0.5 Z  -0.2]  quat[R -36.0 P  -0.5 Y  +0.1]  pose.yaw(+off) +90.1
raw[X -37.6 Y  -0.3 Z  +0.2]  quat[R -37.6 P  -0.1 Y  +0.4]  pose.yaw(+off) +90.4
raw[X -37.2 Y  -0.3 Z  +0.0]  quat[R -37.2 P  -0.2 Y  +0.2]  pose.yaw(+off) +90.2
raw[X -36.1 Y  -0.5 Z  -0.1]  quat[R -36.1 P  -0.5 Y  +0.2]  pose.yaw(+off) +90.2
raw[X -37.6 Y  -0.3 Z  +0.2]  quat[R -37.6 P  -0.1 Y  +0.3]  pose.yaw(+off) +90.3
raw[X -36.1 Y  -0.5 Z  -0.1]  quat[R -36.1 P  -0.4 Y  +0.2]  pose.yaw(+off) +90.2
raw[X -37.5 Y  -0.2 Z  +0.2]  quat[R -37.5 P  -0.1 Y  +0.3]  pose.yaw(+off) +90.3
raw[X -37.2 Y  -0.5 Z  -0.0]  quat[R -37.2 P  -0.4 Y  +0.3]  pose.yaw(+off) +90.3
raw[X -36.0 Y  -0.6 Z  -0.2]  quat[R -36.0 P  -0.6 Y  +0.2]  pose.yaw(+off) +90.2
raw[X -37.5 Y  -0.3 Z  +0.2]  quat[R -37.5 P  -0.1 Y  +0.3]  pose.yaw(+off) +90.3
raw[X -36.1 Y  -0.5 Z  -0.3]  quat[R -36.1 P  -0.6 Y  +0.1]  pose.yaw(+off) +90.1
raw[X -36.2 Y  -0.5 Z  -0.2]  quat[R -36.2 P  -0.5 Y  +0.1]  pose.yaw(+off) +90.1
raw[X -37.3 Y  -0.3 Z  +0.1]  quat[R -37.3 P  -0.2 Y  +0.2]  pose.yaw(+off) +90.2
raw[X -36.2 Y  -0.5 Z  -0.1]  quat[R -36.2 P  -0.5 Y  +0.2]  pose.yaw(+off) +90.2
raw[X -37.4 Y  -0.3 Z  +0.1]  quat[R -37.4 P  -0.2 Y  +0.3]  pose.yaw(+off) +90.3
raw[X -37.2 Y  -0.5 Z  -0.0]  quat[R -37.2 P  -0.4 Y  +0.2]  pose.yaw(+off) +90.2
raw[X -36.1 Y  -0.4 Z  -0.1]  quat[R -36.1 P  -0.4 Y  +0.2]  pose.yaw(+off) +90.2
raw[X -37.6 Y  -0.2 Z  +0.3]  quat[R -37.6 P  -0.0 Y  +0.4]  pose.yaw(+off) +90.4
raw[X -36.0 Y  -0.6 Z  -0.2]  quat[R -36.0 P  -0.6 Y  +0.2]  pose.yaw(+off) +90.2
raw[X -37.5 Y  -0.2 Z  +0.2]  quat[R -37.5 P  -0.0 Y  +0.3]  pose.yaw(+off) +90.3
raw[X -37.3 Y  -0.3 Z  +0.1]  quat[R -37.3 P  -0.2 Y  +0.2]  pose.yaw(+off) +90.2
raw[X -36.2 Y  -0.5 Z  -0.2]  quat[R -36.2 P  -0.5 Y  +0.2]  pose.yaw(+off) +90.2
raw[X -37.5 Y  -0.2 Z  +0.2]  quat[R -37.5 P  -0.0 Y  +0.3]  pose.yaw(+off) +90.3
raw[X -37.1 Y  -0.4 Z  +0.0]  quat[R -37.1 P  -0.3 Y  +0.3]  pose.yaw(+off) +90.3
raw[X -36.2 Y  -0.5 Z  -0.2]  quat[R -36.2 P  -0.5 Y  +0.1]  pose.yaw(+off) +90.1
raw[X -37.5 Y  -0.3 Z  +0.1]  quat[R -37.5 P  -0.2 Y  +0.3]  pose.yaw(+off) +90.3
raw[X -36.1 Y  -0.6 Z  -0.2]  quat[R -36.1 P  -0.6 Y  +0.2]  pose.yaw(+off) +90.2
raw[X -37.6 Y  -0.2 Z  +0.3]  quat[R -37.6 P  +0.0 Y  +0.4]  pose.yaw(+off) +90.4
raw[X -36.2 Y  -0.6 Z  -0.2]  quat[R -36.2 P  -0.6 Y  +0.2]  pose.yaw(+off) +90.2
raw[X -36.1 Y  -0.5 Z  -0.2]  quat[R -36.1 P  -0.5 Y  +0.2]  pose.yaw(+off) +90.2
raw[X -37.5 Y  -0.3 Z  +0.2]  quat[R -37.5 P  -0.1 Y  +0.4]  pose.yaw(+off) +90.4
raw[X -36.0 Y  -0.5 Z  -0.3]  quat[R -36.0 P  -0.6 Y  +0.1]  pose.yaw(+off) +90.1
raw[X -37.5 Y  -0.3 Z  +0.2]  quat[R -37.5 P  -0.1 Y  +0.3]  pose.yaw(+off) +90.3
raw[X -37.4 Y  -0.3 Z  +0.2]  quat[R -37.4 P  -0.1 Y  +0.3]  pose.yaw(+off) +90.3
raw[X -36.1 Y  -0.5 Z  -0.2]  quat[R -36.1 P  -0.5 Y  +0.1]  pose.yaw(+off) +90.1
raw[X -37.5 Y  -0.3 Z  +0.3]  quat[R -37.5 P  -0.1 Y  +0.4]  pose.yaw(+off) +90.4
raw[X -37.1 Y  -0.3 Z  +0.0]  quat[R -37.1 P  -0.2 Y  +0.2]  pose.yaw(+off) +90.2
raw[X -36.3 Y  -0.5 Z  -0.1]  quat[R -36.3 P  -0.5 Y  +0.2]  pose.yaw(+off) +90.2
raw[X -37.6 Y  -0.2 Z  +0.2]  quat[R -37.6 P  -0.0 Y  +0.3]  pose.yaw(+off) +90.3
raw[X -36.0 Y  -0.6 Z  -0.2]  quat[R -36.0 P  -0.6 Y  +0.2]  pose.yaw(+off) +90.2
raw[X -37.5 Y  -0.2 Z  +0.2]  quat[R -37.5 P  -0.0 Y  +0.3]  pose.yaw(+off) +90.3
raw[X -36.2 Y  -0.6 Z  -0.2]  quat[R -36.2 P  -0.6 Y  +0.1]  pose.yaw(+off) +90.1
raw[X -37.5 Y  -0.3 Z  +0.2]  quat[R -37.5 P  -0.1 Y  +0.3]  pose.yaw(+off) +90.3
raw[X -37.4 Y  -0.4 Z  +0.1]  quat[R -37.4 P  -0.3 Y  +0.3]  pose.yaw(+off) +90.3
raw[X -36.0 Y  -0.6 Z  -0.2]  quat[R -36.0 P  -0.6 Y  +0.2]  pose.yaw(+off) +90.2
raw[X -37.6 Y  +0.2 Z  +0.3]  quat[R -37.6 P  +0.3 Y  +0.1]  pose.yaw(+off) +90.1
raw[X -37.2 Y  -0.5 Z  +0.0]  quat[R -37.2 P  -0.4 Y  +0.3]  pose.yaw(+off) +90.3
raw[X -36.2 Y  -0.5 Z  -0.1]  quat[R -36.2 P  -0.4 Y  +0.2]  pose.yaw(+off) +90.2
raw[X -37.5 Y  -0.3 Z  +0.2]  quat[R -37.5 P  -0.1 Y  +0.3]  pose.yaw(+off) +90.3
raw[X -36.1 Y  -0.6 Z  -0.2]  quat[R -36.1 P  -0.6 Y  +0.2]  pose.yaw(+off) +90.2
raw[X -37.4 Y  -0.3 Z  +0.1]  quat[R -37.4 P  -0.1 Y  +0.3]  pose.yaw(+off) +90.3
raw[X -37.4 Y  -0.2 Z  +0.2]  quat[R -37.4 P  -0.1 Y  +0.2]  pose.yaw(+off) +90.2
raw[X -36.2 Y  -0.5 Z  -0.1]  quat[R -36.2 P  -0.5 Y  +0.2]  pose.yaw(+off) +90.2
raw[X -37.4 Y  -0.3 Z  +0.2]  quat[R -37.4 P  -0.1 Y  +0.3]  pose.yaw(+off) +90.3
raw[X -36.1 Y  -0.6 Z  -0.3]  quat[R -36.1 P  -0.6 Y  +0.1]  pose.yaw(+off) +90.1
raw[X -36.1 Y  -0.6 Z  -0.2]  quat[R -36.1 P  -0.6 Y  +0.1]  pose.yaw(+off) +90.1
raw[X -37.5 Y  -0.2 Z  +0.3]  quat[R -37.5 P  +0.0 Y  +0.3]  pose.yaw(+off) +90.3
raw[X -36.2 Y  -0.6 Z  -0.3]  quat[R -36.2 P  -0.6 Y  +0.1]  pose.yaw(+off) +90.1
raw[X -37.4 Y  -0.4 Z  +0.1]  quat[R -37.4 P  -0.3 Y  +0.3]  pose.yaw(+off) +90.3
raw[X -37.4 Y  -0.3 Z  +0.2]  quat[R -37.5 P  -0.1 Y  +0.3]  pose.yaw(+off) +90.3
raw[X -36.0 Y  -0.6 Z  -0.3]  quat[R -36.0 P  -0.7 Y  +0.1]  pose.yaw(+off) +90.1
raw[X -37.4 Y  -0.3 Z  +0.2]  quat[R -37.4 P  -0.1 Y  +0.3]  pose.yaw(+off) +90.3
raw[X -36.1 Y  -0.5 Z  -0.2]  quat[R -36.1 P  -0.6 Y  +0.1]  pose.yaw(+off) +90.1
raw[X -36.3 Y  -0.5 Z  -0.1]  quat[R -36.3 P  -0.5 Y  +0.2]  pose.yaw(+off) +90.2
raw[X -37.4 Y  -0.4 Z  +0.1]  quat[R -37.4 P  -0.2 Y  +0.3]  pose.yaw(+off) +90.3
raw[X -36.1 Y  -0.5 Z  -0.3]  quat[R -36.1 P  -0.6 Y  +0.1]  pose.yaw(+off) +90.1
raw[X -37.4 Y  -0.2 Z  +0.2]  quat[R -37.4 P  +0.0 Y  +0.3]  pose.yaw(+off) +90.3
raw[X -37.3 Y  -0.4 Z  +0.0]  quat[R -37.3 P  -0.3 Y  +0.2]  pose.yaw(+off) +90.2
raw[X -36.0 Y  -0.5 Z  -0.2]  quat[R -36.0 P  -0.5 Y  +0.2]  pose.yaw(+off) +90.2
raw[X -37.4 Y  -0.3 Z  +0.2]  quat[R -37.4 P  -0.1 Y  +0.3]  pose.yaw(+off) +90.3
raw[X -36.1 Y  -0.6 Z  -0.3]  quat[R -36.1 P  -0.6 Y  +0.1]  pose.yaw(+off) +90.1
raw[X -36.3 Y  -0.5 Z  -0.1]  quat[R -36.3 P  -0.4 Y  +0.2]  pose.yaw(+off) +90.2
raw[X -37.5 Y  -0.2 Z  +0.2]  quat[R -37.5 P  -0.1 Y  +0.3]  pose.yaw(+off) +90.3
raw[X -36.2 Y  -0.5 Z  -0.2]  quat[R -36.2 P  -0.5 Y  +0.2]  pose.yaw(+off) +90.2
raw[X -37.5 Y  -0.2 Z  +0.2]  quat[R -37.5 P  -0.1 Y  +0.3]  pose.yaw(+off) +90.3
raw[X -37.2 Y  -0.4 Z  -0.0]  quat[R -37.2 P  -0.3 Y  +0.2]  pose.yaw(+off) +90.2
raw[X -36.1 Y  -0.6 Z  -0.2]  quat[R -36.1 P  -0.6 Y  +0.2]  pose.yaw(+off) +90.2
raw[X -37.4 Y  -0.3 Z  +0.2]  quat[R -37.4 P  -0.1 Y  +0.3]  pose.yaw(+off) +90.3
raw[X -37.0 Y  -0.4 Z  -0.1]  quat[R -37.0 P  -0.4 Y  +0.2]  pose.yaw(+off) +90.2
raw[X -37.5 Y  -0.3 Z  +0.2]  quat[R -37.5 P  -0.2 Y  +0.3]  pose.yaw(+off) +90.3
raw[X -37.3 Y  -0.4 Z  +0.1]  quat[R -37.3 P  -0.3 Y  +0.3]  pose.yaw(+off) +90.3
raw[X -36.1 Y  -0.5 Z  -0.2]  quat[R -36.1 P  -0.5 Y  +0.2]  pose.yaw(+off) +90.2
raw[X -37.3 Y  -0.3 Z  +0.2]  quat[R -37.3 P  -0.1 Y  +0.3]  pose.yaw(+off) +90.3
raw[X -37.2 Y  -0.4 Z  -0.0]  quat[R -37.2 P  -0.4 Y  +0.2]  pose.yaw(+off) +90.2
raw[X -37.1 Y  -0.3 Z  -0.0]  quat[R -37.1 P  -0.2 Y  +0.2]  pose.yaw(+off) +90.2
raw[X -37.5 Y  -0.2 Z  +0.2]  quat[R -37.5 P  -0.1 Y  +0.3]  pose.yaw(+off) +90.3
raw[X -36.2 Y  -0.6 Z  -0.2]  quat[R -36.2 P  -0.6 Y  +0.2]  pose.yaw(+off) +90.2
raw[X -37.4 Y  -0.3 Z  +0.1]  quat[R -37.4 P  -0.2 Y  +0.3]  pose.yaw(+off) +90.3
raw[X -37.4 Y  -0.3 Z  +0.2]  quat[R -37.4 P  -0.1 Y  +0.3]  pose.yaw(+off) +90.3
raw[X -36.1 Y  -0.5 Z  -0.2]  quat[R -36.1 P  -0.5 Y  +0.2]  pose.yaw(+off) +90.2
raw[X -37.5 Y  -0.2 Z  +0.2]  quat[R -37.5 P  -0.1 Y  +0.3]  pose.yaw(+off) +90.3
raw[X -36.2 Y  -0.6 Z  -0.2]  quat[R -36.2 P  -0.6 Y  +0.1]  pose.yaw(+off) +90.1
raw[X -36.2 Y  -0.5 Z  -0.1]  quat[R -36.2 P  -0.4 Y  +0.2]  pose.yaw(+off) +90.2
raw[X -37.3 Y  -0.3 Z  +0.1]  quat[R -37.3 P  -0.2 Y  +0.3]  pose.yaw(+off) +90.3
raw[X -37.1 Y  -0.4 Z  -0.0]  quat[R -37.1 P  -0.4 Y  +0.2]  pose.yaw(+off) +90.2
raw[X -37.4 Y  -0.3 Z  +0.2]  quat[R -37.4 P  -0.1 Y  +0.3]  pose.yaw(+off) +90.3
raw[X -37.3 Y  -0.4 Z  +0.0]  quat[R -37.3 P  -0.3 Y  +0.2]  pose.yaw(+off) +90.2
raw[X -36.2 Y  -0.6 Z  -0.2]  quat[R -36.2 P  -0.6 Y  +0.2]  pose.yaw(+off) +90.2
raw[X -37.4 Y  -0.3 Z  +0.1]  quat[R -37.4 P  -0.2 Y  +0.3]  pose.yaw(+off) +90.3
raw[X -36.1 Y  -0.6 Z  -0.3]  quat[R -36.1 P  -0.6 Y  +0.1]  pose.yaw(+off) +90.1
raw[X -36.2 Y  -0.5 Z  -0.1]  quat[R -36.2 P  -0.5 Y  +0.2]  pose.yaw(+off) +90.2
raw[X -37.4 Y  -0.4 Z  +0.1]  quat[R -37.4 P  -0.2 Y  +0.3]  pose.yaw(+off) +90.3
raw[X -36.1 Y  -0.6 Z  -0.2]  quat[R -36.1 P  -0.6 Y  +0.2]  pose.yaw(+off) +90.2
raw[X -37.7 Y  -0.3 Z  +0.2]  quat[R -37.7 P  -0.1 Y  +0.4]  pose.yaw(+off) +90.4
raw[X -37.3 Y  -0.3 Z  +0.1]  quat[R -37.3 P  -0.2 Y  +0.3]  pose.yaw(+off) +90.3
raw[X -36.2 Y  -0.5 Z  -0.2]  quat[R -36.2 P  -0.5 Y  +0.2]  pose.yaw(+off) +90.2
raw[X -37.4 Y  -0.2 Z  +0.1]  quat[R -37.4 P  -0.1 Y  +0.3]  pose.yaw(+off) +90.3
raw[X -37.2 Y  -0.3 Z  +0.0]  quat[R -37.2 P  -0.2 Y  +0.2]  pose.yaw(+off) +90.2
raw[X -36.2 Y  -0.5 Z  -0.2]  quat[R -36.2 P  -0.5 Y  +0.2]  pose.yaw(+off) +90.2
raw[X -37.5 Y  -0.2 Z  +0.2]  quat[R -37.5 P  -0.0 Y  +0.3]  pose.yaw(+off) +90.3
raw[X -36.1 Y  -0.6 Z  -0.3]  quat[R -36.1 P  -0.6 Y  +0.1]  pose.yaw(+off) +90.1
raw[X -37.4 Y  -0.3 Z  +0.2]  quat[R -37.4 P  -0.1 Y  +0.3]  pose.yaw(+off) +90.3
raw[X -37.2 Y  -0.4 Z  -0.0]  quat[R -37.2 P  -0.3 Y  +0.2]  pose.yaw(+off) +90.2
raw[X -36.2 Y  -0.5 Z  -0.1]  quat[R -36.2 P  -0.5 Y  +0.2]  pose.yaw(+off) +90.2
raw[X -36.2 Y  -0.4 Z  -0.1]  quat[R -36.2 P  -0.4 Y  +0.2]  pose.yaw(+off) +90.2
raw[X -37.3 Y  -0.4 Z  -0.0]  quat[R -37.3 P  -0.3 Y  +0.2]  pose.yaw(+off) +90.2
raw[X -36.3 Y  -0.5 Z  -0.2]  quat[R -36.3 P  -0.5 Y  +0.2]  pose.yaw(+off) +90.2
raw[X -37.4 Y  -0.3 Z  +0.1]  quat[R -37.4 P  -0.2 Y  +0.3]  pose.yaw(+off) +90.3
raw[X -36.2 Y  -0.6 Z  -0.3]  quat[R -36.2 P  -0.6 Y  +0.1]  pose.yaw(+off) +90.1
raw[X -37.3 Y  -0.3 Z  +0.1]  quat[R -37.3 P  -0.2 Y  +0.2]  pose.yaw(+off) +90.2
raw[X -37.3 Y  -0.3 Z  +0.0]  quat[R -37.3 P  -0.2 Y  +0.2]  pose.yaw(+off) +90.2
raw[X -37.2 Y  -0.3 Z  +0.1]  quat[R -37.2 P  -0.2 Y  +0.2]  pose.yaw(+off) +90.2
raw[X -37.4 Y  -0.3 Z  +0.2]  quat[R -37.4 P  -0.1 Y  +0.3]  pose.yaw(+off) +90.3
raw[X -37.3 Y  -0.3 Z  +0.0]  quat[R -37.3 P  -0.2 Y  +0.2]  pose.yaw(+off) +90.2
raw[X -36.2 Y  -0.5 Z  -0.2]  quat[R -36.2 P  -0.5 Y  +0.2]  pose.yaw(+off) +90.2
raw[X -37.4 Y  -0.4 Z  +0.1]  quat[R -37.4 P  -0.2 Y  +0.3]  pose.yaw(+off) +90.3
raw[X -36.0 Y  -0.7 Z  -0.3]  quat[R -36.0 P  -0.7 Y  +0.2]  pose.yaw(+off) +90.2
raw[X -37.4 Y  -0.3 Z  +0.2]  quat[R -37.4 P  -0.1 Y  +0.3]  pose.yaw(+off) +90.3
raw[X -37.3 Y  -0.4 Z  +0.0]  quat[R -37.3 P  -0.3 Y  +0.3]  pose.yaw(+off) +90.3
raw[X -36.1 Y  -0.5 Z  -0.2]  quat[R -36.1 P  -0.5 Y  +0.2]  pose.yaw(+off) +90.2
raw[X -37.5 Y  -0.3 Z  +0.1]  quat[R -37.5 P  -0.1 Y  +0.3]  pose.yaw(+off) +90.3
raw[X -36.1 Y  -0.3 Z  -0.2]  quat[R -36.1 P  -0.4 Y  +0.0]  pose.yaw(+off) +90.0
raw[X -37.5 Y  -0.2 Z  +0.2]  quat[R -37.5 P  -0.1 Y  +0.3]  pose.yaw(+off) +90.3
raw[X -37.2 Y  -0.3 Z  +0.0]  quat[R -37.2 P  -0.2 Y  +0.2]  pose.yaw(+off) +90.2
raw[X -36.0 Y  -0.6 Z  -0.2]  quat[R -36.0 P  -0.6 Y  +0.2]  pose.yaw(+off) +90.2
raw[X -37.5 Y  -0.3 Z  +0.2]  quat[R -37.5 P  -0.1 Y  +0.3]  pose.yaw(+off) +90.3
raw[X -36.2 Y  -0.6 Z  -0.2]  quat[R -36.2 P  -0.6 Y  +0.2]  pose.yaw(+off) +90.2
raw[X -36.2 Y  -0.6 Z  -0.2]  quat[R -36.2 P  -0.5 Y  +0.2]  pose.yaw(+off) +90.2
raw[X -37.2 Y  -0.3 Z  +0.1]  quat[R -37.2 P  -0.2 Y  +0.3]  pose.yaw(+off) +90.3
raw[X -36.2 Y  -0.5 Z  -0.2]  quat[R -36.2 P  -0.5 Y  +0.2]  pose.yaw(+off) +90.2
raw[X -37.4 Y  -0.3 Z  +0.2]  quat[R -37.4 P  -0.1 Y  +0.4]  pose.yaw(+off) +90.4
raw[X -36.1 Y  -0.5 Z  -0.2]  quat[R -36.1 P  -0.5 Y  +0.1]  pose.yaw(+off) +90.1
raw[X -37.2 Y  -0.2 Z  +0.1]  quat[R -37.2 P  -0.1 Y  +0.2]  pose.yaw(+off) +90.2
raw[X -37.2 Y  -0.3 Z  +0.1]  quat[R -37.2 P  -0.2 Y  +0.3]  pose.yaw(+off) +90.3
raw[X -36.1 Y  -0.6 Z  -0.3]  quat[R -36.1 P  -0.6 Y  +0.1]  pose.yaw(+off) +90.1
raw[X -36.3 Y  -0.5 Z  -0.1]  quat[R -36.3 P  -0.5 Y  +0.2]  pose.yaw(+off) +90.2
raw[X -37.4 Y  -0.2 Z  +0.2]  quat[R -37.4 P  -0.1 Y  +0.3]  pose.yaw(+off) +90.3
raw[X -37.3 Y  -0.4 Z  +0.0]  quat[R -37.3 P  -0.3 Y  +0.3]  pose.yaw(+off) +90.3
raw[X -37.4 Y  -0.3 Z  +0.1]  quat[R -37.4 P  -0.2 Y  +0.3]  pose.yaw(+off) +90.3
raw[X -37.2 Y  -0.3 Z  +0.0]  quat[R -37.2 P  -0.2 Y  +0.2]  pose.yaw(+off) +90.2
raw[X -36.2 Y  -0.5 Z  -0.1]  quat[R -36.2 P  -0.5 Y  +0.2]  pose.yaw(+off) +90.2
raw[X -37.2 Y  -0.4 Z  +0.0]  quat[R -37.2 P  -0.3 Y  +0.3]  pose.yaw(+off) +90.3
raw[X -36.2 Y  -0.5 Z  -0.1]  quat[R -36.2 P  -0.5 Y  +0.2]  pose.yaw(+off) +90.2
raw[X -37.5 Y  -0.2 Z  +0.2]  quat[R -37.5 P  -0.1 Y  +0.3]  pose.yaw(+off) +90.3
raw[X -37.2 Y  -0.4 Z  +0.1]  quat[R -37.2 P  -0.3 Y  +0.3]  pose.yaw(+off) +90.3
raw[X -36.2 Y  -0.6 Z  -0.2]  quat[R -36.2 P  -0.6 Y  +0.2]  pose.yaw(+off) +90.2
raw[X -37.4 Y  -0.3 Z  +0.1]  quat[R -37.4 P  -0.2 Y  +0.3]  pose.yaw(+off) +90.3
raw[X -36.1 Y  -0.5 Z  -0.2]  quat[R -36.1 P  -0.5 Y  +0.1]  pose.yaw(+off) +90.1
raw[X -37.3 Y  -0.4 Z  +0.1]  quat[R -37.3 P  -0.2 Y  +0.3]  pose.yaw(+off) +90.3
raw[X -37.3 Y  -0.3 Z  +0.0]  quat[R -37.3 P  -0.2 Y  +0.2]  pose.yaw(+off) +90.2
raw[X -37.3 Y  -0.3 Z  +0.2]  quat[R -37.3 P  -0.2 Y  +0.3]  pose.yaw(+off) +90.3
raw[X -37.3 Y  -0.3 Z  +0.1]  quat[R -37.3 P  -0.2 Y  +0.3]  pose.yaw(+off) +90.3
raw[X -37.3 Y  -0.3 Z  +0.0]  quat[R -37.3 P  -0.2 Y  +0.2]  pose.yaw(+off) +90.2
raw[X -36.3 Y  -0.5 Z  -0.1]  quat[R -36.3 P  -0.5 Y  +0.2]  pose.yaw(+off) +90.2
raw[X -37.4 Y  -0.3 Z  +0.1]  quat[R -37.4 P  -0.1 Y  +0.3]  pose.yaw(+off) +90.3
raw[X -36.1 Y  -0.6 Z  -0.3]  quat[R -36.1 P  -0.6 Y  +0.1]  pose.yaw(+off) +90.1
raw[X -37.5 Y  -0.3 Z  +0.2]  quat[R -37.5 P  -0.1 Y  +0.3]  pose.yaw(+off) +90.3
raw[X -37.2 Y  -0.4 Z  +0.0]  quat[R -37.2 P  -0.3 Y  +0.2]  pose.yaw(+off) +90.2
raw[X -36.2 Y  -0.5 Z  -0.1]  quat[R -36.2 P  -0.5 Y  +0.2]  pose.yaw(+off) +90.2
raw[X -37.4 Y  -0.3 Z  +0.1]  quat[R -37.4 P  -0.2 Y  +0.3]  pose.yaw(+off) +90.3
raw[X -36.2 Y  -0.5 Z  -0.1]  quat[R -36.2 P  -0.4 Y  +0.2]  pose.yaw(+off) +90.2
raw[X -37.3 Y  -0.3 Z  +0.1]  quat[R -37.3 P  -0.2 Y  +0.3]  pose.yaw(+off) +90.3
raw[X -37.3 Y  -0.3 Z  +0.1]  quat[R -37.3 P  -0.2 Y  +0.3]  pose.yaw(+off) +90.3
raw[X -36.1 Y  -0.5 Z  -0.2]  quat[R -36.1 P  -0.6 Y  +0.1]  pose.yaw(+off) +90.1
raw[X -37.4 Y  -0.3 Z  +0.2]  quat[R -37.4 P  -0.1 Y  +0.3]  pose.yaw(+off) +90.3
raw[X -36.2 Y  -0.5 Z  -0.2]  quat[R -36.2 P  -0.6 Y  +0.1]  pose.yaw(+off) +90.1
raw[X -37.3 Y  -0.3 Z  +0.1]  quat[R -37.3 P  -0.2 Y  +0.3]  pose.yaw(+off) +90.3
raw[X -37.2 Y  -0.3 Z  +0.1]  quat[R -37.2 P  -0.2 Y  +0.3]  pose.yaw(+off) +90.3
raw[X -36.3 Y  -0.5 Z  -0.1]  quat[R -36.3 P  -0.4 Y  +0.2]  pose.yaw(+off) +90.2
raw[X -37.4 Y  -0.3 Z  +0.1]  quat[R -37.4 P  -0.2 Y  +0.3]  pose.yaw(+off) +90.3
raw[X -37.3 Y  -0.4 Z  +0.1]  quat[R -37.3 P  -0.3 Y  +0.3]  pose.yaw(+off) +90.3
raw[X -37.2 Y  -0.4 Z  -0.0]  quat[R -37.2 P  -0.3 Y  +0.2]  pose.yaw(+off) +90.2
raw[X -37.5 Y  -0.2 Z  +0.2]  quat[R -37.5 P  -0.1 Y  +0.3]  pose.yaw(+off) +90.3
raw[X -37.2 Y  -0.4 Z  -0.0]  quat[R -37.2 P  -0.4 Y  +0.3]  pose.yaw(+off) +90.3
raw[X -37.5 Y  -0.3 Z  +0.2]  quat[R -37.5 P  -0.1 Y  +0.3]  pose.yaw(+off) +90.3
raw[X -37.3 Y  -0.3 Z  +0.1]  quat[R -37.3 P  -0.1 Y  +0.3]  pose.yaw(+off) +90.3
raw[X -36.3 Y  -0.5 Z  -0.2]  quat[R -36.3 P  -0.5 Y  +0.2]  pose.yaw(+off) +90.2
raw[X -37.4 Y  -0.3 Z  +0.1]  quat[R -37.4 P  -0.2 Y  +0.3]  pose.yaw(+off) +90.3
raw[X -36.2 Y  -0.6 Z  -0.2]  quat[R -36.2 P  -0.6 Y  +0.2]  pose.yaw(+off) +90.2
raw[X -37.3 Y  -0.4 Z  +0.1]  quat[R -37.3 P  -0.3 Y  +0.3]  pose.yaw(+off) +90.3
raw[X -37.3 Y  -0.3 Z  +0.1]  quat[R -37.3 P  -0.2 Y  +0.3]  pose.yaw(+off) +90.3
raw[X -37.3 Y  -0.3 Z  +0.0]  quat[R -37.3 P  -0.2 Y  +0.2]  pose.yaw(+off) +90.2
raw[X -37.3 Y  -0.2 Z  +0.1]  quat[R -37.3 P  -0.1 Y  +0.3]  pose.yaw(+off) +90.3
raw[X -37.4 Y  -0.3 Z  +0.1]  quat[R -37.4 P  -0.2 Y  +0.3]  pose.yaw(+off) +90.3
raw[X -37.2 Y  -0.4 Z  +0.0]  quat[R -37.2 P  -0.3 Y  +0.2]  pose.yaw(+off) +90.2
raw[X -37.4 Y  -0.2 Z  +0.2]  quat[R -37.4 P  -0.1 Y  +0.3]  pose.yaw(+off) +90.3
raw[X -37.3 Y  -0.4 Z  +0.0]  quat[R -37.3 P  -0.3 Y  +0.2]  pose.yaw(+off) +90.2
raw[X -36.3 Y  -0.6 Z  -0.2]  quat[R -36.3 P  -0.6 Y  +0.2]  pose.yaw(+off) +90.2
raw[X -37.4 Y  -0.4 Z  +0.1]  quat[R -37.4 P  -0.2 Y  +0.3]  pose.yaw(+off) +90.3
raw[X -37.2 Y  -0.3 Z  +0.1]  quat[R -37.2 P  -0.2 Y  +0.2]  pose.yaw(+off) +90.2
raw[X -36.4 Y  -0.5 Z  -0.1]  quat[R -36.4 P  -0.5 Y  +0.2]  pose.yaw(+off) +90.2
raw[X -37.4 Y  -0.4 Z  +0.1]  quat[R -37.4 P  -0.3 Y  +0.3]  pose.yaw(+off) +90.3
raw[X -36.1 Y  -0.5 Z  -0.1]  quat[R -36.1 P  -0.4 Y  +0.2]  pose.yaw(+off) +90.2
raw[X -37.4 Y  -0.2 Z  +0.2]  quat[R -37.4 P  -0.1 Y  +0.2]  pose.yaw(+off) +90.2
raw[X -36.2 Y  -0.6 Z  -0.3]  quat[R -36.2 P  -0.7 Y  +0.1]  pose.yaw(+off) +90.1
raw[X -37.5 Y  -0.2 Z  +0.2]  quat[R -37.5 P  -0.0 Y  +0.3]  pose.yaw(+off) +90.3
raw[X -37.2 Y  -0.4 Z  +0.1]  quat[R -37.2 P  -0.3 Y  +0.3]  pose.yaw(+off) +90.3
raw[X -36.1 Y  -0.5 Z  -0.1]  quat[R -36.1 P  -0.5 Y  +0.2]  pose.yaw(+off) +90.2
raw[X -37.3 Y  -0.3 Z  +0.1]  quat[R -37.3 P  -0.2 Y  +0.3]  pose.yaw(+off) +90.3
raw[X -37.3 Y  -0.4 Z  +0.1]  quat[R -37.3 P  -0.3 Y  +0.3]  pose.yaw(+off) +90.3
raw[X -36.2 Y  -0.6 Z  -0.2]  quat[R -36.2 P  -0.6 Y  +0.2]  pose.yaw(+off) +90.2
raw[X -37.3 Y  -0.3 Z  +0.1]  quat[R -37.3 P  -0.2 Y  +0.2]  pose.yaw(+off) +90.2
raw[X -36.2 Y  -0.6 Z  -0.2]  quat[R -36.2 P  -0.6 Y  +0.2]  pose.yaw(+off) +90.2
raw[X -37.4 Y  -0.3 Z  +0.1]  quat[R -37.4 P  -0.2 Y  +0.3]  pose.yaw(+off) +90.3
raw[X -37.3 Y  -0.4 Z  +0.1]  quat[R -37.3 P  -0.3 Y  +0.3]  pose.yaw(+off) +90.3
raw[X -36.3 Y  -0.5 Z  -0.2]  quat[R -36.3 P  -0.5 Y  +0.2]  pose.yaw(+off) +90.2
raw[X -37.4 Y  -0.3 Z  +0.2]  quat[R -37.4 P  -0.2 Y  +0.4]  pose.yaw(+off) +90.4
raw[X -37.3 Y  -0.4 Z  +0.1]  quat[R -37.3 P  -0.3 Y  +0.3]  pose.yaw(+off) +90.3
raw[X -36.3 Y  -0.6 Z  -0.2]  quat[R -36.3 P  -0.6 Y  +0.2]  pose.yaw(+off) +90.2
raw[X -37.2 Y  -0.4 Z  +0.0]  quat[R -37.2 P  -0.3 Y  +0.2]  pose.yaw(+off) +90.2
raw[X -37.2 Y  -0.3 Z  +0.1]  quat[R -37.2 P  -0.2 Y  +0.2]  pose.yaw(+off) +90.2
raw[X -36.4 Y  -0.4 Z  -0.1]  quat[R -36.4 P  -0.4 Y  +0.1]  pose.yaw(+off) +90.1
raw[X -37.3 Y  -0.4 Z  +0.0]  quat[R -37.3 P  -0.3 Y  +0.2]  pose.yaw(+off) +90.2
raw[X -37.2 Y  -0.3 Z  +0.0]  quat[R -37.2 P  -0.2 Y  +0.2]  pose.yaw(+off) +90.2
raw[X -37.5 Y  -0.2 Z  +0.2]  quat[R -37.5 P  -0.1 Y  +0.3]  pose.yaw(+off) +90.3
raw[X -36.2 Y  -0.5 Z  -0.2]  quat[R -36.2 P  -0.5 Y  +0.1]  pose.yaw(+off) +90.1
raw[X -37.3 Y  -0.4 Z  +0.1]  quat[R -37.3 P  -0.2 Y  +0.3]  pose.yaw(+off) +90.3
raw[X -36.2 Y  -0.5 Z  -0.2]  quat[R -36.2 P  -0.5 Y  +0.1]  pose.yaw(+off) +90.1
raw[X -37.2 Y  -0.4 Z  +0.0]  quat[R -37.2 P  -0.3 Y  +0.3]  pose.yaw(+off) +90.3
raw[X -37.3 Y  -0.3 Z  +0.1]  quat[R -37.3 P  -0.2 Y  +0.3]  pose.yaw(+off) +90.3
raw[X -37.2 Y  -0.4 Z  +0.0]  quat[R -37.2 P  -0.3 Y  +0.3]  pose.yaw(+off) +90.3
raw[X -37.3 Y  -0.3 Z  +0.2]  quat[R -37.3 P  -0.1 Y  +0.3]  pose.yaw(+off) +90.3
raw[X -37.4 Y  -0.3 Z  +0.1]  quat[R -37.4 P  -0.2 Y  +0.2]  pose.yaw(+off) +90.2
raw[X -36.1 Y  -0.6 Z  -0.3]  quat[R -36.1 P  -0.6 Y  +0.2]  pose.yaw(+off) +90.2
raw[X -37.3 Y  -0.4 Z  +0.1]  quat[R -37.3 P  -0.3 Y  +0.3]  pose.yaw(+off) +90.3
raw[X -37.4 Y  -0.3 Z  +0.1]  quat[R -37.4 P  -0.2 Y  +0.2]  pose.yaw(+off) +90.2
raw[X -36.3 Y  -0.5 Z  -0.2]  quat[R -36.3 P  -0.5 Y  +0.2]  pose.yaw(+off) +90.2
raw[X -37.3 Y  -0.3 Z  +0.1]  quat[R -37.3 P  -0.2 Y  +0.2]  pose.yaw(+off) +90.2
raw[X -37.2 Y  -0.4 Z  +0.0]  quat[R -37.2 P  -0.3 Y  +0.3]  pose.yaw(+off) +90.3
raw[X -37.5 Y  -0.3 Z  +0.2]  quat[R -37.5 P  -0.1 Y  +0.3]  pose.yaw(+off) +90.3
raw[X -37.3 Y  -0.3 Z  +0.0]  quat[R -37.3 P  -0.3 Y  +0.2]  pose.yaw(+off) +90.2
raw[X -36.3 Y  -0.5 Z  -0.1]  quat[R -36.3 P  -0.5 Y  +0.2]  pose.yaw(+off) +90.2
raw[X -37.3 Y  -0.3 Z  +0.1]  quat[R -37.3 P  -0.2 Y  +0.3]  pose.yaw(+off) +90.3
raw[X -36.2 Y  -0.6 Z  -0.2]  quat[R -36.2 P  -0.6 Y  +0.2]  pose.yaw(+off) +90.2
raw[X -37.3 Y  -0.3 Z  +0.1]  quat[R -37.3 P  -0.2 Y  +0.2]  pose.yaw(+off) +90.2
raw[X -36.3 Y  -0.5 Z  -0.1]  quat[R -36.3 P  -0.5 Y  +0.2]  pose.yaw(+off) +90.2
raw[X -37.2 Y  -0.4 Z  -0.0]  quat[R -37.2 P  -0.3 Y  +0.2]  pose.yaw(+off) +90.2
raw[X -37.4 Y  -0.4 Z  +0.2]  quat[R -37.4 P  -0.2 Y  +0.3]  pose.yaw(+off) +90.3
raw[X -36.2 Y  -0.6 Z  -0.2]  quat[R -36.2 P  -0.6 Y  +0.2]  pose.yaw(+off) +90.2
raw[X -36.2 Y  -0.5 Z  -0.1]  quat[R -36.2 P  -0.5 Y  +0.2]  pose.yaw(+off) +90.2
raw[X -37.2 Y  -0.4 Z  +0.0]  quat[R -37.2 P  -0.3 Y  +0.2]  pose.yaw(+off) +90.2
raw[X -36.1 Y  -0.7 Z  -0.3]  quat[R -36.1 P  -0.7 Y  +0.2]  pose.yaw(+off) +90.2
raw[X -37.4 Y  -0.3 Z  +0.1]  quat[R -37.4 P  -0.2 Y  +0.3]  pose.yaw(+off) +90.3
raw[X -37.2 Y  -0.4 Z  +0.0]  quat[R -37.2 P  -0.3 Y  +0.3]  pose.yaw(+off) +90.3
raw[X -37.2 Y  -0.3 Z  +0.1]  quat[R -37.2 P  -0.2 Y  +0.2]  pose.yaw(+off) +90.2
raw[X -37.4 Y  -0.2 Z  +0.2]  quat[R -37.4 P  -0.1 Y  +0.3]  pose.yaw(+off) +90.3
raw[X -36.3 Y  -0.5 Z  -0.2]  quat[R -36.3 P  -0.5 Y  +0.2]  pose.yaw(+off) +90.2
raw[X -37.2 Y  -0.4 Z  +0.0]  quat[R -37.2 P  -0.3 Y  +0.2]  pose.yaw(+off) +90.2
raw[X -37.3 Y  -0.3 Z  +0.1]  quat[R -37.3 P  -0.2 Y  +0.2]  pose.yaw(+off) +90.2
raw[X -37.4 Y  -0.3 Z  +0.1]  quat[R -37.4 P  -0.2 Y  +0.3]  pose.yaw(+off) +90.3
raw[X -37.2 Y  -0.4 Z  +0.0]  quat[R -37.2 P  -0.3 Y  +0.3]  pose.yaw(+off) +90.3
raw[X -37.3 Y  -0.4 Z  +0.1]  quat[R -37.3 P  -0.2 Y  +0.3]  pose.yaw(+off) +90.3
raw[X -37.2 Y  -0.4 Z  +0.0]  quat[R -37.2 P  -0.3 Y  +0.3]  pose.yaw(+off) +90.3
raw[X -37.4 Y  -0.3 Z  +0.1]  quat[R -37.4 P  -0.2 Y  +0.3]  pose.yaw(+off) +90.3
raw[X -37.3 Y  -0.4 Z  -0.0]  quat[R -37.3 P  -0.3 Y  +0.2]  pose.yaw(+off) +90.2
raw[X -36.2 Y  -0.6 Z  -0.2]  quat[R -36.2 P  -0.6 Y  +0.2]  pose.yaw(+off) +90.2
raw[X -37.3 Y  -0.3 Z  +0.1]  quat[R -37.3 P  -0.2 Y  +0.3]  pose.yaw(+off) +90.3
raw[X -36.1 Y  -0.5 Z  -0.1]  quat[R -36.1 P  -0.5 Y  +0.2]  pose.yaw(+off) +90.2
raw[X -37.3 Y  -0.3 Z  +0.0]  quat[R -37.3 P  -0.2 Y  +0.2]  pose.yaw(+off) +90.2
raw[X -36.1 Y  -0.5 Z  -0.2]  quat[R -36.1 P  -0.5 Y  +0.1]  pose.yaw(+off) +90.1
raw[X -37.4 Y  -0.3 Z  +0.1]  quat[R -37.4 P  -0.2 Y  +0.3]  pose.yaw(+off) +90.3
raw[X -37.2 Y  -0.3 Z  +0.1]  quat[R -37.2 P  -0.2 Y  +0.3]  pose.yaw(+off) +90.3
raw[X -36.1 Y  -0.6 Z  -0.2]  quat[R -36.1 P  -0.5 Y  +0.2]  pose.yaw(+off) +90.2
raw[X -36.3 Y  -0.5 Z  -0.1]  quat[R -36.3 P  -0.5 Y  +0.2]  pose.yaw(+off) +90.2
raw[X -37.2 Y  -0.4 Z  +0.0]  quat[R -37.2 P  -0.3 Y  +0.2]  pose.yaw(+off) +90.2
raw[X -37.3 Y  -0.3 Z  +0.0]  quat[R -37.3 P  -0.3 Y  +0.2]  pose.yaw(+off) +90.2
raw[X -37.3 Y  -0.3 Z  +0.1]  quat[R -37.3 P  -0.2 Y  +0.2]  pose.yaw(+off) +90.2
raw[X -36.1 Y  -0.6 Z  -0.2]  quat[R -36.1 P  -0.6 Y  +0.2]  pose.yaw(+off) +90.2
raw[X -37.3 Y  -0.4 Z  +0.1]  quat[R -37.3 P  -0.3 Y  +0.3]  pose.yaw(+off) +90.3
raw[X -37.2 Y  -0.4 Z  -0.0]  quat[R -37.2 P  -0.3 Y  +0.2]  pose.yaw(+off) +90.2
raw[X -36.2 Y  -0.5 Z  -0.1]  quat[R -36.2 P  -0.5 Y  +0.2]  pose.yaw(+off) +90.2
raw[X -36.3 Y  -0.5 Z  -0.1]  quat[R -36.3 P  -0.5 Y  +0.2]  pose.yaw(+off) +90.2
raw[X -37.2 Y  -0.4 Z  -0.0]  quat[R -37.2 P  -0.4 Y  +0.3]  pose.yaw(+off) +90.3
raw[X -36.3 Y  -0.6 Z  -0.2]  quat[R -36.3 P  -0.6 Y  +0.2]  pose.yaw(+off) +90.2
raw[X -37.3 Y  -0.4 Z  +0.0]  quat[R -37.3 P  -0.3 Y  +0.3]  pose.yaw(+off) +90.3
raw[X -36.3 Y  -0.5 Z  -0.1]  quat[R -36.3 P  -0.5 Y  +0.2]  pose.yaw(+off) +90.2
raw[X -37.5 Y  -0.3 Z  +0.2]  quat[R -37.5 P  -0.2 Y  +0.3]  pose.yaw(+off) +90.3
raw[X -37.2 Y  -0.5 Z  +0.0]  quat[R -37.2 P  -0.4 Y  +0.3]  pose.yaw(+off) +90.3
raw[X -36.3 Y  -0.6 Z  -0.1]  quat[R -36.3 P  -0.5 Y  +0.2]  pose.yaw(+off) +90.2
raw[X -37.3 Y  -0.3 Z  +0.1]  quat[R -37.3 P  -0.2 Y  +0.3]  pose.yaw(+off) +90.3
raw[X -36.2 Y  -0.6 Z  -0.2]  quat[R -36.2 P  -0.6 Y  +0.2]  pose.yaw(+off) +90.2
raw[X -37.4 Y  -0.3 Z  +0.2]  quat[R -37.4 P  -0.1 Y  +0.3]  pose.yaw(+off) +90.3
raw[X -37.2 Y  -0.3 Z  +0.0]  quat[R -37.2 P  -0.2 Y  +0.2]  pose.yaw(+off) +90.2
raw[X -37.3 Y  -0.3 Z  +0.1]  quat[R -37.3 P  -0.2 Y  +0.3]  pose.yaw(+off) +90.3
raw[X -37.3 Y  -0.3 Z  +0.1]  quat[R -37.3 P  -0.2 Y  +0.3]  pose.yaw(+off) +90.3
raw[X -36.2 Y  -0.6 Z  -0.2]  quat[R -36.2 P  -0.6 Y  +0.2]  pose.yaw(+off) +90.2
raw[X -36.3 Y  -0.5 Z  -0.1]  quat[R -36.3 P  -0.5 Y  +0.2]  pose.yaw(+off) +90.2
raw[X -36.2 Y  -0.5 Z  -0.2]  quat[R -36.2 P  -0.6 Y  +0.1]  pose.yaw(+off) +90.1
raw[X -36.2 Y  -0.5 Z  -0.2]  quat[R -36.2 P  -0.5 Y  +0.2]  pose.yaw(+off) +90.2
raw[X -37.3 Y  -0.3 Z  +0.1]  quat[R -37.3 P  -0.2 Y  +0.3]  pose.yaw(+off) +90.3
raw[X -37.2 Y  -0.3 Z  +0.0]  quat[R -37.2 P  -0.3 Y  +0.2]  pose.yaw(+off) +90.2
raw[X -37.4 Y  -0.3 Z  +0.2]  quat[R -37.4 P  -0.1 Y  +0.3]  pose.yaw(+off) +90.3
raw[X -37.3 Y  -0.3 Z  +0.1]  quat[R -37.3 P  -0.2 Y  +0.3]  pose.yaw(+off) +90.3
raw[X -36.2 Y  -0.6 Z  -0.2]  quat[R -36.2 P  -0.6 Y  +0.2]  pose.yaw(+off) +90.2
raw[X -37.4 Y  -0.3 Z  +0.2]  quat[R -37.4 P  -0.2 Y  +0.3]  pose.yaw(+off) +90.3
raw[X -37.2 Y  -0.4 Z  -0.0]  quat[R -37.2 P  -0.3 Y  +0.2]  pose.yaw(+off) +90.2
raw[X -37.4 Y  -0.3 Z  +0.2]  quat[R -37.4 P  -0.2 Y  +0.3]  pose.yaw(+off) +90.3
raw[X -37.3 Y  -0.3 Z  +0.1]  quat[R -37.3 P  -0.2 Y  +0.2]  pose.yaw(+off) +90.2
raw[X -36.1 Y  -0.5 Z  -0.2]  quat[R -36.1 P  -0.5 Y  +0.2]  pose.yaw(+off) +90.2
raw[X -37.5 Y  -0.3 Z  +0.2]  quat[R -37.5 P  -0.1 Y  +0.3]  pose.yaw(+off) +90.3
raw[X -37.2 Y  -0.4 Z  +0.0]  quat[R -37.2 P  -0.3 Y  +0.3]  pose.yaw(+off) +90.3
raw[X -37.3 Y  -0.4 Z  +0.0]  quat[R -37.3 P  -0.3 Y  +0.3]  pose.yaw(+off) +90.3
raw[X -37.5 Y  -0.2 Z  +0.2]  quat[R -37.5 P  -0.1 Y  +0.3]  pose.yaw(+off) +90.3
raw[X -36.2 Y  -0.5 Z  -0.2]  quat[R -36.2 P  -0.5 Y  +0.1]  pose.yaw(+off) +90.1
raw[X -36.3 Y  -0.5 Z  -0.1]  quat[R -36.3 P  -0.4 Y  +0.2]  pose.yaw(+off) +90.2
raw[X -37.2 Y  -0.3 Z  +0.0]  quat[R -37.2 P  -0.2 Y  +0.2]  pose.yaw(+off) +90.2
raw[X -36.2 Y  -0.4 Z  -0.2]  quat[R -36.2 P  -0.5 Y  +0.1]  pose.yaw(+off) +90.1
raw[X -37.5 Y  -0.3 Z  +0.1]  quat[R -37.5 P  -0.2 Y  +0.3]  pose.yaw(+off) +90.3
raw[X -37.2 Y  -0.4 Z  +0.0]  quat[R -37.2 P  -0.3 Y  +0.2]  pose.yaw(+off) +90.2
raw[X -37.4 Y  -0.3 Z  +0.2]  quat[R -37.4 P  -0.1 Y  +0.3]  pose.yaw(+off) +90.3
raw[X -37.3 Y  -0.4 Z  +0.1]  quat[R -37.3 P  -0.2 Y  +0.3]  pose.yaw(+off) +90.3
raw[X -36.1 Y  -0.6 Z  -0.2]  quat[R -36.1 P  -0.6 Y  +0.1]  pose.yaw(+off) +90.1
raw[X -37.3 Y  -0.3 Z  +0.1]  quat[R -37.3 P  -0.2 Y  +0.3]  pose.yaw(+off) +90.3
raw[X -37.3 Y  -0.4 Z  -0.0]  quat[R -37.3 P  -0.3 Y  +0.2]  pose.yaw(+off) +90.2
raw[X -37.2 Y  -0.3 Z  +0.0]  quat[R -37.2 P  -0.2 Y  +0.2]  pose.yaw(+off) +90.2
raw[X -37.4 Y  +0.2 Z  +0.2]  quat[R -37.4 P  +0.2 Y  +0.0]  pose.yaw(+off) +90.0
raw[X -36.2 Y  -0.5 Z  -0.2]  quat[R -36.2 P  -0.5 Y  +0.1]  pose.yaw(+off) +90.1
raw[X -37.4 Y  -0.3 Z  +0.1]  quat[R -37.4 P  -0.1 Y  +0.3]  pose.yaw(+off) +90.3
raw[X -36.2 Y  -0.6 Z  -0.2]  quat[R -36.2 P  -0.6 Y  +0.2]  pose.yaw(+off) +90.2
raw[X -36.1 Y  -0.6 Z  -0.3]  quat[R -36.1 P  -0.6 Y  +0.1]  pose.yaw(+off) +90.1
raw[X -37.5 Y  -0.2 Z  +0.2]  quat[R -37.5 P  -0.1 Y  +0.3]  pose.yaw(+off) +90.3
raw[X -37.1 Y  -0.4 Z  -0.0]  quat[R -37.1 P  -0.3 Y  +0.2]  pose.yaw(+off) +90.2
raw[X -36.3 Y  -0.5 Z  -0.1]  quat[R -36.3 P  -0.5 Y  +0.2]  pose.yaw(+off) +90.2
raw[X -37.3 Y  -0.4 Z  +0.0]  quat[R -37.3 P  -0.3 Y  +0.2]  pose.yaw(+off) +90.2
raw[X -37.3 Y  -0.2 Z  +0.1]  quat[R -37.3 P  -0.1 Y  +0.3]  pose.yaw(+off) +90.3
raw[X -36.3 Y  -0.5 Z  -0.2]  quat[R -36.3 P  -0.5 Y  +0.2]  pose.yaw(+off) +90.2
raw[X -37.2 Y  -0.4 Z  +0.0]  quat[R -37.2 P  -0.3 Y  +0.3]  pose.yaw(+off) +90.3
raw[X -36.3 Y  -0.5 Z  -0.2]  quat[R -36.3 P  -0.5 Y  +0.2]  pose.yaw(+off) +90.2
raw[X -37.4 Y  -0.2 Z  +0.2]  quat[R -37.4 P  -0.1 Y  +0.3]  pose.yaw(+off) +90.3
raw[X -37.1 Y  -0.4 Z  +0.0]  quat[R -37.1 P  -0.3 Y  +0.2]  pose.yaw(+off) +90.2
raw[X -37.2 Y  -0.3 Z  +0.0]  quat[R -37.2 P  -0.2 Y  +0.2]  pose.yaw(+off) +90.2
raw[X -37.3 Y  -0.4 Z  +0.1]  quat[R -37.3 P  -0.2 Y  +0.3]  pose.yaw(+off) +90.3
raw[X -36.3 Y  -0.6 Z  -0.2]  quat[R -36.3 P  -0.6 Y  +0.2]  pose.yaw(+off) +90.2
raw[X -36.2 Y  -0.6 Z  -0.2]  quat[R -36.2 P  -0.6 Y  +0.2]  pose.yaw(+off) +90.2
raw[X -37.2 Y  -0.3 Z  +0.1]  quat[R -37.2 P  -0.2 Y  +0.2]  pose.yaw(+off) +90.2
raw[X -37.2 Y  -0.3 Z  +0.1]  quat[R -37.2 P  -0.2 Y  +0.3]  pose.yaw(+off) +90.3
raw[X -37.3 Y  -0.4 Z  +0.1]  quat[R -37.3 P  -0.3 Y  +0.3]  pose.yaw(+off) +90.3
raw[X -36.2 Y  -0.5 Z  -0.2]  quat[R -36.2 P  -0.6 Y  +0.1]  pose.yaw(+off) +90.1
raw[X -37.1 Y  -0.3 Z  +0.1]  quat[R -37.1 P  -0.2 Y  +0.3]  pose.yaw(+off) +90.3
raw[X -37.4 Y  -0.2 Z  +0.2]  quat[R -37.4 P  -0.1 Y  +0.3]  pose.yaw(+off) +90.3
raw[X -36.1 Y  -0.6 Z  -0.3]  quat[R -36.1 P  -0.6 Y  +0.1]  pose.yaw(+off) +90.1
raw[X -37.4 Y  -0.2 Z  +0.2]  quat[R -37.4 P  -0.0 Y  +0.3]  pose.yaw(+off) +90.3
raw[X -36.2 Y  -0.6 Z  -0.3]  quat[R -36.2 P  -0.6 Y  +0.1]  pose.yaw(+off) +90.1
raw[X -36.2 Y  -0.6 Z  -0.1]  quat[R -36.2 P  -0.5 Y  +0.2]  pose.yaw(+off) +90.2
raw[X -37.2 Y  -0.4 Z  +0.0]  quat[R -37.2 P  -0.3 Y  +0.3]  pose.yaw(+off) +90.3
raw[X -36.1 Y  -0.5 Z  -0.1]  quat[R -36.1 P  -0.5 Y  +0.2]  pose.yaw(+off) +90.2
raw[X -37.4 Y  -0.3 Z  +0.2]  quat[R -37.4 P  -0.1 Y  +0.3]  pose.yaw(+off) +90.3
raw[X -36.2 Y  -0.6 Z  -0.2]  quat[R -36.2 P  -0.6 Y  +0.2]  pose.yaw(+off) +90.2
raw[X -36.2 Y  -0.4 Z  -0.1]  quat[R -36.2 P  -0.4 Y  +0.1]  pose.yaw(+off) +90.1
raw[X -37.4 Y  -0.2 Z  +0.2]  quat[R -37.4 P  -0.1 Y  +0.3]  pose.yaw(+off) +90.3
raw[X -36.1 Y  -0.5 Z  -0.2]  quat[R -36.1 P  -0.5 Y  +0.1]  pose.yaw(+off) +90.1
raw[X -37.5 Y  -0.3 Z  +0.2]  quat[R -37.5 P  -0.1 Y  +0.3]  pose.yaw(+off) +90.3
raw[X -37.3 Y  -0.3 Z  +0.1]  quat[R -37.3 P  -0.2 Y  +0.2]  pose.yaw(+off) +90.2
raw[X -36.2 Y  -0.4 Z  -0.1]  quat[R -36.2 P  -0.4 Y  +0.2]  pose.yaw(+off) +90.2
raw[X -37.4 Y  -0.5 Z  +0.1]  quat[R -37.4 P  -0.4 Y  +0.4]  pose.yaw(+off) +90.4
raw[X -36.2 Y  -0.4 Z  -0.1]  quat[R -36.2 P  -0.4 Y  +0.2]  pose.yaw(+off) +90.2
raw[X -37.4 Y  -0.3 Z  +0.1]  quat[R -37.4 P  -0.2 Y  +0.3]  pose.yaw(+off) +90.3
raw[X -37.2 Y  -0.2 Z  +0.1]  quat[R -37.2 P  -0.1 Y  +0.2]  pose.yaw(+off) +90.2
raw[X -36.2 Y  -0.5 Z  -0.1]  quat[R -36.2 P  -0.4 Y  +0.2]  pose.yaw(+off) +90.2
raw[X -37.5 Y  -0.3 Z  +0.1]  quat[R -37.5 P  -0.1 Y  +0.3]  pose.yaw(+off) +90.3
raw[X -36.1 Y  -0.5 Z  -0.2]  quat[R -36.1 P  -0.6 Y  +0.2]  pose.yaw(+off) +90.2
raw[X -37.2 Y  -0.3 Z  +0.1]  quat[R -37.2 P  -0.2 Y  +0.2]  pose.yaw(+off) +90.2
raw[X -37.2 Y  -0.4 Z  +0.0]  quat[R -37.2 P  -0.3 Y  +0.2]  pose.yaw(+off) +90.2
raw[X -36.2 Y  -0.4 Z  -0.1]  quat[R -36.2 P  -0.4 Y  +0.1]  pose.yaw(+off) +90.1
raw[X -37.4 Y  -0.3 Z  +0.1]  quat[R -37.4 P  -0.2 Y  +0.3]  pose.yaw(+off) +90.3
raw[X -37.1 Y  -0.4 Z  +0.0]  quat[R -37.1 P  -0.3 Y  +0.2]  pose.yaw(+off) +90.2
raw[X -37.3 Y  -0.3 Z  +0.1]  quat[R -37.3 P  -0.2 Y  +0.3]  pose.yaw(+off) +90.3
raw[X -37.3 Y  -0.3 Z  +0.0]  quat[R -37.3 P  -0.2 Y  +0.2]  pose.yaw(+off) +90.2
raw[X -36.2 Y  -0.5 Z  -0.2]  quat[R -36.2 P  -0.5 Y  +0.1]  pose.yaw(+off) +90.1
raw[X -37.3 Y  -0.2 Z  +0.1]  quat[R -37.3 P  -0.1 Y  +0.2]  pose.yaw(+off) +90.2
raw[X -37.2 Y  -0.3 Z  +0.1]  quat[R -37.2 P  -0.2 Y  +0.3]  pose.yaw(+off) +90.3
raw[X -36.2 Y  -0.6 Z  -0.2]  quat[R -36.2 P  -0.6 Y  +0.2]  pose.yaw(+off) +90.2
raw[X -37.4 Y  -0.3 Z  +0.1]  quat[R -37.4 P  -0.1 Y  +0.3]  pose.yaw(+off) +90.3
raw[X -37.3 Y  -0.4 Z  +0.0]  quat[R -37.3 P  -0.3 Y  +0.3]  pose.yaw(+off) +90.3
raw[X -36.3 Y  -0.5 Z  -0.2]  quat[R -36.3 P  -0.5 Y  +0.1]  pose.yaw(+off) +90.1
raw[X -36.3 Y  -0.6 Z  -0.2]  quat[R -36.3 P  -0.6 Y  +0.2]  pose.yaw(+off) +90.2
raw[X -36.2 Y  -0.5 Z  -0.2]  quat[R -36.2 P  -0.5 Y  +0.2]  pose.yaw(+off) +90.2
raw[X -37.4 Y  -0.3 Z  +0.2]  quat[R -37.4 P  -0.1 Y  +0.3]  pose.yaw(+off) +90.3
raw[X -36.4 Y  -0.6 Z  -0.2]  quat[R -36.4 P  -0.6 Y  +0.2]  pose.yaw(+off) +90.2
raw[X -36.2 Y  -0.6 Z  -0.2]  quat[R -36.2 P  -0.6 Y  +0.2]  pose.yaw(+off) +90.2
raw[X -37.4 Y  -0.3 Z  +0.1]  quat[R -37.4 P  -0.2 Y  +0.3]  pose.yaw(+off) +90.3
raw[X -37.2 Y  -0.3 Z  +0.1]  quat[R -37.2 P  -0.2 Y  +0.2]  pose.yaw(+off) +90.2
raw[X -36.2 Y  -0.6 Z  -0.2]  quat[R -36.2 P  -0.6 Y  +0.2]  pose.yaw(+off) +90.2
raw[X -37.4 Y  -0.3 Z  +0.1]  quat[R -37.4 P  -0.2 Y  +0.3]  pose.yaw(+off) +90.3
raw[X -36.2 Y  -0.5 Z  -0.2]  quat[R -36.2 P  -0.5 Y  +0.1]  pose.yaw(+off) +90.1
raw[X -37.5 Y  -0.3 Z  +0.1]  quat[R -37.5 P  -0.2 Y  +0.3]  pose.yaw(+off) +90.3
raw[X -36.3 Y  -0.6 Z  -0.2]  quat[R -36.3 P  -0.6 Y  +0.2]  pose.yaw(+off) +90.2
raw[X -36.3 Y  -0.5 Z  -0.2]  quat[R -36.3 P  -0.5 Y  +0.2]  pose.yaw(+off) +90.2
raw[X -36.3 Y  -0.5 Z  -0.1]  quat[R -36.3 P  -0.5 Y  +0.2]  pose.yaw(+off) +90.2
raw[X -37.1 Y  -0.4 Z  -0.0]  quat[R -37.1 P  -0.3 Y  +0.2]  pose.yaw(+off) +90.2
raw[X -36.3 Y  -0.5 Z  -0.2]  quat[R -36.3 P  -0.5 Y  +0.1]  pose.yaw(+off) +90.1
raw[X -37.3 Y  -0.3 Z  +0.1]  quat[R -37.3 P  -0.1 Y  +0.3]  pose.yaw(+off) +90.3
raw[X -36.2 Y  -0.5 Z  -0.3]  quat[R -36.2 P  -0.6 Y  +0.1]  pose.yaw(+off) +90.1
raw[X -37.4 Y  -0.4 Z  +0.1]  quat[R -37.4 P  -0.2 Y  +0.3]  pose.yaw(+off) +90.3
raw[X -36.2 Y  -0.6 Z  -0.2]  quat[R -36.2 P  -0.6 Y  +0.1]  pose.yaw(+off) +90.1
raw[X -36.2 Y  -0.5 Z  -0.1]  quat[R -36.2 P  -0.5 Y  +0.2]  pose.yaw(+off) +90.2
raw[X -37.3 Y  -0.4 Z  +0.0]  quat[R -37.3 P  -0.3 Y  +0.3]  pose.yaw(+off) +90.3
raw[X -36.2 Y  -0.5 Z  -0.2]  quat[R -36.2 P  -0.5 Y  +0.2]  pose.yaw(+off) +90.2
raw[X -37.3 Y  -0.3 Z  +0.1]  quat[R -37.3 P  -0.2 Y  +0.3]  pose.yaw(+off) +90.3
raw[X -37.3 Y  -0.2 Z  +0.1]  quat[R -37.3 P  -0.1 Y  +0.2]  pose.yaw(+off) +90.2
raw[X -37.3 Y  -0.3 Z  +0.0]  quat[R -37.3 P  -0.2 Y  +0.2]  pose.yaw(+off) +90.2
raw[X -36.3 Y  -0.6 Z  -0.1]  quat[R -36.3 P  -0.6 Y  +0.2]  pose.yaw(+off) +90.2
raw[X -36.2 Y  -0.6 Z  -0.2]  quat[R -36.2 P  -0.6 Y  +0.2]  pose.yaw(+off) +90.2
raw[X -36.2 Y  -0.5 Z  -0.2]  quat[R -36.2 P  -0.5 Y  +0.1]  pose.yaw(+off) +90.1
raw[X -36.4 Y  -0.5 Z  -0.1]  quat[R -36.4 P  -0.5 Y  +0.2]  pose.yaw(+off) +90.2
raw[X -36.2 Y  -0.5 Z  -0.2]  quat[R -36.2 P  -0.5 Y  +0.2]  pose.yaw(+off) +90.2
raw[X -36.3 Y  -0.5 Z  -0.2]  quat[R -36.3 P  -0.5 Y  +0.2]  pose.yaw(+off) +90.2
raw[X -36.3 Y  -0.6 Z  -0.2]  quat[R -36.3 P  -0.6 Y  +0.2]  pose.yaw(+off) +90.2
raw[X -36.2 Y  -0.5 Z  -0.2]  quat[R -36.2 P  -0.6 Y  +0.2]  pose.yaw(+off) +90.2
raw[X -37.3 Y  -0.4 Z  +0.1]  quat[R -37.3 P  -0.2 Y  +0.3]  pose.yaw(+off) +90.3
raw[X -36.2 Y  -0.5 Z  -0.2]  quat[R -36.2 P  -0.5 Y  +0.2]  pose.yaw(+off) +90.2
raw[X -36.4 Y  -0.5 Z  -0.1]  quat[R -36.4 P  -0.5 Y  +0.2]  pose.yaw(+off) +90.2
raw[X -37.3 Y  -0.4 Z  +0.1]  quat[R -37.3 P  -0.2 Y  +0.3]  pose.yaw(+off) +90.3
raw[X -36.3 Y  -0.5 Z  -0.1]  quat[R -36.3 P  -0.4 Y  +0.2]  pose.yaw(+off) +90.2
raw[X -37.3 Y  -0.3 Z  +0.1]  quat[R -37.3 P  -0.2 Y  +0.2]  pose.yaw(+off) +90.2
raw[X -36.1 Y  -0.5 Z  -0.2]  quat[R -36.1 P  -0.5 Y  +0.1]  pose.yaw(+off) +90.1
raw[X -36.3 Y  -0.5 Z  -0.1]  quat[R -36.3 P  -0.4 Y  +0.2]  pose.yaw(+off) +90.2
raw[X -36.3 Y  -0.6 Z  -0.2]  quat[R -36.3 P  -0.6 Y  +0.2]  pose.yaw(+off) +90.2
raw[X -37.1 Y  -0.5 Z  +0.0]  quat[R -37.1 P  -0.4 Y  +0.3]  pose.yaw(+off) +90.3
raw[X -37.4 Y  -0.3 Z  +0.1]  quat[R -37.4 P  -0.2 Y  +0.3]  pose.yaw(+off) +90.3
raw[X -37.2 Y  -0.2 Z  +0.2]  quat[R -37.2 P  -0.1 Y  +0.2]  pose.yaw(+off) +90.2
raw[X -36.3 Y  -0.5 Z  -0.2]  quat[R -36.3 P  -0.6 Y  +0.1]  pose.yaw(+off) +90.1
raw[X -37.3 Y  -0.3 Z  +0.1]  quat[R -37.3 P  -0.2 Y  +0.3]  pose.yaw(+off) +90.3
raw[X -37.2 Y  -0.3 Z  +0.1]  quat[R -37.2 P  -0.2 Y  +0.3]  pose.yaw(+off) +90.3
raw[X -36.3 Y  -0.5 Z  -0.1]  quat[R -36.3 P  -0.5 Y  +0.2]  pose.yaw(+off) +90.2
raw[X -36.2 Y  -0.5 Z  -0.2]  quat[R -36.2 P  -0.5 Y  +0.1]  pose.yaw(+off) +90.1
raw[X -36.2 Y  -0.5 Z  -0.2]  quat[R -36.2 P  -0.5 Y  +0.2]  pose.yaw(+off) +90.2
raw[X -36.3 Y  -0.4 Z  -0.1]  quat[R -36.3 P  -0.4 Y  +0.2]  pose.yaw(+off) +90.2
raw[X -37.3 Y  -0.4 Z  +0.1]  quat[R -37.4 P  -0.3 Y  +0.3]  pose.yaw(+off) +90.3
raw[X -36.1 Y  -0.6 Z  -0.3]  quat[R -36.1 P  -0.6 Y  +0.2]  pose.yaw(+off) +90.2
raw[X -37.5 Y  -0.3 Z  +0.2]  quat[R -37.5 P  -0.1 Y  +0.3]  pose.yaw(+off) +90.3
raw[X -36.2 Y  -0.5 Z  -0.2]  quat[R -36.2 P  -0.6 Y  +0.1]  pose.yaw(+off) +90.1
raw[X -36.2 Y  -0.5 Z  -0.1]  quat[R -36.2 P  -0.5 Y  +0.2]  pose.yaw(+off) +90.2
raw[X -37.4 Y  -0.3 Z  +0.1]  quat[R -37.4 P  -0.2 Y  +0.3]  pose.yaw(+off) +90.3
raw[X -36.1 Y  -0.5 Z  -0.1]  quat[R -36.1 P  -0.5 Y  +0.2]  pose.yaw(+off) +90.2
raw[X -37.4 Y  -0.3 Z  +0.1]  quat[R -37.4 P  -0.2 Y  +0.3]  pose.yaw(+off) +90.3
raw[X -37.2 Y  -0.4 Z  +0.1]  quat[R -37.2 P  -0.3 Y  +0.3]  pose.yaw(+off) +90.3
raw[X -36.2 Y  -0.5 Z  -0.1]  quat[R -36.2 P  -0.4 Y  +0.2]  pose.yaw(+off) +90.2
raw[X -37.4 Y  -0.4 Z  +0.1]  quat[R -37.4 P  -0.2 Y  +0.3]  pose.yaw(+off) +90.3
raw[X -36.1 Y  -0.5 Z  -0.2]  quat[R -36.1 P  -0.5 Y  +0.2]  pose.yaw(+off) +90.2
raw[X -36.3 Y  -0.5 Z  -0.1]  quat[R -36.3 P  -0.5 Y  +0.2]  pose.yaw(+off) +90.2
raw[X -36.2 Y  -0.5 Z  -0.2]  quat[R -36.2 P  -0.6 Y  +0.1]  pose.yaw(+off) +90.1
raw[X -36.2 Y  -0.5 Z  -0.1]  quat[R -36.2 P  -0.4 Y  +0.2]  pose.yaw(+off) +90.2
raw[X -37.4 Y  -0.4 Z  +0.1]  quat[R -37.4 P  -0.2 Y  +0.3]  pose.yaw(+off) +90.3
raw[X -36.2 Y  -0.5 Z  -0.1]  quat[R -36.2 P  -0.5 Y  +0.2]  pose.yaw(+off) +90.2
raw[X -37.3 Y  -0.3 Z  +0.1]  quat[R -37.3 P  -0.2 Y  +0.3]  pose.yaw(+off) +90.3
raw[X -37.2 Y  -0.3 Z  +0.1]  quat[R -37.2 P  -0.2 Y  +0.2]  pose.yaw(+off) +90.2
raw[X -36.1 Y  -0.6 Z  -0.2]  quat[R -36.1 P  -0.6 Y  +0.2]  pose.yaw(+off) +90.2
raw[X -37.4 Y  -0.3 Z  +0.1]  quat[R -37.4 P  -0.1 Y  +0.3]  pose.yaw(+off) +90.3
raw[X -37.3 Y  -0.3 Z  +0.1]  quat[R -37.3 P  -0.2 Y  +0.3]  pose.yaw(+off) +90.3
raw[X -37.3 Y  -0.4 Z  +0.1]  quat[R -37.3 P  -0.3 Y  +0.3]  pose.yaw(+off) +90.3
raw[X -37.3 Y  -0.4 Z  +0.1]  quat[R -37.3 P  -0.2 Y  +0.3]  pose.yaw(+off) +90.3
raw[X -37.2 Y  -0.4 Z  +0.1]  quat[R -37.2 P  -0.3 Y  +0.3]  pose.yaw(+off) +90.3
raw[X -37.1 Y  -0.4 Z  -0.0]  quat[R -37.1 P  -0.4 Y  +0.2]  pose.yaw(+off) +90.2
raw[X -37.3 Y  -0.3 Z  +0.1]  quat[R -37.3 P  -0.1 Y  +0.3]  pose.yaw(+off) +90.3
raw[X -37.2 Y  -0.3 Z  +0.1]  quat[R -37.2 P  -0.2 Y  +0.3]  pose.yaw(+off) +90.3
raw[X -37.2 Y  -0.3 Z  +0.1]  quat[R -37.2 P  -0.2 Y  +0.2]  pose.yaw(+off) +90.2
raw[X -37.4 Y  -0.4 Z  +0.1]  quat[R -37.4 P  -0.2 Y  +0.3]  pose.yaw(+off) +90.3
raw[X -37.3 Y  -0.4 Z  +0.0]  quat[R -37.3 P  -0.3 Y  +0.3]  pose.yaw(+off) +90.3
raw[X -36.2 Y  -0.5 Z  -0.2]  quat[R -36.2 P  -0.5 Y  +0.2]  pose.yaw(+off) +90.2
raw[X -37.2 Y  -0.3 Z  +0.1]  quat[R -37.2 P  -0.1 Y  +0.3]  pose.yaw(+off) +90.3
raw[X -37.1 Y  -0.4 Z  -0.0]  quat[R -37.1 P  -0.4 Y  +0.2]  pose.yaw(+off) +90.2
raw[X -36.4 Y  -0.5 Z  -0.1]  quat[R -36.4 P  -0.5 Y  +0.2]  pose.yaw(+off) +90.2
raw[X -37.4 Y  -0.2 Z  +0.1]  quat[R -37.4 P  -0.1 Y  +0.2]  pose.yaw(+off) +90.2
raw[X -36.1 Y  -0.6 Z  -0.2]  quat[R -36.1 P  -0.6 Y  +0.2]  pose.yaw(+off) +90.2
raw[X -37.3 Y  -0.3 Z  +0.1]  quat[R -37.3 P  -0.2 Y  +0.3]  pose.yaw(+off) +90.3
raw[X -37.2 Y  -0.4 Z  -0.0]  quat[R -37.2 P  -0.4 Y  +0.3]  pose.yaw(+off) +90.3
raw[X -36.2 Y  -0.5 Z  -0.2]  quat[R -36.2 P  -0.5 Y  +0.1]  pose.yaw(+off) +90.1
raw[X -37.2 Y  -0.4 Z  +0.0]  quat[R -37.2 P  -0.3 Y  +0.3]  pose.yaw(+off) +90.3
raw[X -36.2 Y  -0.5 Z  -0.2]  quat[R -36.2 P  -0.5 Y  +0.1]  pose.yaw(+off) +90.1
raw[X -37.5 Y  -0.2 Z  +0.2]  quat[R -37.5 P  -0.0 Y  +0.3]  pose.yaw(+off) +90.3
raw[X -37.2 Y  -0.4 Z  +0.0]  quat[R -37.2 P  -0.3 Y  +0.3]  pose.yaw(+off) +90.3
raw[X -36.2 Y  -0.6 Z  -0.3]  quat[R -36.2 P  -0.6 Y  +0.1]  pose.yaw(+off) +90.1
raw[X -36.4 Y  -0.5 Z  -0.1]  quat[R -36.4 P  -0.4 Y  +0.2]  pose.yaw(+off) +90.2
raw[X -36.2 Y  -0.6 Z  -0.2]  quat[R -36.2 P  -0.6 Y  +0.2]  pose.yaw(+off) +90.2
raw[X -36.2 Y  -0.6 Z  -0.2]  quat[R -36.2 P  -0.6 Y  +0.2]  pose.yaw(+off) +90.2
raw[X -36.4 Y  -0.5 Z  -0.1]  quat[R -36.4 P  -0.5 Y  +0.2]  pose.yaw(+off) +90.2
raw[X -37.3 Y  -0.4 Z  +0.1]  quat[R -37.3 P  -0.3 Y  +0.3]  pose.yaw(+off) +90.3
raw[X -37.2 Y  -0.4 Z  +0.0]  quat[R -37.2 P  -0.3 Y  +0.3]  pose.yaw(+off) +90.3
raw[X -36.3 Y  -0.5 Z  -0.2]  quat[R -36.3 P  -0.5 Y  +0.2]  pose.yaw(+off) +90.2
raw[X -36.2 Y  -0.6 Z  -0.2]  quat[R -36.2 P  -0.6 Y  +0.2]  pose.yaw(+off) +90.2
raw[X -37.4 Y  -0.2 Z  +0.2]  quat[R -37.4 P  -0.1 Y  +0.3]  pose.yaw(+off) +90.3
raw[X -36.1 Y  -0.6 Z  -0.2]  quat[R -36.1 P  -0.6 Y  +0.2]  pose.yaw(+off) +90.2
raw[X -36.3 Y  -0.5 Z  -0.2]  quat[R -36.3 P  -0.5 Y  +0.2]  pose.yaw(+off) +90.2
raw[X -37.4 Y  -0.3 Z  +0.1]  quat[R -37.4 P  -0.2 Y  +0.3]  pose.yaw(+off) +90.3
raw[X -37.2 Y  -0.3 Z  +0.0]  quat[R -37.2 P  -0.3 Y  +0.2]  pose.yaw(+off) +90.2
raw[X -36.2 Y  -0.6 Z  -0.2]  quat[R -36.2 P  -0.6 Y  +0.2]  pose.yaw(+off) +90.2
raw[X -37.2 Y  -0.4 Z  -0.0]  quat[R -37.2 P  -0.3 Y  +0.2]  pose.yaw(+off) +90.2
raw[X -36.2 Y  -0.6 Z  -0.2]  quat[R -36.2 P  -0.6 Y  +0.2]  pose.yaw(+off) +90.2
raw[X -37.3 Y  -0.4 Z  +0.1]  quat[R -37.3 P  -0.3 Y  +0.3]  pose.yaw(+off) +90.3
raw[X -37.2 Y  -0.3 Z  +0.0]  quat[R -37.2 P  -0.3 Y  +0.2]  pose.yaw(+off) +90.2
raw[X -36.3 Y  -0.6 Z  -0.2]  quat[R -36.3 P  -0.6 Y  +0.2]  pose.yaw(+off) +90.2
raw[X -37.4 Y  -0.3 Z  +0.2]  quat[R -37.4 P  -0.1 Y  +0.4]  pose.yaw(+off) +90.4
raw[X -37.3 Y  -0.5 Z  -0.1]  quat[R -37.3 P  -0.4 Y  +0.2]  pose.yaw(+off) +90.2
raw[X -37.4 Y  -0.3 Z  +0.1]  quat[R -37.4 P  -0.2 Y  +0.3]  pose.yaw(+off) +90.3
raw[X -37.3 Y  -0.3 Z  +0.1]  quat[R -37.3 P  -0.2 Y  +0.3]  pose.yaw(+off) +90.3
raw[X -36.2 Y  -0.5 Z  -0.2]  quat[R -36.2 P  -0.5 Y  +0.1]  pose.yaw(+off) +90.1
raw[X -36.2 Y  -0.5 Z  -0.2]  quat[R -36.2 P  -0.6 Y  +0.2]  pose.yaw(+off) +90.2
raw[X -36.2 Y  -0.6 Z  -0.2]  quat[R -36.2 P  -0.6 Y  +0.2]  pose.yaw(+off) +90.2
raw[X -37.3 Y  -0.3 Z  +0.1]  quat[R -37.3 P  -0.2 Y  +0.3]  pose.yaw(+off) +90.3
raw[X -37.3 Y  -0.3 Z  +0.1]  quat[R -37.3 P  -0.2 Y  +0.3]  pose.yaw(+off) +90.3
raw[X -36.1 Y  -0.5 Z  -0.2]  quat[R -36.1 P  -0.6 Y  +0.1]  pose.yaw(+off) +90.1
raw[X -36.3 Y  -0.5 Z  -0.1]  quat[R -36.3 P  -0.5 Y  +0.2]  pose.yaw(+off) +90.2
raw[X -37.3 Y  -0.2 Z  +0.1]  quat[R -37.3 P  -0.1 Y  +0.2]  pose.yaw(+off) +90.2
raw[X -36.2 Y  -0.5 Z  -0.2]  quat[R -36.2 P  -0.6 Y  +0.1]  pose.yaw(+off) +90.1
raw[X -36.3 Y  -0.6 Z  -0.1]  quat[R -36.3 P  -0.5 Y  +0.2]  pose.yaw(+off) +90.2
raw[X -36.3 Y  -0.5 Z  -0.1]  quat[R -36.3 P  -0.5 Y  +0.2]  pose.yaw(+off) +90.2
raw[X -37.4 Y  -0.4 Z  +0.1]  quat[R -37.4 P  -0.2 Y  +0.3]  pose.yaw(+off) +90.3
raw[X -36.3 Y  -0.5 Z  -0.2]  quat[R -36.3 P  -0.5 Y  +0.2]  pose.yaw(+off) +90.2
raw[X -36.2 Y  -0.5 Z  -0.2]  quat[R -36.2 P  -0.5 Y  +0.2]  pose.yaw(+off) +90.2
raw[X -37.5 Y  -0.3 Z  +0.1]  quat[R -37.5 P  -0.2 Y  +0.3]  pose.yaw(+off) +90.3
raw[X -37.2 Y  -0.4 Z  +0.1]  quat[R -37.2 P  -0.2 Y  +0.3]  pose.yaw(+off) +90.3
raw[X -37.2 Y  -0.3 Z  +0.0]  quat[R -37.2 P  -0.3 Y  +0.2]  pose.yaw(+off) +90.2
raw[X -37.4 Y  -0.4 Z  +0.1]  quat[R -37.4 P  -0.2 Y  +0.3]  pose.yaw(+off) +90.3
raw[X -37.2 Y  -0.4 Z  +0.0]  quat[R -37.2 P  -0.3 Y  +0.3]  pose.yaw(+off) +90.3
raw[X -37.4 Y  -0.4 Z  +0.1]  quat[R -37.4 P  -0.3 Y  +0.3]  pose.yaw(+off) +90.3
raw[X -36.3 Y  -0.5 Z  -0.2]  quat[R -36.3 P  -0.5 Y  +0.2]  pose.yaw(+off) +90.2
raw[X -36.2 Y  -0.6 Z  -0.2]  quat[R -36.2 P  -0.6 Y  +0.2]  pose.yaw(+off) +90.2
raw[X -36.3 Y  -0.5 Z  -0.1]  quat[R -36.3 P  -0.4 Y  +0.2]  pose.yaw(+off) +90.2
raw[X -36.2 Y  -0.5 Z  -0.2]  quat[R -36.2 P  -0.5 Y  +0.2]  pose.yaw(+off) +90.2
raw[X -36.2 Y  -0.5 Z  -0.2]  quat[R -36.2 P  -0.5 Y  +0.2]  pose.yaw(+off) +90.2
raw[X -37.3 Y  -0.3 Z  +0.1]  quat[R -37.4 P  -0.2 Y  +0.2]  pose.yaw(+off) +90.2
raw[X -36.2 Y  -0.5 Z  -0.2]  quat[R -36.2 P  -0.5 Y  +0.2]  pose.yaw(+off) +90.2
raw[X -36.3 Y  -0.6 Z  -0.1]  quat[R -36.3 P  -0.6 Y  +0.2]  pose.yaw(+off) +90.2
raw[X -36.3 Y  -0.5 Z  -0.2]  quat[R -36.3 P  -0.5 Y  +0.2]  pose.yaw(+off) +90.2
raw[X -37.3 Y  -0.4 Z  +0.1]  quat[R -37.3 P  -0.3 Y  +0.3]  pose.yaw(+off) +90.3
raw[X -37.2 Y  -0.4 Z  +0.1]  quat[R -37.2 P  -0.2 Y  +0.3]  pose.yaw(+off) +90.3
raw[X -36.2 Y  -0.5 Z  -0.1]  quat[R -36.2 P  -0.5 Y  +0.2]  pose.yaw(+off) +90.2
raw[X -36.3 Y  -0.5 Z  -0.1]  quat[R -36.3 P  -0.4 Y  +0.2]  pose.yaw(+off) +90.2
raw[X -36.3 Y  -0.6 Z  -0.2]  quat[R -36.3 P  -0.6 Y  +0.2]  pose.yaw(+off) +90.2
raw[X -37.3 Y  -0.3 Z  +0.1]  quat[R -37.3 P  -0.2 Y  +0.2]  pose.yaw(+off) +90.2
raw[X -36.3 Y  -0.4 Z  -0.1]  quat[R -36.3 P  -0.4 Y  +0.2]  pose.yaw(+off) +90.2
raw[X -37.1 Y  -0.4 Z  +0.0]  quat[R -37.1 P  -0.3 Y  +0.2]  pose.yaw(+off) +90.2
raw[X -36.3 Y  -0.6 Z  -0.2]  quat[R -36.3 P  -0.6 Y  +0.2]  pose.yaw(+off) +90.2
raw[X -37.3 Y  -0.3 Z  +0.1]  quat[R -37.3 P  -0.1 Y  +0.3]  pose.yaw(+off) +90.3
raw[X -36.2 Y  -0.5 Z  -0.2]  quat[R -36.2 P  -0.6 Y  +0.2]  pose.yaw(+off) +90.2
raw[X -37.3 Y  -0.3 Z  +0.1]  quat[R -37.3 P  -0.2 Y  +0.3]  pose.yaw(+off) +90.3
raw[X -37.3 Y  -0.4 Z  +0.0]  quat[R -37.3 P  -0.3 Y  +0.3]  pose.yaw(+off) +90.3
raw[X -36.1 Y  -0.6 Z  -0.1]  quat[R -36.1 P  -0.5 Y  +0.2]  pose.yaw(+off) +90.2
raw[X -37.4 Y  -0.4 Z  +0.1]  quat[R -37.4 P  -0.2 Y  +0.3]  pose.yaw(+off) +90.3
raw[X -36.1 Y  -0.6 Z  -0.3]  quat[R -36.1 P  -0.6 Y  +0.1]  pose.yaw(+off) +90.1
raw[X -36.2 Y  -0.6 Z  -0.2]  quat[R -36.2 P  -0.6 Y  +0.2]  pose.yaw(+off) +90.2
raw[X -37.4 Y  -0.2 Z  +0.2]  quat[R -37.4 P  -0.0 Y  +0.3]  pose.yaw(+off) +90.3
raw[X -36.1 Y  -0.6 Z  -0.2]  quat[R -36.1 P  -0.6 Y  +0.1]  pose.yaw(+off) +90.1
raw[X -37.4 Y  -0.3 Z  +0.1]  quat[R -37.4 P  -0.2 Y  +0.3]  pose.yaw(+off) +90.3
raw[X -37.3 Y  -0.3 Z  +0.1]  quat[R -37.3 P  -0.2 Y  +0.3]  pose.yaw(+off) +90.3
raw[X -36.2 Y  -0.5 Z  -0.2]  quat[R -36.2 P  -0.5 Y  +0.2]  pose.yaw(+off) +90.2
raw[X -36.4 Y  -0.5 Z  -0.1]  quat[R -36.4 P  -0.5 Y  +0.2]  pose.yaw(+off) +90.2
raw[X -36.2 Y  -0.7 Z  -0.2]  quat[R -36.2 P  -0.7 Y  +0.2]  pose.yaw(+off) +90.2
raw[X -36.3 Y  -0.5 Z  -0.1]  quat[R -36.3 P  -0.5 Y  +0.2]  pose.yaw(+off) +90.2
raw[X -37.4 Y  -0.3 Z  +0.1]  quat[R -37.4 P  -0.1 Y  +0.3]  pose.yaw(+off) +90.3
raw[X -36.3 Y  -0.5 Z  -0.2]  quat[R -36.3 P  -0.5 Y  +0.2]  pose.yaw(+off) +90.2
raw[X -37.3 Y  -0.3 Z  +0.1]  quat[R -37.3 P  -0.2 Y  +0.3]  pose.yaw(+off) +90.3
raw[X -36.2 Y  -0.6 Z  -0.2]  quat[R -36.2 P  -0.6 Y  +0.2]  pose.yaw(+off) +90.2
raw[X -36.1 Y  -0.5 Z  -0.2]  quat[R -36.1 P  -0.5 Y  +0.1]  pose.yaw(+off) +90.1
raw[X -37.3 Y  -0.2 Z  +0.1]  quat[R -37.3 P  -0.1 Y  +0.2]  pose.yaw(+off) +90.2
raw[X -36.2 Y  -0.5 Z  -0.1]  quat[R -36.2 P  -0.5 Y  +0.2]  pose.yaw(+off) +90.2
raw[X -36.4 Y  -0.5 Z  -0.1]  quat[R -36.4 P  -0.5 Y  +0.2]  pose.yaw(+off) +90.2
raw[X -36.3 Y  -0.5 Z  -0.2]  quat[R -36.3 P  -0.5 Y  +0.2]  pose.yaw(+off) +90.2
raw[X -36.2 Y  -0.6 Z  -0.2]  quat[R -36.2 P  -0.6 Y  +0.2]  pose.yaw(+off) +90.2
raw[X -36.3 Y  -0.5 Z  -0.1]  quat[R -36.3 P  -0.5 Y  +0.2]  pose.yaw(+off) +90.2
raw[X -36.3 Y  -0.4 Z  -0.1]  quat[R -36.3 P  -0.4 Y  +0.2]  pose.yaw(+off) +90.2
raw[X -36.2 Y  -0.7 Z  -0.2]  quat[R -36.2 P  -0.7 Y  +0.2]  pose.yaw(+off) +90.2
raw[X -37.3 Y  -0.3 Z  +0.2]  quat[R -37.3 P  -0.1 Y  +0.3]  pose.yaw(+off) +90.3
raw[X -37.2 Y  -0.4 Z  +0.0]  quat[R -37.2 P  -0.3 Y  +0.2]  pose.yaw(+off) +90.2
raw[X -36.3 Y  -0.5 Z  -0.2]  quat[R -36.3 P  -0.5 Y  +0.2]  pose.yaw(+off) +90.2
raw[X -36.2 Y  -0.6 Z  -0.2]  quat[R -36.2 P  -0.6 Y  +0.2]  pose.yaw(+off) +90.2
raw[X -36.3 Y  -0.5 Z  -0.1]  quat[R -36.3 P  -0.5 Y  +0.2]  pose.yaw(+off) +90.2
raw[X -37.4 Y  -0.3 Z  +0.2]  quat[R -37.4 P  -0.1 Y  +0.3]  pose.yaw(+off) +90.3
raw[X -36.1 Y  -0.6 Z  -0.2]  quat[R -36.1 P  -0.6 Y  +0.1]  pose.yaw(+off) +90.1
raw[X -36.2 Y  -0.5 Z  -0.1]  quat[R -36.2 P  -0.5 Y  +0.2]  pose.yaw(+off) +90.2
raw[X -37.2 Y  -0.3 Z  +0.1]  quat[R -37.2 P  -0.2 Y  +0.2]  pose.yaw(+off) +90.2
raw[X -36.2 Y  -0.5 Z  -0.2]  quat[R -36.2 P  -0.5 Y  +0.2]  pose.yaw(+off) +90.2
raw[X -36.3 Y  -0.5 Z  -0.1]  quat[R -36.3 P  -0.4 Y  +0.2]  pose.yaw(+off) +90.2
raw[X -37.4 Y  -0.4 Z  +0.1]  quat[R -37.4 P  -0.3 Y  +0.3]  pose.yaw(+off) +90.3
raw[X -36.3 Y  -0.5 Z  -0.2]  quat[R -36.3 P  -0.5 Y  +0.2]  pose.yaw(+off) +90.2
raw[X -37.4 Y  -0.3 Z  +0.2]  quat[R -37.4 P  -0.1 Y  +0.3]  pose.yaw(+off) +90.3
raw[X -36.2 Y  -0.6 Z  -0.2]  quat[R -36.2 P  -0.6 Y  +0.1]  pose.yaw(+off) +90.1
raw[X -36.2 Y  -0.5 Z  -0.1]  quat[R -36.2 P  -0.4 Y  +0.2]  pose.yaw(+off) +90.2
raw[X -37.3 Y  -0.4 Z  +0.0]  quat[R -37.3 P  -0.3 Y  +0.3]  pose.yaw(+off) +90.3
raw[X -36.2 Y  -0.5 Z  -0.2]  quat[R -36.2 P  -0.6 Y  +0.1]  pose.yaw(+off) +90.1
raw[X -36.3 Y  -0.5 Z  -0.0]  quat[R -36.3 P  -0.4 Y  +0.2]  pose.yaw(+off) +90.2
raw[X -37.3 Y  -0.3 Z  +0.1]  quat[R -37.3 P  -0.2 Y  +0.3]  pose.yaw(+off) +90.3
raw[X -36.2 Y  -0.6 Z  -0.2]  quat[R -36.2 P  -0.6 Y  +0.2]  pose.yaw(+off) +90.2
raw[X -37.5 Y  -0.2 Z  +0.2]  quat[R -37.5 P  -0.1 Y  +0.3]  pose.yaw(+off) +90.3
raw[X -36.0 Y  -0.6 Z  -0.3]  quat[R -36.0 P  -0.7 Y  +0.1]  pose.yaw(+off) +90.1
raw[X -37.4 Y  -0.3 Z  +0.1]  quat[R -37.4 P  -0.2 Y  +0.3]  pose.yaw(+off) +90.3
raw[X -37.4 Y  -0.3 Z  +0.1]  quat[R -37.4 P  -0.1 Y  +0.3]  pose.yaw(+off) +90.3
raw[X -36.2 Y  -0.6 Z  -0.2]  quat[R -36.2 P  -0.6 Y  +0.2]  pose.yaw(+off) +90.2
raw[X -36.4 Y  -0.5 Z  -0.0]  quat[R -36.4 P  -0.4 Y  +0.2]  pose.yaw(+off) +90.2
raw[X -37.3 Y  -0.4 Z  +0.0]  quat[R -37.3 P  -0.3 Y  +0.3]  pose.yaw(+off) +90.3
raw[X -36.2 Y  -0.6 Z  -0.3]  quat[R -36.2 P  -0.6 Y  +0.2]  pose.yaw(+off) +90.2
raw[X -36.3 Y  -0.5 Z  -0.1]  quat[R -36.3 P  -0.4 Y  +0.2]  pose.yaw(+off) +90.2
raw[X -37.2 Y  -0.4 Z  +0.0]  quat[R -37.2 P  -0.3 Y  +0.2]  pose.yaw(+off) +90.2
raw[X -37.4 Y  -0.3 Z  +0.2]  quat[R -37.4 P  -0.2 Y  +0.3]  pose.yaw(+off) +90.3
raw[X -37.3 Y  -0.4 Z  +0.1]  quat[R -37.3 P  -0.2 Y  +0.3]  pose.yaw(+off) +90.3
raw[X -36.2 Y  -0.5 Z  -0.2]  quat[R -36.2 P  -0.5 Y  +0.2]  pose.yaw(+off) +90.2
raw[X -37.3 Y  -0.3 Z  +0.1]  quat[R -37.3 P  -0.2 Y  +0.3]  pose.yaw(+off) +90.3
raw[X -37.3 Y  -0.5 Z  -0.0]  quat[R -37.3 P  -0.4 Y  +0.3]  pose.yaw(+off) +90.3
raw[X -36.2 Y  -0.6 Z  -0.2]  quat[R -36.2 P  -0.6 Y  +0.2]  pose.yaw(+off) +90.2
raw[X -36.3 Y  -0.5 Z  -0.2]  quat[R -36.3 P  -0.5 Y  +0.2]  pose.yaw(+off) +90.2
raw[X -36.3 Y  -0.6 Z  -0.2]  quat[R -36.3 P  -0.6 Y  +0.2]  pose.yaw(+off) +90.2
raw[X -36.3 Y  -0.5 Z  -0.1]  quat[R -36.3 P  -0.5 Y  +0.2]  pose.yaw(+off) +90.2
raw[X -37.2 Y  -0.3 Z  +0.0]  quat[R -37.2 P  -0.2 Y  +0.2]  pose.yaw(+off) +90.2
raw[X -37.3 Y  -0.3 Z  +0.1]  quat[R -37.3 P  -0.2 Y  +0.3]  pose.yaw(+off) +90.3
raw[X -36.3 Y  -0.5 Z  -0.2]  quat[R -36.3 P  -0.5 Y  +0.2]  pose.yaw(+off) +90.2
raw[X -36.2 Y  -0.6 Z  -0.2]  quat[R -36.2 P  -0.6 Y  +0.2]  pose.yaw(+off) +90.2
raw[X -36.3 Y  -0.5 Z  -0.2]  quat[R -36.3 P  -0.5 Y  +0.1]  pose.yaw(+off) +90.1
raw[X -36.1 Y  -0.5 Z  -0.2]  quat[R -36.1 P  -0.6 Y  +0.1]  pose.yaw(+off) +90.1
raw[X -36.2 Y  -0.5 Z  -0.1]  quat[R -36.2 P  -0.5 Y  +0.2]  pose.yaw(+off) +90.2
raw[X -37.3 Y  -0.3 Z  +0.1]  quat[R -37.3 P  -0.2 Y  +0.3]  pose.yaw(+off) +90.3
raw[X -36.2 Y  -0.5 Z  -0.2]  quat[R -36.2 P  -0.6 Y  +0.1]  pose.yaw(+off) +90.1
raw[X -36.1 Y  -0.6 Z  -0.2]  quat[R -36.1 P  -0.6 Y  +0.2]  pose.yaw(+off) +90.2
raw[X -36.3 Y  -0.5 Z  -0.2]  quat[R -36.3 P  -0.5 Y  +0.1]  pose.yaw(+off) +90.1
raw[X -36.2 Y  -0.5 Z  -0.1]  quat[R -36.2 P  -0.5 Y  +0.2]  pose.yaw(+off) +90.2
raw[X -37.4 Y  -0.3 Z  +0.1]  quat[R -37.4 P  -0.2 Y  +0.3]  pose.yaw(+off) +90.3
raw[X -37.1 Y  -0.4 Z  +0.0]  quat[R -37.1 P  -0.3 Y  +0.3]  pose.yaw(+off) +90.3
raw[X -36.4 Y  -0.4 Z  -0.1]  quat[R -36.4 P  -0.4 Y  +0.1]  pose.yaw(+off) +90.1
raw[X -37.4 Y  -0.3 Z  +0.2]  quat[R -37.4 P  -0.2 Y  +0.3]  pose.yaw(+off) +90.3
raw[X -36.2 Y  -0.6 Z  -0.3]  quat[R -36.2 P  -0.7 Y  +0.2]  pose.yaw(+off) +90.2
raw[X -37.3 Y  -0.4 Z  +0.1]  quat[R -37.3 P  -0.2 Y  +0.4]  pose.yaw(+off) +90.4
raw[X -37.3 Y  -0.3 Z  +0.2]  quat[R -37.3 P  -0.2 Y  +0.3]  pose.yaw(+off) +90.3
raw[X -36.1 Y  -0.6 Z  -0.2]  quat[R -36.1 P  -0.6 Y  +0.2]  pose.yaw(+off) +90.2
raw[X -36.3 Y  -0.5 Z  -0.2]  quat[R -36.3 P  -0.5 Y  +0.2]  pose.yaw(+off) +90.2
raw[X -36.2 Y  -0.5 Z  -0.2]  quat[R -36.2 P  -0.5 Y  +0.2]  pose.yaw(+off) +90.2
raw[X -37.4 Y  -0.3 Z  +0.1]  quat[R -37.4 P  -0.2 Y  +0.3]  pose.yaw(+off) +90.3
raw[X -37.4 Y  -0.2 Z  +0.1]  quat[R -37.4 P  -0.1 Y  +0.2]  pose.yaw(+off) +90.2
raw[X -36.2 Y  -0.6 Z  -0.2]  quat[R -36.2 P  -0.6 Y  +0.2]  pose.yaw(+off) +90.2
raw[X -37.2 Y  -0.3 Z  +0.1]  quat[R -37.2 P  -0.2 Y  +0.3]  pose.yaw(+off) +90.3
raw[X -37.3 Y  -0.4 Z  +0.0]  quat[R -37.3 P  -0.3 Y  +0.3]  pose.yaw(+off) +90.3
raw[X -36.1 Y  -0.6 Z  -0.3]  quat[R -36.1 P  -0.6 Y  +0.1]  pose.yaw(+off) +90.1
raw[X -37.3 Y  -0.3 Z  +0.1]  quat[R -37.3 P  -0.2 Y  +0.3]  pose.yaw(+off) +90.3
raw[X -37.3 Y  -0.4 Z  +0.1]  quat[R -37.3 P  -0.3 Y  +0.3]  pose.yaw(+off) +90.3
raw[X -37.3 Y  -0.4 Z  +0.1]  quat[R -37.3 P  -0.2 Y  +0.3]  pose.yaw(+off) +90.3
raw[X -37.2 Y  -0.4 Z  +0.1]  quat[R -37.2 P  -0.2 Y  +0.3]  pose.yaw(+off) +90.3
raw[X -36.1 Y  -0.6 Z  -0.2]  quat[R -36.1 P  -0.6 Y  +0.2]  pose.yaw(+off) +90.2
raw[X -36.2 Y  -0.5 Z  -0.2]  quat[R -36.2 P  -0.5 Y  +0.2]  pose.yaw(+off) +90.2
raw[X -37.3 Y  -0.4 Z  +0.0]  quat[R -37.3 P  -0.3 Y  +0.3]  pose.yaw(+off) +90.3
raw[X -36.2 Y  -0.5 Z  -0.2]  quat[R -36.2 P  -0.6 Y  +0.1]  pose.yaw(+off) +90.1
raw[X -37.5 Y  -0.4 Z  +0.3]  quat[R -37.5 P  -0.1 Y  +0.4]  pose.yaw(+off) +90.4
raw[X -37.2 Y  -0.4 Z  +0.0]  quat[R -37.2 P  -0.3 Y  +0.3]  pose.yaw(+off) +90.3
raw[X -36.2 Y  -0.5 Z  -0.1]  quat[R -36.2 P  -0.4 Y  +0.2]  pose.yaw(+off) +90.2
raw[X -36.1 Y  -0.4 Z  -0.2]  quat[R -36.1 P  -0.5 Y  +0.1]  pose.yaw(+off) +90.1
raw[X -37.3 Y  -0.3 Z  +0.2]  quat[R -37.3 P  -0.2 Y  +0.3]  pose.yaw(+off) +90.3
raw[X -37.3 Y  -0.4 Z  +0.0]  quat[R -37.3 P  -0.3 Y  +0.3]  pose.yaw(+off) +90.3
raw[X -37.2 Y  -0.4 Z  +0.0]  quat[R -37.2 P  -0.3 Y  +0.3]  pose.yaw(+off) +90.3
raw[X -37.2 Y  -0.3 Z  +0.0]  quat[R -37.2 P  -0.2 Y  +0.2]  pose.yaw(+off) +90.2
raw[X -36.3 Y  -0.5 Z  -0.1]  quat[R -36.3 P  -0.5 Y  +0.3]  pose.yaw(+off) +90.3
raw[X -37.3 Y  -0.4 Z  +0.1]  quat[R -37.3 P  -0.2 Y  +0.3]  pose.yaw(+off) +90.3
raw[X -36.2 Y  -0.6 Z  -0.2]  quat[R -36.2 P  -0.6 Y  +0.1]  pose.yaw(+off) +90.1
raw[X -37.2 Y  -0.4 Z  +0.1]  quat[R -37.3 P  -0.2 Y  +0.3]  pose.yaw(+off) +90.3
raw[X -37.2 Y  -0.4 Z  -0.0]  quat[R -37.2 P  -0.3 Y  +0.2]  pose.yaw(+off) +90.2
raw[X -37.3 Y  -0.4 Z  +0.1]  quat[R -37.3 P  -0.2 Y  +0.3]  pose.yaw(+off) +90.3
raw[X -37.3 Y  -0.4 Z  +0.1]  quat[R -37.3 P  -0.2 Y  +0.3]  pose.yaw(+off) +90.3
raw[X -36.2 Y  -0.5 Z  -0.2]  quat[R -36.2 P  -0.5 Y  +0.1]  pose.yaw(+off) +90.1
raw[X -37.5 Y  -0.3 Z  +0.1]  quat[R -37.5 P  -0.1 Y  +0.3]  pose.yaw(+off) +90.3
raw[X -36.2 Y  -0.6 Z  -0.3]  quat[R -36.2 P  -0.7 Y  +0.2]  pose.yaw(+off) +90.2
raw[X -37.3 Y  -0.3 Z  +0.1]  quat[R -37.3 P  -0.2 Y  +0.3]  pose.yaw(+off) +90.3
raw[X -37.5 Y  -0.3 Z  +0.1]  quat[R -37.5 P  -0.2 Y  +0.3]  pose.yaw(+off) +90.3
raw[X -36.1 Y  -0.6 Z  -0.2]  quat[R -36.1 P  -0.6 Y  +0.2]  pose.yaw(+off) +90.2
raw[X -37.5 Y  -0.3 Z  +0.2]  quat[R -37.6 P  -0.1 Y  +0.3]  pose.yaw(+off) +90.3
raw[X -36.2 Y  -0.5 Z  -0.2]  quat[R -36.2 P  -0.5 Y  +0.1]  pose.yaw(+off) +90.1
raw[X -36.3 Y  -0.5 Z  -0.1]  quat[R -36.3 P  -0.5 Y  +0.2]  pose.yaw(+off) +90.2
raw[X -37.4 Y  -0.4 Z  +0.0]  quat[R -37.4 P  -0.3 Y  +0.3]  pose.yaw(+off) +90.3
raw[X -36.1 Y  -0.5 Z  -0.2]  quat[R -36.1 P  -0.5 Y  +0.2]  pose.yaw(+off) +90.2
raw[X -36.3 Y  -0.5 Z  -0.2]  quat[R -36.3 P  -0.5 Y  +0.2]  pose.yaw(+off) +90.2
raw[X -37.3 Y  -0.4 Z  +0.1]  quat[R -37.3 P  -0.2 Y  +0.3]  pose.yaw(+off) +90.3
raw[X -36.2 Y  -0.5 Z  -0.2]  quat[R -36.2 P  -0.6 Y  +0.1]  pose.yaw(+off) +90.1
raw[X -37.4 Y  -0.3 Z  +0.2]  quat[R -37.4 P  -0.1 Y  +0.3]  pose.yaw(+off) +90.3
raw[X -37.2 Y  -0.4 Z  -0.0]  quat[R -37.2 P  -0.3 Y  +0.2]  pose.yaw(+off) +90.2
raw[X -37.4 Y  -0.3 Z  +0.1]  quat[R -37.4 P  -0.2 Y  +0.3]  pose.yaw(+off) +90.3
raw[X -37.3 Y  -0.4 Z  +0.0]  quat[R -37.3 P  -0.3 Y  +0.3]  pose.yaw(+off) +90.3
raw[X -36.2 Y  -0.5 Z  -0.2]  quat[R -36.2 P  -0.6 Y  +0.2]  pose.yaw(+off) +90.2
raw[X -37.2 Y  -0.5 Z  +0.1]  quat[R -37.2 P  -0.3 Y  +0.3]  pose.yaw(+off) +90.3
raw[X -37.4 Y  -0.3 Z  +0.1]  quat[R -37.4 P  -0.2 Y  +0.3]  pose.yaw(+off) +90.3
raw[X -36.2 Y  -0.6 Z  -0.3]  quat[R -36.2 P  -0.6 Y  +0.1]  pose.yaw(+off) +90.1
raw[X -37.5 Y  -0.4 Z  +0.1]  quat[R -37.5 P  -0.2 Y  +0.3]  pose.yaw(+off) +90.3
raw[X -36.2 Y  -0.5 Z  -0.2]  quat[R -36.2 P  -0.6 Y  +0.1]  pose.yaw(+off) +90.1
raw[X -36.3 Y  -0.5 Z  -0.2]  quat[R -36.3 P  -0.5 Y  +0.2]  pose.yaw(+off) +90.2
raw[X -36.3 Y  -0.5 Z  -0.2]  quat[R -36.3 P  -0.5 Y  +0.2]  pose.yaw(+off) +90.2
raw[X -36.2 Y  -0.5 Z  -0.2]  quat[R -36.2 P  -0.5 Y  +0.1]  pose.yaw(+off) +90.1
raw[X -36.2 Y  -0.5 Z  -0.2]  quat[R -36.2 P  -0.5 Y  +0.1]  pose.yaw(+off) +90.1
raw[X -37.4 Y  -0.2 Z  +0.2]  quat[R -37.4 P  -0.0 Y  +0.3]  pose.yaw(+off) +90.3
raw[X -36.2 Y  -0.6 Z  -0.2]  quat[R -36.2 P  -0.6 Y  +0.2]  pose.yaw(+off) +90.2
raw[X -37.4 Y  -0.3 Z  +0.2]  quat[R -37.4 P  -0.1 Y  +0.3]  pose.yaw(+off) +90.3
raw[X -36.2 Y  -0.6 Z  -0.2]  quat[R -36.2 P  -0.7 Y  +0.2]  pose.yaw(+off) +90.2
raw[X -36.2 Y  -0.5 Z  -0.1]  quat[R -36.2 P  -0.5 Y  +0.2]  pose.yaw(+off) +90.2
raw[X -37.2 Y  -0.3 Z  +0.1]  quat[R -37.2 P  -0.2 Y  +0.3]  pose.yaw(+off) +90.3
raw[X -36.1 Y  -0.6 Z  -0.2]  quat[R -36.1 P  -0.6 Y  +0.2]  pose.yaw(+off) +90.2
raw[X -36.3 Y  -0.5 Z  -0.1]  quat[R -36.3 P  -0.5 Y  +0.2]  pose.yaw(+off) +90.2
raw[X -36.3 Y  -0.4 Z  -0.1]  quat[R -36.3 P  -0.4 Y  +0.2]  pose.yaw(+off) +90.2
raw[X -36.2 Y  -0.6 Z  -0.2]  quat[R -36.2 P  -0.6 Y  +0.2]  pose.yaw(+off) +90.2
raw[X -37.3 Y  -0.4 Z  +0.1]  quat[R -37.3 P  -0.2 Y  +0.3]  pose.yaw(+off) +90.3
raw[X -36.1 Y  -0.5 Z  -0.2]  quat[R -36.1 P  -0.6 Y  +0.2]  pose.yaw(+off) +90.2
raw[X -37.4 Y  -0.3 Z  +0.1]  quat[R -37.4 P  -0.2 Y  +0.3]  pose.yaw(+off) +90.3
raw[X -36.2 Y  -0.6 Z  -0.2]  quat[R -36.2 P  -0.6 Y  +0.2]  pose.yaw(+off) +90.2
raw[X -36.2 Y  -0.4 Z  -0.1]  quat[R -36.2 P  -0.4 Y  +0.2]  pose.yaw(+off) +90.2
raw[X -37.3 Y  -0.3 Z  +0.1]  quat[R -37.3 P  -0.2 Y  +0.3]  pose.yaw(+off) +90.3
raw[X -36.1 Y  -0.6 Z  -0.2]  quat[R -36.1 P  -0.6 Y  +0.2]  pose.yaw(+off) +90.2
raw[X -36.3 Y  -0.5 Z  -0.1]  quat[R -36.3 P  -0.4 Y  +0.2]  pose.yaw(+off) +90.2
raw[X -36.3 Y  -0.6 Z  -0.2]  quat[R -36.3 P  -0.6 Y  +0.2]  pose.yaw(+off) +90.2
raw[X -36.3 Y  -0.4 Z  -0.2]  quat[R -36.3 P  -0.4 Y  +0.1]  pose.yaw(+off) +90.1
raw[X -36.3 Y  -0.5 Z  -0.2]  quat[R -36.3 P  -0.5 Y  +0.2]  pose.yaw(+off) +90.2
raw[X -36.2 Y  -0.5 Z  -0.2]  quat[R -36.2 P  -0.5 Y  +0.2]  pose.yaw(+off) +90.2
raw[X -36.2 Y  -0.5 Z  -0.2]  quat[R -36.2 P  -0.5 Y  +0.2]  pose.yaw(+off) +90.2
raw[X -37.5 Y  -0.3 Z  +0.1]  quat[R -37.5 P  -0.1 Y  +0.3]  pose.yaw(+off) +90.3
raw[X -37.2 Y  -0.5 Z  -0.0]  quat[R -37.2 P  -0.4 Y  +0.3]  pose.yaw(+off) +90.3
raw[X -37.1 Y  -0.4 Z  +0.1]  quat[R -37.1 P  -0.2 Y  +0.3]  pose.yaw(+off) +90.3
raw[X -37.3 Y  -0.4 Z  +0.1]  quat[R -37.3 P  -0.3 Y  +0.3]  pose.yaw(+off) +90.3
raw[X -36.2 Y  -0.6 Z  -0.2]  quat[R -36.2 P  -0.6 Y  +0.2]  pose.yaw(+off) +90.2
raw[X -36.3 Y  -0.5 Z  -0.2]  quat[R -36.3 P  -0.5 Y  +0.2]  pose.yaw(+off) +90.2
raw[X -36.4 Y  -0.5 Z  -0.1]  quat[R -36.4 P  -0.5 Y  +0.2]  pose.yaw(+off) +90.2
raw[X -36.2 Y  -0.5 Z  -0.2]  quat[R -36.2 P  -0.5 Y  +0.1]  pose.yaw(+off) +90.1
raw[X -36.3 Y  -0.5 Z  -0.1]  quat[R -36.3 P  -0.5 Y  +0.2]  pose.yaw(+off) +90.2
raw[X -37.1 Y  -0.4 Z  +0.0]  quat[R -37.1 P  -0.3 Y  +0.2]  pose.yaw(+off) +90.2
raw[X -37.2 Y  -0.4 Z  +0.1]  quat[R -37.2 P  -0.3 Y  +0.3]  pose.yaw(+off) +90.3
raw[X -36.3 Y  -0.6 Z  -0.2]  quat[R -36.3 P  -0.6 Y  +0.2]  pose.yaw(+off) +90.2
raw[X -36.2 Y  -0.5 Z  -0.2]  quat[R -36.2 P  -0.5 Y  +0.2]  pose.yaw(+off) +90.2
raw[X -37.4 Y  -0.2 Z  +0.1]  quat[R -37.4 P  -0.1 Y  +0.2]  pose.yaw(+off) +90.2
raw[X -36.1 Y  -0.5 Z  -0.2]  quat[R -36.1 P  -0.5 Y  +0.1]  pose.yaw(+off) +90.1
raw[X -36.3 Y  -0.4 Z  -0.1]  quat[R -36.3 P  -0.4 Y  +0.2]  pose.yaw(+off) +90.2
raw[X -36.2 Y  -0.5 Z  -0.2]  quat[R -36.2 P  -0.5 Y  +0.1]  pose.yaw(+off) +90.1
raw[X -36.1 Y  -0.5 Z  -0.2]  quat[R -36.1 P  -0.5 Y  +0.2]  pose.yaw(+off) +90.2
raw[X -37.2 Y  -0.3 Z  +0.1]  quat[R -37.2 P  -0.2 Y  +0.2]  pose.yaw(+off) +90.2
raw[X -36.2 Y  -0.6 Z  -0.1]  quat[R -36.2 P  -0.6 Y  +0.2]  pose.yaw(+off) +90.2
raw[X -36.3 Y  -0.5 Z  -0.1]  quat[R -36.3 P  -0.5 Y  +0.2]  pose.yaw(+off) +90.2
raw[X -36.1 Y  -0.5 Z  -0.2]  quat[R -36.1 P  -0.5 Y  +0.1]  pose.yaw(+off) +90.1
raw[X -36.2 Y  -0.5 Z  -0.2]  quat[R -36.2 P  -0.5 Y  +0.2]  pose.yaw(+off) +90.2
raw[X -36.3 Y  -0.5 Z  -0.1]  quat[R -36.3 P  -0.5 Y  +0.2]  pose.yaw(+off) +90.2
raw[X -37.2 Y  -0.4 Z  +0.1]  quat[R -37.2 P  -0.3 Y  +0.3]  pose.yaw(+off) +90.3
raw[X -37.3 Y  -0.3 Z  +0.1]  quat[R -37.3 P  -0.2 Y  +0.2]  pose.yaw(+off) +90.2
raw[X -37.2 Y  -0.3 Z  +0.2]  quat[R -37.2 P  -0.1 Y  +0.3]  pose.yaw(+off) +90.3
raw[X -37.2 Y  -0.4 Z  +0.0]  quat[R -37.2 P  -0.3 Y  +0.2]  pose.yaw(+off) +90.2
raw[X -36.4 Y  -0.5 Z  -0.1]  quat[R -36.4 P  -0.4 Y  +0.2]  pose.yaw(+off) +90.2
raw[X -37.2 Y  -0.4 Z  +0.0]  quat[R -37.2 P  -0.3 Y  +0.3]  pose.yaw(+off) +90.3
raw[X -36.2 Y  -0.5 Z  -0.1]  quat[R -36.2 P  -0.5 Y  +0.2]  pose.yaw(+off) +90.2
raw[X -37.4 Y  -0.3 Z  +0.2]  quat[R -37.4 P  -0.1 Y  +0.3]  pose.yaw(+off) +90.3
raw[X -37.2 Y  -0.4 Z  -0.0]  quat[R -37.2 P  -0.3 Y  +0.2]  pose.yaw(+off) +90.2
raw[X -36.2 Y  -0.5 Z  -0.2]  quat[R -36.2 P  -0.5 Y  +0.2]  pose.yaw(+off) +90.2
raw[X -37.3 Y  -0.4 Z  +0.0]  quat[R -37.3 P  -0.3 Y  +0.3]  pose.yaw(+off) +90.3
raw[X -36.1 Y  -0.6 Z  -0.2]  quat[R -36.1 P  -0.6 Y  +0.2]  pose.yaw(+off) +90.2
raw[X -37.4 Y  -0.4 Z  +0.1]  quat[R -37.4 P  -0.2 Y  +0.3]  pose.yaw(+off) +90.3
raw[X -37.2 Y  -0.4 Z  +0.0]  quat[R -37.2 P  -0.3 Y  +0.2]  pose.yaw(+off) +90.2
raw[X -36.1 Y  -0.5 Z  -0.1]  quat[R -36.1 P  -0.5 Y  +0.2]  pose.yaw(+off) +90.2
raw[X -37.4 Y  -0.4 Z  +0.1]  quat[R -37.4 P  -0.2 Y  +0.3]  pose.yaw(+off) +90.3
raw[X -36.1 Y  -0.5 Z  -0.2]  quat[R -36.1 P  -0.5 Y  +0.2]  pose.yaw(+off) +90.2
raw[X -36.3 Y  -0.5 Z  -0.1]  quat[R -36.3 P  -0.5 Y  +0.2]  pose.yaw(+off) +90.2
raw[X -37.1 Y  -0.4 Z  +0.0]  quat[R -37.1 P  -0.3 Y  +0.3]  pose.yaw(+off) +90.3
raw[X -36.1 Y  -0.5 Z  -0.2]  quat[R -36.1 P  -0.5 Y  +0.2]  pose.yaw(+off) +90.2
raw[X -36.3 Y  -0.6 Z  -0.1]  quat[R -36.3 P  -0.6 Y  +0.3]  pose.yaw(+off) +90.3
raw[X -36.1 Y  -0.6 Z  -0.2]  quat[R -36.1 P  -0.6 Y  +0.2]  pose.yaw(+off) +90.2
raw[X -36.2 Y  -0.5 Z  -0.1]  quat[R -36.2 P  -0.5 Y  +0.2]  pose.yaw(+off) +90.2
raw[X -37.4 Y  -0.3 Z  +0.1]  quat[R -37.4 P  -0.2 Y  +0.2]  pose.yaw(+off) +90.2
raw[X -36.1 Y  -0.6 Z  -0.2]  quat[R -36.1 P  -0.6 Y  +0.2]  pose.yaw(+off) +90.2
raw[X -37.4 Y  -0.3 Z  +0.2]  quat[R -37.4 P  -0.1 Y  +0.3]  pose.yaw(+off) +90.3
raw[X -36.2 Y  -0.6 Z  -0.3]  quat[R -36.2 P  -0.6 Y  +0.2]  pose.yaw(+off) +90.2
raw[X -36.2 Y  -0.5 Z  -0.2]  quat[R -36.2 P  -0.5 Y  +0.2]  pose.yaw(+off) +90.2
raw[X -37.3 Y  -0.3 Z  +0.1]  quat[R -37.3 P  -0.2 Y  +0.3]  pose.yaw(+off) +90.3
raw[X -37.2 Y  -0.4 Z  +0.1]  quat[R -37.2 P  -0.3 Y  +0.3]  pose.yaw(+off) +90.3
raw[X -36.2 Y  -0.5 Z  -0.1]  quat[R -36.2 P  -0.5 Y  +0.2]  pose.yaw(+off) +90.2
raw[X -37.3 Y  -0.3 Z  +0.1]  quat[R -37.3 P  -0.2 Y  +0.2]  pose.yaw(+off) +90.2
raw[X -36.2 Y  -0.6 Z  -0.2]  quat[R -36.2 P  -0.6 Y  +0.2]  pose.yaw(+off) +90.2
raw[X -37.5 Y  -0.2 Z  +0.2]  quat[R -37.5 P  -0.1 Y  +0.3]  pose.yaw(+off) +90.3
raw[X -36.2 Y  -0.6 Z  -0.2]  quat[R -36.2 P  -0.6 Y  +0.2]  pose.yaw(+off) +90.2
raw[X -36.2 Y  -0.5 Z  -0.1]  quat[R -36.2 P  -0.4 Y  +0.2]  pose.yaw(+off) +90.2
raw[X -37.3 Y  -0.4 Z  +0.1]  quat[R -37.3 P  -0.2 Y  +0.3]  pose.yaw(+off) +90.3
raw[X -36.1 Y  -0.5 Z  -0.2]  quat[R -36.1 P  -0.5 Y  +0.1]  pose.yaw(+off) +90.1
raw[X -37.4 Y  -0.3 Z  +0.2]  quat[R -37.4 P  -0.2 Y  +0.3]  pose.yaw(+off) +90.3
raw[X -37.3 Y  -0.4 Z  +0.1]  quat[R -37.3 P  -0.3 Y  +0.3]  pose.yaw(+off) +90.3
raw[X -36.1 Y  -0.6 Z  -0.2]  quat[R -36.1 P  -0.6 Y  +0.2]  pose.yaw(+off) +90.2
raw[X -36.3 Y  -0.5 Z  -0.1]  quat[R -36.3 P  -0.4 Y  +0.2]  pose.yaw(+off) +90.2
raw[X -36.2 Y  -0.5 Z  -0.2]  quat[R -36.2 P  -0.5 Y  +0.1]  pose.yaw(+off) +90.1
raw[X -36.2 Y  -0.5 Z  -0.2]  quat[R -36.2 P  -0.6 Y  +0.1]  pose.yaw(+off) +90.1
raw[X -37.5 Y  -0.2 Z  +0.2]  quat[R -37.5 P  -0.1 Y  +0.3]  pose.yaw(+off) +90.3
raw[X -36.2 Y  -0.5 Z  -0.2]  quat[R -36.2 P  -0.5 Y  +0.1]  pose.yaw(+off) +90.1
raw[X -36.3 Y  -0.5 Z  -0.1]  quat[R -36.3 P  -0.5 Y  +0.2]  pose.yaw(+off) +90.2
raw[X -37.2 Y  -0.4 Z  +0.0]  quat[R -37.2 P  -0.3 Y  +0.2]  pose.yaw(+off) +90.2
raw[X -36.0 Y  -0.5 Z  -0.2]  quat[R -36.0 P  -0.6 Y  +0.1]  pose.yaw(+off) +90.1
raw[X -37.5 Y  -0.3 Z  +0.2]  quat[R -37.5 P  -0.1 Y  +0.3]  pose.yaw(+off) +90.3
raw[X -36.1 Y  -0.5 Z  -0.3]  quat[R -36.1 P  -0.6 Y  +0.1]  pose.yaw(+off) +90.1
raw[X -36.3 Y  -0.5 Z  -0.2]  quat[R -36.3 P  -0.5 Y  +0.2]  pose.yaw(+off) +90.2
raw[X -37.4 Y  -0.3 Z  +0.1]  quat[R -37.4 P  -0.2 Y  +0.3]  pose.yaw(+off) +90.3
raw[X -37.1 Y  -0.4 Z  -0.0]  quat[R -37.1 P  -0.3 Y  +0.2]  pose.yaw(+off) +90.2
raw[X -36.3 Y  -0.5 Z  -0.1]  quat[R -36.3 P  -0.5 Y  +0.2]  pose.yaw(+off) +90.2
raw[X -37.4 Y  -0.3 Z  +0.1]  quat[R -37.4 P  -0.2 Y  +0.2]  pose.yaw(+off) +90.2
raw[X -36.1 Y  -0.6 Z  -0.3]  quat[R -36.1 P  -0.6 Y  +0.1]  pose.yaw(+off) +90.1
raw[X -37.4 Y  -0.3 Z  +0.2]  quat[R -37.4 P  -0.1 Y  +0.3]  pose.yaw(+off) +90.3
raw[X -37.1 Y  -0.4 Z  -0.1]  quat[R -37.1 P  -0.4 Y  +0.2]  pose.yaw(+off) +90.2
raw[X -37.4 Y  -0.4 Z  +0.1]  quat[R -37.4 P  -0.2 Y  +0.3]  pose.yaw(+off) +90.3
raw[X -37.4 Y  -0.3 Z  +0.2]  quat[R -37.4 P  -0.1 Y  +0.3]  pose.yaw(+off) +90.3
raw[X -36.1 Y  -0.6 Z  -0.3]  quat[R -36.1 P  -0.6 Y  +0.1]  pose.yaw(+off) +90.1
raw[X -37.4 Y  -0.3 Z  +0.1]  quat[R -37.4 P  -0.2 Y  +0.2]  pose.yaw(+off) +90.2
raw[X -37.3 Y  -0.3 Z  +0.0]  quat[R -37.3 P  -0.2 Y  +0.2]  pose.yaw(+off) +90.2
raw[X -36.2 Y  -0.5 Z  -0.1]  quat[R -36.2 P  -0.5 Y  +0.2]  pose.yaw(+off) +90.2
raw[X -37.5 Y  -0.2 Z  +0.2]  quat[R -37.5 P  -0.1 Y  +0.3]  pose.yaw(+off) +90.3
raw[X -36.2 Y  -0.6 Z  -0.2]  quat[R -36.2 P  -0.6 Y  +0.2]  pose.yaw(+off) +90.2
raw[X -37.5 Y  -0.4 Z  +0.2]  quat[R -37.5 P  -0.2 Y  +0.3]  pose.yaw(+off) +90.3
raw[X -37.2 Y  -0.4 Z  +0.0]  quat[R -37.2 P  -0.3 Y  +0.2]  pose.yaw(+off) +90.2
raw[X -36.1 Y  -0.4 Z  -0.2]  quat[R -36.1 P  -0.4 Y  +0.1]  pose.yaw(+off) +90.1
raw[X -37.4 Y  -0.3 Z  +0.2]  quat[R -37.4 P  -0.1 Y  +0.4]  pose.yaw(+off) +90.4
raw[X -36.1 Y  -0.6 Z  -0.2]  quat[R -36.1 P  -0.6 Y  +0.2]  pose.yaw(+off) +90.2
raw[X -36.3 Y  -0.5 Z  -0.1]  quat[R -36.3 P  -0.4 Y  +0.2]  pose.yaw(+off) +90.2
raw[X -37.3 Y  -0.4 Z  +0.1]  quat[R -37.3 P  -0.2 Y  +0.3]  pose.yaw(+off) +90.3
raw[X -36.1 Y  -0.7 Z  -0.3]  quat[R -36.1 P  -0.7 Y  +0.2]  pose.yaw(+off) +90.2
raw[X -37.6 Y  -0.3 Z  +0.2]  quat[R -37.6 P  -0.2 Y  +0.4]  pose.yaw(+off) +90.4
raw[X -36.1 Y  -0.6 Z  -0.3]  quat[R -36.1 P  -0.7 Y  +0.1]  pose.yaw(+off) +90.1
raw[X -36.3 Y  -0.6 Z  -0.1]  quat[R -36.3 P  -0.6 Y  +0.2]  pose.yaw(+off) +90.2
raw[X -37.5 Y  -0.3 Z  +0.2]  quat[R -37.5 P  -0.1 Y  +0.3]  pose.yaw(+off) +90.3
raw[X -36.1 Y  -0.5 Z  -0.2]  quat[R -36.1 P  -0.6 Y  +0.1]  pose.yaw(+off) +90.1
raw[X -37.4 Y  -0.3 Z  +0.1]  quat[R -37.4 P  -0.1 Y  +0.3]  pose.yaw(+off) +90.3
raw[X -36.1 Y  -0.6 Z  -0.2]  quat[R -36.1 P  -0.6 Y  +0.1]  pose.yaw(+off) +90.1
raw[X -37.3 Y  -0.3 Z  +0.1]  quat[R -37.3 P  -0.2 Y  +0.3]  pose.yaw(+off) +90.3
raw[X -37.5 Y  -0.2 Z  +0.2]  quat[R -37.5 P  -0.1 Y  +0.3]  pose.yaw(+off) +90.3
raw[X -37.1 Y  -0.4 Z  +0.0]  quat[R -37.1 P  -0.3 Y  +0.2]  pose.yaw(+off) +90.2
raw[X -37.4 Y  -0.3 Z  +0.3]  quat[R -37.4 P  -0.0 Y  +0.4]  pose.yaw(+off) +90.4
raw[X -37.4 Y  -0.3 Z  +0.1]  quat[R -37.4 P  -0.2 Y  +0.2]  pose.yaw(+off) +90.2
raw[X -36.1 Y  -0.6 Z  -0.3]  quat[R -36.1 P  -0.6 Y  +0.1]  pose.yaw(+off) +90.1
raw[X -37.4 Y  -0.2 Z  +0.2]  quat[R -37.4 P  -0.1 Y  +0.3]  pose.yaw(+off) +90.3
raw[X -37.3 Y  -0.3 Z  +0.1]  quat[R -37.3 P  -0.2 Y  +0.2]  pose.yaw(+off) +90.2
raw[X -36.1 Y  -0.6 Z  -0.2]  quat[R -36.1 P  -0.6 Y  +0.2]  pose.yaw(+off) +90.2
raw[X -37.4 Y  -0.3 Z  +0.2]  quat[R -37.4 P  -0.1 Y  +0.3]  pose.yaw(+off) +90.3
raw[X -36.1 Y  -0.6 Z  -0.3]  quat[R -36.1 P  -0.7 Y  +0.1]  pose.yaw(+off) +90.1
raw[X -36.3 Y  -0.6 Z  -0.1]  quat[R -36.3 P  -0.5 Y  +0.2]  pose.yaw(+off) +90.2
raw[X -37.4 Y  -0.2 Z  +0.2]  quat[R -37.4 P  -0.1 Y  +0.3]  pose.yaw(+off) +90.3
raw[X -36.1 Y  -0.6 Z  -0.3]  quat[R -36.1 P  -0.7 Y  +0.1]  pose.yaw(+off) +90.1
raw[X -37.4 Y  -0.3 Z  +0.2]  quat[R -37.4 P  -0.1 Y  +0.3]  pose.yaw(+off) +90.3
raw[X -36.1 Y  -0.5 Z  -0.2]  quat[R -36.1 P  -0.6 Y  +0.1]  pose.yaw(+off) +90.1
raw[X -36.2 Y  -0.5 Z  -0.2]  quat[R -36.2 P  -0.5 Y  +0.2]  pose.yaw(+off) +90.2
raw[X -37.3 Y  -0.2 Z  +0.2]  quat[R -37.3 P  -0.0 Y  +0.2]  pose.yaw(+off) +90.2
raw[X -36.2 Y  -0.5 Z  -0.2]  quat[R -36.2 P  -0.6 Y  +0.1]  pose.yaw(+off) +90.1
raw[X -36.3 Y  -0.4 Z  -0.1]  quat[R -36.3 P  -0.4 Y  +0.2]  pose.yaw(+off) +90.2
raw[X -36.2 Y  -0.5 Z  -0.2]  quat[R -36.2 P  -0.6 Y  +0.1]  pose.yaw(+off) +90.1
raw[X -36.2 Y  -0.5 Z  -0.2]  quat[R -36.2 P  -0.5 Y  +0.1]  pose.yaw(+off) +90.1
raw[X -37.5 Y  -0.2 Z  +0.2]  quat[R -37.5 P  -0.0 Y  +0.3]  pose.yaw(+off) +90.3
raw[X -36.2 Y  -0.6 Z  -0.2]  quat[R -36.2 P  -0.6 Y  +0.2]  pose.yaw(+off) +90.2
raw[X -36.2 Y  -0.6 Z  -0.2]  quat[R -36.2 P  -0.6 Y  +0.2]  pose.yaw(+off) +90.2
raw[X -37.4 Y  -0.4 Z  +0.2]  quat[R -37.4 P  -0.2 Y  +0.4]  pose.yaw(+off) +90.4
raw[X -36.1 Y  -0.6 Z  -0.3]  quat[R -36.1 P  -0.6 Y  +0.1]  pose.yaw(+off) +90.1
raw[X -37.4 Y  -0.3 Z  +0.2]  quat[R -37.4 P  -0.1 Y  +0.3]  pose.yaw(+off) +90.3
raw[X -36.1 Y  -0.6 Z  -0.3]  quat[R -36.1 P  -0.6 Y  +0.1]  pose.yaw(+off) +90.1
raw[X -36.1 Y  -0.4 Z  -0.1]  quat[R -36.1 P  -0.4 Y  +0.2]  pose.yaw(+off) +90.2
raw[X -37.5 Y  -0.3 Z  +0.3]  quat[R -37.5 P  -0.1 Y  +0.4]  pose.yaw(+off) +90.4
raw[X -36.1 Y  -0.6 Z  -0.3]  quat[R -36.1 P  -0.6 Y  +0.1]  pose.yaw(+off) +90.1
raw[X -36.4 Y  -0.4 Z  -0.1]  quat[R -36.4 P  -0.4 Y  +0.2]  pose.yaw(+off) +90.2
raw[X -37.4 Y  -0.3 Z  +0.1]  quat[R -37.4 P  -0.2 Y  +0.2]  pose.yaw(+off) +90.2
raw[X -36.1 Y  -0.5 Z  -0.1]  quat[R -36.1 P  -0.5 Y  +0.2]  pose.yaw(+off) +90.2
raw[X -37.3 Y  -0.4 Z  +0.1]  quat[R -37.3 P  -0.2 Y  +0.3]  pose.yaw(+off) +90.3
raw[X -36.0 Y  -0.4 Z  -0.1]  quat[R -36.0 P  -0.4 Y  +0.2]  pose.yaw(+off) +90.2
raw[X -36.4 Y  -0.5 Z  -0.1]  quat[R -36.4 P  -0.5 Y  +0.2]  pose.yaw(+off) +90.2
raw[X -37.4 Y  -0.3 Z  +0.1]  quat[R -37.4 P  -0.1 Y  +0.3]  pose.yaw(+off) +90.3
raw[X -36.1 Y  -0.5 Z  -0.2]  quat[R -36.1 P  -0.6 Y  +0.1]  pose.yaw(+off) +90.1
raw[X -36.3 Y  -0.5 Z  -0.1]  quat[R -36.3 P  -0.4 Y  +0.2]  pose.yaw(+off) +90.2
raw[X -37.5 Y  -0.4 Z  +0.1]  quat[R -37.5 P  -0.2 Y  +0.3]  pose.yaw(+off) +90.3
raw[X -36.2 Y  -0.6 Z  -0.2]  quat[R -36.2 P  -0.6 Y  +0.2]  pose.yaw(+off) +90.2
raw[X -37.4 Y  -0.3 Z  +0.2]  quat[R -37.4 P  -0.1 Y  +0.3]  pose.yaw(+off) +90.3
raw[X -36.1 Y  -0.6 Z  -0.3]  quat[R -36.1 P  -0.6 Y  +0.1]  pose.yaw(+off) +90.1
raw[X -36.3 Y  -0.5 Z  -0.1]  quat[R -36.3 P  -0.5 Y  +0.2]  pose.yaw(+off) +90.2
raw[X -36.2 Y  -0.5 Z  -0.1]  quat[R -36.2 P  -0.5 Y  +0.2]  pose.yaw(+off) +90.2
raw[X -36.2 Y  -0.6 Z  -0.2]  quat[R -36.2 P  -0.5 Y  +0.2]  pose.yaw(+off) +90.2
raw[X -36.3 Y  -0.5 Z  -0.1]  quat[R -36.3 P  -0.5 Y  +0.2]  pose.yaw(+off) +90.2
raw[X -36.1 Y  -0.5 Z  -0.2]  quat[R -36.1 P  -0.6 Y  +0.2]  pose.yaw(+off) +90.2
raw[X -36.1 Y  -0.5 Z  -0.2]  quat[R -36.1 P  -0.5 Y  +0.1]  pose.yaw(+off) +90.1
raw[X -37.5 Y  -0.3 Z  +0.2]  quat[R -37.5 P  -0.1 Y  +0.3]  pose.yaw(+off) +90.3
raw[X -36.2 Y  -0.5 Z  -0.2]  quat[R -36.2 P  -0.6 Y  +0.1]  pose.yaw(+off) +90.1
raw[X -36.3 Y  -0.5 Z  -0.1]  quat[R -36.3 P  -0.5 Y  +0.2]  pose.yaw(+off) +90.2
raw[X -37.3 Y  -0.4 Z  +0.1]  quat[R -37.3 P  -0.3 Y  +0.3]  pose.yaw(+off) +90.3
raw[X -36.2 Y  -0.5 Z  -0.1]  quat[R -36.2 P  -0.4 Y  +0.2]  pose.yaw(+off) +90.2
raw[X -37.6 Y  -0.4 Z  +0.2]  quat[R -37.6 P  -0.2 Y  +0.4]  pose.yaw(+off) +90.4
raw[X -36.2 Y  -0.6 Z  -0.2]  quat[R -36.2 P  -0.6 Y  +0.1]  pose.yaw(+off) +90.1
raw[X -36.3 Y  -0.5 Z  -0.1]  quat[R -36.3 P  -0.5 Y  +0.2]  pose.yaw(+off) +90.2
raw[X -37.5 Y  -0.3 Z  +0.1]  quat[R -37.5 P  -0.2 Y  +0.3]  pose.yaw(+off) +90.3
raw[X -36.1 Y  -0.5 Z  -0.2]  quat[R -36.1 P  -0.5 Y  +0.1]  pose.yaw(+off) +90.1
raw[X -37.4 Y  -0.2 Z  +0.2]  quat[R -37.4 P  -0.1 Y  +0.3]  pose.yaw(+off) +90.3
raw[X -36.2 Y  -0.5 Z  -0.2]  quat[R -36.2 P  -0.5 Y  +0.1]  pose.yaw(+off) +90.1
raw[X -36.2 Y  -0.5 Z  -0.2]  quat[R -36.2 P  -0.5 Y  +0.2]  pose.yaw(+off) +90.2
raw[X -37.4 Y  -0.3 Z  +0.1]  quat[R -37.4 P  -0.2 Y  +0.3]  pose.yaw(+off) +90.3
raw[X -36.1 Y  -0.5 Z  -0.2]  quat[R -36.1 P  -0.6 Y  +0.2]  pose.yaw(+off) +90.2
raw[X -37.4 Y  -0.3 Z  +0.1]  quat[R -37.4 P  -0.1 Y  +0.3]  pose.yaw(+off) +90.3
raw[X -37.3 Y  -0.3 Z  +0.1]  quat[R -37.3 P  -0.2 Y  +0.3]  pose.yaw(+off) +90.3
raw[X -36.2 Y  -0.5 Z  -0.2]  quat[R -36.2 P  -0.5 Y  +0.2]  pose.yaw(+off) +90.2
raw[X -37.4 Y  -0.2 Z  +0.3]  quat[R -37.4 P  -0.0 Y  +0.3]  pose.yaw(+off) +90.3
raw[X -36.1 Y  -0.5 Z  -0.2]  quat[R -36.1 P  -0.6 Y  +0.1]  pose.yaw(+off) +90.1
raw[X -36.3 Y  -0.3 Z  -0.1]  quat[R -36.3 P  -0.3 Y  +0.1]  pose.yaw(+off) +90.1
raw[X -37.2 Y  -0.4 Z  +0.0]  quat[R -37.2 P  -0.3 Y  +0.2]  pose.yaw(+off) +90.2
raw[X -36.0 Y  -0.5 Z  -0.2]  quat[R -36.0 P  -0.5 Y  +0.2]  pose.yaw(+off) +90.2
raw[X -37.4 Y  -0.2 Z  +0.2]  quat[R -37.4 P  -0.0 Y  +0.3]  pose.yaw(+off) +90.3
raw[X -36.2 Y  -0.6 Z  -0.2]  quat[R -36.2 P  -0.6 Y  +0.2]  pose.yaw(+off) +90.2
raw[X -37.5 Y  +0.2 Z  +0.2]  quat[R -37.5 P  +0.3 Y  +0.1]  pose.yaw(+off) +90.1
raw[X -37.4 Y  -0.4 Z  +0.1]  quat[R -37.4 P  -0.2 Y  +0.3]  pose.yaw(+off) +90.3
raw[X -36.1 Y  -0.6 Z  -0.3]  quat[R -36.1 P  -0.7 Y  +0.1]  pose.yaw(+off) +90.1
raw[X -37.5 Y  -0.2 Z  +0.3]  quat[R -37.5 P  -0.0 Y  +0.4]  pose.yaw(+off) +90.4
raw[X -36.1 Y  -0.8 Z  -0.4]  quat[R -36.1 P  -0.9 Y  +0.1]  pose.yaw(+off) +90.1
raw[X -36.1 Y  -0.7 Z  -0.3]  quat[R -36.1 P  -0.7 Y  +0.2]  pose.yaw(+off) +90.2
raw[X -36.4 Y  -0.5 Z  -0.2]  quat[R -36.4 P  -0.6 Y  +0.1]  pose.yaw(+off) +90.1
raw[X -36.0 Y  -0.6 Z  -0.3]  quat[R -36.0 P  -0.6 Y  +0.1]  pose.yaw(+off) +90.1
raw[X -36.4 Y  -0.6 Z  -0.1]  quat[R -36.4 P  -0.6 Y  +0.2]  pose.yaw(+off) +90.2
raw[X -36.0 Y  -0.6 Z  -0.4]  quat[R -36.0 P  -0.7 Y  +0.0]  pose.yaw(+off) +90.0
raw[X -35.9 Y  -0.5 Z  -0.5]  quat[R -35.9 P  -0.7 Y  -0.1]  pose.yaw(+off) +89.9
raw[X -36.4 Y  -0.6 Z  -0.2]  quat[R -36.4 P  -0.6 Y  +0.2]  pose.yaw(+off) +90.2
raw[X -35.7 Y  -0.7 Z  -0.4]  quat[R -35.7 P  -0.8 Y  +0.1]  pose.yaw(+off) +90.1
raw[X -35.7 Y  -0.9 Z  -0.4]  quat[R -35.7 P  -1.0 Y  +0.2]  pose.yaw(+off) +90.2
raw[X -37.7 Y  -0.5 Z  +0.5]  quat[R -37.7 P  -0.1 Y  +0.7]  pose.yaw(+off) +90.7
raw[X -36.8 Y  -0.6 Z  -0.1]  quat[R -36.8 P  -0.5 Y  +0.2]  pose.yaw(+off) +90.2
raw[X -37.4 Y  -0.6 Z  +0.2]  quat[R -37.4 P  -0.4 Y  +0.5]  pose.yaw(+off) +90.5
raw[X -37.2 Y  -0.9 Z  +0.0]  quat[R -37.2 P  -0.7 Y  +0.6]  pose.yaw(+off) +90.6
raw[X -37.2 Y  -1.4 Z  +0.1]  quat[R -37.2 P  -1.1 Y  +0.9]  pose.yaw(+off) +90.9
raw[X -36.5 Y  -1.3 Z  -0.0]  quat[R -36.5 P  -1.0 Y  +0.7]  pose.yaw(+off) +90.7
raw[X -35.9 Y  -1.3 Z  -0.4]  quat[R -35.9 P  -1.2 Y  +0.4]  pose.yaw(+off) +90.4
raw[X -36.1 Y  -1.8 Z  -0.2]  quat[R -36.1 P  -1.6 Y  +0.9]  pose.yaw(+off) +90.9
raw[X -35.8 Y  -1.5 Z  -1.0]  quat[R -35.8 P  -1.7 Y  +0.1]  pose.yaw(+off) +90.1
raw[X -36.6 Y  -1.5 Z  -0.3]  quat[R -36.6 P  -1.4 Y  +0.7]  pose.yaw(+off) +90.7
raw[X -37.0 Y  -0.1 Z  -0.2]  quat[R -37.0 P  -0.2 Y  -0.1]  pose.yaw(+off) +89.9
raw[X -36.5 Y  -0.9 Z  -0.4]  quat[R -36.5 P  -1.0 Y  +0.2]  pose.yaw(+off) +90.2
raw[X -36.7 Y  -1.0 Z  -0.2]  quat[R -36.7 P  -0.9 Y  +0.5]  pose.yaw(+off) +90.5
raw[X -36.4 Y  -0.8 Z  -0.3]  quat[R -36.4 P  -0.8 Y  +0.3]  pose.yaw(+off) +90.3
raw[X -36.2 Y  +1.5 Z  -1.0]  quat[R -36.2 P  +0.6 Y  -1.7]  pose.yaw(+off) +88.3
raw[X -35.8 Y  +1.3 Z  -1.0]  quat[R -35.9 P  +0.4 Y  -1.6]  pose.yaw(+off) +88.4
raw[X -34.8 Y  +5.8 Z  -1.0]  quat[R -35.0 P  +4.2 Y  -4.2]  pose.yaw(+off) +85.8
raw[X -32.7 Y  +7.9 Z  -0.6]  quat[R -33.0 P  +6.3 Y  -4.8]  pose.yaw(+off) +85.2
raw[X -30.7 Y  +5.6 Z  +0.5]  quat[R -30.8 P  +5.0 Y  -2.4]  pose.yaw(+off) +87.6
raw[X -30.0 Y  +2.9 Z  +1.3]  quat[R -30.0 P  +3.2 Y  -0.4]  pose.yaw(+off) +89.6
raw[X -27.6 Y  +2.5 Z  +1.9]  quat[R -27.5 P  +3.1 Y  +0.5]  pose.yaw(+off) +90.5
raw[X -26.9 Y  -0.3 Z  +0.1]  quat[R -26.9 P  -0.2 Y  +0.2]  pose.yaw(+off) +90.2
raw[X -26.3 Y  +0.5 Z  -0.1]  quat[R -26.3 P  +0.4 Y  -0.3]  pose.yaw(+off) +89.7
raw[X -24.2 Y  +1.1 Z  -0.4]  quat[R -24.2 P  +0.8 Y  -0.9]  pose.yaw(+off) +89.1
raw[X -23.5 Y  +0.9 Z  -0.8]  quat[R -23.5 P  +0.5 Y  -1.1]  pose.yaw(+off) +88.9
raw[X -22.1 Y  +0.3 Z  +0.3]  quat[R -22.1 P  +0.4 Y  +0.2]  pose.yaw(+off) +90.2
raw[X -13.5 Y  -6.7 Z  -1.5]  quat[R -13.4 P  -6.9 Y  +0.1]  pose.yaw(+off) +90.1
raw[X  -8.4 Y  -7.7 Z  -1.2]  quat[R  -8.4 P  -7.8 Y  -0.0]  pose.yaw(+off) +90.0
raw[X  -5.9 Y  -7.2 Z  -0.7]  quat[R  -5.9 P  -7.3 Y  +0.0]  pose.yaw(+off) +90.0
raw[X  -3.7 Y  -7.7 Z  -1.1]  quat[R  -3.6 P  -7.7 Y  -0.6]  pose.yaw(+off) +89.4
raw[X  -8.4 Y  -2.9 Z  -1.0]  quat[R  -8.4 P  -3.0 Y  -0.6]  pose.yaw(+off) +89.4
raw[X  +0.3 Y  -5.6 Z  +0.1]  quat[R  +0.3 P  -5.6 Y  +0.1]  pose.yaw(+off) +90.1
raw[X  -1.1 Y  -1.5 Z  -0.6]  quat[R  -1.1 P  -1.6 Y  -0.6]  pose.yaw(+off) +89.4
raw[X  -0.7 Y  -1.3 Z  -1.6]  quat[R  -0.7 P  -1.3 Y  -1.6]  pose.yaw(+off) +88.4
raw[X  -0.7 Y  -1.1 Z  -1.8]  quat[R  -0.6 P  -1.1 Y  -1.8]  pose.yaw(+off) +88.2
raw[X  -0.1 Y  -2.4 Z  -1.6]  quat[R  -0.0 P  -2.4 Y  -1.6]  pose.yaw(+off) +88.4
raw[X  -0.0 Y  -2.2 Z  -1.8]  quat[R  +0.0 P  -2.2 Y  -1.8]  pose.yaw(+off) +88.2
raw[X  -2.1 Y  -0.6 Z  -3.3]  quat[R  -2.0 P  -0.8 Y  -3.3]  pose.yaw(+off) +86.7
raw[X  +0.1 Y  -2.7 Z  -3.1]  quat[R  +0.3 P  -2.6 Y  -3.1]  pose.yaw(+off) +86.9
raw[X  +0.2 Y  -2.7 Z  -3.4]  quat[R  +0.3 P  -2.7 Y  -3.4]  pose.yaw(+off) +86.6
raw[X  -0.2 Y  -2.8 Z  -3.1]  quat[R  -0.1 P  -2.8 Y  -3.1]  pose.yaw(+off) +86.9
raw[X  -0.2 Y  -2.7 Z  -3.1]  quat[R  -0.0 P  -2.7 Y  -3.1]  pose.yaw(+off) +86.9
raw[X  -0.2 Y  -2.8 Z  -3.1]  quat[R  -0.0 P  -2.8 Y  -3.1]  pose.yaw(+off) +86.9
raw[X  -0.0 Y  -2.9 Z  -2.9]  quat[R  +0.1 P  -2.9 Y  -2.9]  pose.yaw(+off) +87.1
raw[X  -0.4 Y  -2.2 Z  -2.9]  quat[R  -0.3 P  -2.2 Y  -2.9]  pose.yaw(+off) +87.1
raw[X  -0.6 Y  -2.4 Z  -3.2]  quat[R  -0.5 P  -2.5 Y  -3.1]  pose.yaw(+off) +86.9
raw[X  -0.2 Y  -2.4 Z  -3.3]  quat[R  -0.1 P  -2.4 Y  -3.3]  pose.yaw(+off) +86.7
raw[X  +0.1 Y  -2.5 Z  -3.4]  quat[R  +0.2 P  -2.5 Y  -3.4]  pose.yaw(+off) +86.6
raw[X  -0.1 Y  -2.9 Z  -3.1]  quat[R  +0.0 P  -2.9 Y  -3.1]  pose.yaw(+off) +86.9
raw[X  -0.2 Y  -2.3 Z  -2.7]  quat[R  -0.1 P  -2.3 Y  -2.7]  pose.yaw(+off) +87.3
raw[X  -0.3 Y  -1.4 Z  -3.2]  quat[R  -0.2 P  -1.4 Y  -3.2]  pose.yaw(+off) +86.8
raw[X  +0.4 Y  -1.7 Z  -3.5]  quat[R  +0.5 P  -1.7 Y  -3.5]  pose.yaw(+off) +86.5
raw[X  -1.8 Y  -3.6 Z  -4.1]  quat[R  -1.5 P  -3.7 Y  -4.0]  pose.yaw(+off) +86.0
raw[X  +0.5 Y  -1.0 Z  -3.6]  quat[R  +0.5 P  -1.0 Y  -3.6]  pose.yaw(+off) +86.4
raw[X  -0.7 Y  -1.5 Z  -3.5]  quat[R  -0.6 P  -1.6 Y  -3.5]  pose.yaw(+off) +86.5
raw[X  -0.0 Y  -2.1 Z  -3.2]  quat[R  +0.1 P  -2.1 Y  -3.2]  pose.yaw(+off) +86.8
raw[X  +0.1 Y  -2.4 Z  -3.1]  quat[R  +0.2 P  -2.4 Y  -3.1]  pose.yaw(+off) +86.9
raw[X  +0.1 Y  -2.6 Z  -3.1]  quat[R  +0.2 P  -2.6 Y  -3.1]  pose.yaw(+off) +86.9
raw[X  -0.1 Y  -2.5 Z  -3.1]  quat[R  +0.1 P  -2.5 Y  -3.1]  pose.yaw(+off) +86.9
raw[X  +0.1 Y  -2.5 Z  -3.2]  quat[R  +0.2 P  -2.4 Y  -3.2]  pose.yaw(+off) +86.8
raw[X  +0.1 Y  -2.5 Z  -2.9]  quat[R  +0.3 P  -2.5 Y  -3.0]  pose.yaw(+off) +87.0
raw[X  -0.6 Y  -2.5 Z  -3.4]  quat[R  -0.5 P  -2.6 Y  -3.4]  pose.yaw(+off) +86.6
raw[X  +0.3 Y  -2.0 Z  -6.2]  quat[R  +0.5 P  -2.0 Y  -6.2]  pose.yaw(+off) +83.8
raw[X  +0.3 Y  -2.0 Z  -6.3]  quat[R  +0.5 P  -2.0 Y  -6.3]  pose.yaw(+off) +83.7
raw[X  +0.6 Y  -1.2 Z  -6.8]  quat[R  +0.8 P  -1.2 Y  -6.8]  pose.yaw(+off) +83.2
raw[X  +0.0 Y  -1.0 Z  -7.5]  quat[R  +0.2 P  -1.0 Y  -7.5]  pose.yaw(+off) +82.5
raw[X  +1.5 Y  +3.8 Z  -1.6]  quat[R  +1.4 P  +3.8 Y  -1.5]  pose.yaw(+off) +88.5
raw[X  +0.9 Y  +4.9 Z  +2.0]  quat[R  +1.1 P  +4.9 Y  +2.1]  pose.yaw(+off) +92.1
raw[X  -1.4 Y +16.6 Z  -3.2]  quat[R  -2.4 P +16.5 Y  -3.8]  pose.yaw(+off) +86.2
raw[X  -0.3 Y +23.4 Z  -4.3]  quat[R  -2.1 P +23.3 Y  -4.8]  pose.yaw(+off) +85.2
raw[X  -1.0 Y +27.8 Z  -4.7]  quat[R  -3.6 P +27.6 Y  -5.8]  pose.yaw(+off) +84.2
raw[X  +0.4 Y +35.7 Z  -5.2]  quat[R  -3.2 P +35.5 Y  -6.1]  pose.yaw(+off) +83.9
raw[X  -1.1 Y +36.0 Z  -3.8]  quat[R  -4.1 P +35.8 Y  -5.5]  pose.yaw(+off) +84.5
raw[X  +2.4 Y +38.8 Z  -5.5]  quat[R  -1.3 P +38.9 Y  -5.1]  pose.yaw(+off) +84.9
raw[X  +4.1 Y +37.9 Z  -6.4]  quat[R  +0.2 P +38.1 Y  -5.0]  pose.yaw(+off) +85.0
raw[X  +3.2 Y +36.8 Z  -4.2]  quat[R  +0.9 P +36.9 Y  -2.9]  pose.yaw(+off) +87.1
raw[X  +3.1 Y +30.5 Z  -3.8]  quat[R  +1.3 P +30.6 Y  -2.6]  pose.yaw(+off) +87.4
raw[X  +5.4 Y +27.0 Z  -6.9]  quat[R  +2.5 P +27.4 Y  -5.0]  pose.yaw(+off) +85.0
raw[X  +6.1 Y +24.4 Z  -7.0]  quat[R  +3.5 P +24.9 Y  -4.9]  pose.yaw(+off) +85.1
raw[X  +6.1 Y +23.3 Z  -7.7]  quat[R  +3.3 P +23.8 Y  -5.7]  pose.yaw(+off) +84.3
raw[X  +7.6 Y +24.4 Z  -8.7]  quat[R  +4.3 P +25.2 Y  -6.1]  pose.yaw(+off) +83.9
raw[X  +7.7 Y +21.4 Z  -8.4]  quat[R  +4.9 P +22.1 Y  -6.0]  pose.yaw(+off) +84.0
raw[X +13.4 Y +19.3 Z -11.1]  quat[R +10.2 P +21.1 Y  -7.0]  pose.yaw(+off) +83.0
raw[X +19.4 Y +19.9 Z -15.6]  quat[R +14.7 P +23.5 Y  -9.1]  pose.yaw(+off) +80.9
raw[X +24.2 Y +16.1 Z -19.6]  quat[R +18.9 P +22.1 Y -12.4]  pose.yaw(+off) +77.6
raw[X +25.2 Y +13.1 Z -21.6]  quat[R +20.0 P +20.3 Y -15.1]  pose.yaw(+off) +74.9
raw[X +23.9 Y +10.0 Z -25.6]  quat[R +18.3 P +18.5 Y -20.5]  pose.yaw(+off) +69.5
raw[X +24.9 Y +10.0 Z -30.2]  quat[R +17.7 P +20.4 Y -24.8]  pose.yaw(+off) +65.2
raw[X +23.6 Y +13.1 Z -36.0]  quat[R +12.8 P +23.8 Y -30.5]  pose.yaw(+off) +59.5
raw[X +19.3 Y +12.6 Z -35.4]  quat[R  +9.3 P +21.1 Y -31.5]  pose.yaw(+off) +58.5
raw[X +23.4 Y +14.4 Z -37.2]  quat[R +11.3 P +25.0 Y -31.7]  pose.yaw(+off) +58.3
raw[X +22.6 Y +13.6 Z -40.4]  quat[R  +9.6 P +24.4 Y -35.6]  pose.yaw(+off) +54.4
raw[X +23.1 Y +15.1 Z -38.2]  quat[R +10.3 P +25.5 Y -32.8]  pose.yaw(+off) +57.2
raw[X +20.4 Y +16.7 Z -33.5]  quat[R  +9.0 P +24.6 Y -28.5]  pose.yaw(+off) +61.5
raw[X +14.7 Y +15.7 Z -23.2]  quat[R  +8.0 P +19.9 Y -19.7]  pose.yaw(+off) +70.3
raw[X  +9.4 Y +15.0 Z -16.2]  quat[R  +5.1 P +16.9 Y -14.2]  pose.yaw(+off) +75.8
raw[X  +7.5 Y +15.6 Z -13.3]  quat[R  +3.9 P +16.9 Y -11.7]  pose.yaw(+off) +78.3
raw[X  +5.4 Y +18.5 Z  -9.8]  quat[R  +2.4 P +19.1 Y  -8.5]  pose.yaw(+off) +81.5
raw[X  +4.6 Y +25.2 Z  -5.1]  quat[R  +2.6 P +25.4 Y  -3.5]  pose.yaw(+off) +86.5
raw[X  -0.1 Y +27.4 Z  -4.3]  quat[R  -2.3 P +27.3 Y  -4.9]  pose.yaw(+off) +85.1
raw[X  -3.1 Y +29.4 Z  -4.1]  quat[R  -5.8 P +29.0 Y  -6.5]  pose.yaw(+off) +83.5
raw[X  -6.6 Y +29.5 Z  -7.1]  quat[R -11.4 P +28.1 Y -11.7]  pose.yaw(+off) +78.3
raw[X  -6.9 Y +29.7 Z  -4.8]  quat[R -10.6 P +28.7 Y  -9.3]  pose.yaw(+off) +80.7
raw[X  -6.0 Y +30.7 Z  -3.7]  quat[R  -9.1 P +30.0 Y  -7.8]  pose.yaw(+off) +82.2
raw[X  -7.2 Y +31.3 Z  -4.2]  quat[R -10.9 P +30.3 Y  -9.2]  pose.yaw(+off) +80.8
raw[X  -4.7 Y +33.2 Z  -6.8]  quat[R  -9.9 P +32.1 Y -11.0]  pose.yaw(+off) +79.0
raw[X  -4.1 Y +33.4 Z  -6.1]  quat[R  -8.9 P +32.6 Y  -9.9]  pose.yaw(+off) +80.1
raw[X  -3.7 Y +34.2 Z  -5.8]  quat[R  -8.3 P +33.5 Y  -9.5]  pose.yaw(+off) +80.5
raw[X  -4.2 Y +34.0 Z  -6.3]  quat[R  -9.2 P +33.1 Y -10.3]  pose.yaw(+off) +79.7
raw[X  -2.5 Y +33.6 Z  -7.9]  quat[R  -8.2 P +32.8 Y -11.1]  pose.yaw(+off) +78.9
raw[X  +5.3 Y +39.3 Z -11.9]  quat[R  -3.0 P +39.5 Y -11.1]  pose.yaw(+off) +78.9
raw[X  +5.5 Y +39.7 Z  -9.6]  quat[R  -0.9 P +40.0 Y  -8.0]  pose.yaw(+off) +82.0
raw[X  -0.9 Y +26.7 Z  +1.3]  quat[R  -0.4 P +26.7 Y  +1.0]  pose.yaw(+off) +91.0
raw[X  -0.7 Y +25.0 Z  +0.7]  quat[R  -0.4 P +25.0 Y  +0.4]  pose.yaw(+off) +90.4
raw[X  -0.5 Y +22.5 Z  -0.2]  quat[R  -0.7 P +22.5 Y  -0.4]  pose.yaw(+off) +89.6
raw[X  -0.4 Y +22.4 Z  -0.0]  quat[R  -0.4 P +22.4 Y  -0.2]  pose.yaw(+off) +89.8
raw[X  -0.6 Y +22.6 Z  -0.1]  quat[R  -0.7 P +22.6 Y  -0.3]  pose.yaw(+off) +89.7
raw[X  -0.3 Y +22.8 Z  -0.5]  quat[R  -0.6 P +22.8 Y  -0.7]  pose.yaw(+off) +89.3
raw[X  +0.6 Y +22.3 Z  -0.4]  quat[R  +0.4 P +22.3 Y  -0.2]  pose.yaw(+off) +89.8
raw[X  +0.2 Y +22.1 Z  -0.5]  quat[R  +0.0 P +22.1 Y  -0.4]  pose.yaw(+off) +89.6
raw[X  -0.7 Y +22.1 Z  +0.4]  quat[R  -0.6 P +22.1 Y  +0.2]  pose.yaw(+off) +90.2
raw[X  -0.2 Y +22.0 Z  +0.0]  quat[R  -0.2 P +22.0 Y  -0.0]  pose.yaw(+off) +90.0
raw[X  -0.4 Y +22.3 Z  -0.5]  quat[R  -0.6 P +22.3 Y  -0.7]  pose.yaw(+off) +89.3
raw[X  -0.4 Y +22.4 Z  +0.1]  quat[R  -0.4 P +22.4 Y  -0.1]  pose.yaw(+off) +89.9
raw[X  -0.7 Y +22.8 Z  -0.4]  quat[R  -0.9 P +22.8 Y  -0.7]  pose.yaw(+off) +89.3
raw[X  -0.4 Y +22.4 Z  -0.1]  quat[R  -0.5 P +22.4 Y  -0.2]  pose.yaw(+off) +89.8
raw[X  -0.6 Y +22.8 Z  -0.3]  quat[R  -0.7 P +22.8 Y  -0.5]  pose.yaw(+off) +89.5
raw[X  -0.3 Y +22.5 Z  -0.6]  quat[R  -0.5 P +22.5 Y  -0.7]  pose.yaw(+off) +89.3
raw[X +20.0 Y +34.4 Z -11.8]  quat[R +16.3 P +36.1 Y  -0.2]  pose.yaw(+off) +89.8
raw[X  +9.6 Y +33.9 Z -11.4]  quat[R  +3.8 P +34.9 Y  -7.3]  pose.yaw(+off) +82.7
raw[X  +5.2 Y +31.3 Z -10.0]  quat[R  -0.1 P +31.7 Y  -8.5]  pose.yaw(+off) +81.5
raw[X  +5.4 Y +31.5 Z -10.3]  quat[R  +0.0 P +31.9 Y  -8.7]  pose.yaw(+off) +81.3
raw[X  +4.7 Y +31.0 Z  -8.7]  quat[R  +0.2 P +31.3 Y  -7.3]  pose.yaw(+off) +82.7
raw[X  +3.2 Y +26.0 Z  -6.2]  quat[R  +0.5 P +26.2 Y  -5.3]  pose.yaw(+off) +84.7
raw[X  +3.1 Y +25.6 Z  -6.1]  quat[R  +0.4 P +25.7 Y  -5.3]  pose.yaw(+off) +84.7
raw[X  +2.7 Y +24.8 Z  -5.5]  quat[R  +0.5 P +25.0 Y  -4.8]  pose.yaw(+off) +85.2
raw[X  +3.5 Y +25.1 Z  -6.1]  quat[R  +1.0 P +25.4 Y  -5.1]  pose.yaw(+off) +84.9
raw[X  +3.5 Y +24.7 Z  -6.2]  quat[R  +1.0 P +24.9 Y  -5.3]  pose.yaw(+off) +84.7
raw[X  +3.7 Y +24.7 Z  -6.4]  quat[R  +1.1 P +25.0 Y  -5.4]  pose.yaw(+off) +84.6
raw[X  +3.3 Y +24.4 Z  -6.9]  quat[R  +0.5 P +24.6 Y  -6.1]  pose.yaw(+off) +83.9
raw[X  +3.2 Y +24.3 Z  -6.8]  quat[R  +0.4 P +24.5 Y  -6.0]  pose.yaw(+off) +84.0
raw[X  +3.3 Y +24.2 Z  -7.3]  quat[R  +0.3 P +24.4 Y  -6.5]  pose.yaw(+off) +83.5
raw[X  +4.0 Y +24.2 Z  -7.9]  quat[R  +0.8 P +24.5 Y  -6.9]  pose.yaw(+off) +83.1
raw[X  +2.3 Y +23.8 Z  -5.6]  quat[R  +0.1 P +23.9 Y  -5.1]  pose.yaw(+off) +84.9
raw[X  +1.3 Y +23.4 Z  -2.3]  quat[R  +0.4 P +23.5 Y  -1.9]  pose.yaw(+off) +88.1
raw[X  +1.0 Y +23.5 Z  -1.5]  quat[R  +0.5 P +23.5 Y  -1.2]  pose.yaw(+off) +88.8
raw[X  +0.3 Y +24.3 Z  -1.2]  quat[R  -0.2 P +24.3 Y  -1.2]  pose.yaw(+off) +88.8
raw[X  +0.8 Y +27.6 Z  -2.7]  quat[R  -0.6 P +27.6 Y  -2.7]  pose.yaw(+off) +87.3
raw[X  -3.6 Y +33.2 Z  +1.3]  quat[R  -3.4 P +33.2 Y  -0.8]  pose.yaw(+off) +89.2
raw[X  -3.7 Y +35.9 Z  +0.4]  quat[R  -4.3 P +35.9 Y  -2.2]  pose.yaw(+off) +87.8
raw[X  -2.7 Y +37.5 Z  -2.0]  quat[R  -5.0 P +37.3 Y  -4.6]  pose.yaw(+off) +85.4
raw[X  -1.0 Y +37.8 Z  -3.7]  quat[R  -4.1 P +37.6 Y  -5.4]  pose.yaw(+off) +84.6
raw[X  -0.3 Y +37.2 Z  -4.1]  quat[R  -3.4 P +37.0 Y  -5.3]  pose.yaw(+off) +84.7
raw[X  +0.7 Y +37.4 Z  -3.8]  quat[R  -2.0 P +37.4 Y  -4.2]  pose.yaw(+off) +85.8
raw[X  +1.0 Y +34.2 Z  -2.7]  quat[R  -0.7 P +34.2 Y  -2.6]  pose.yaw(+off) +87.4
raw[X  -0.0 Y +33.5 Z  -2.0]  quat[R  -1.4 P +33.5 Y  -2.4]  pose.yaw(+off) +87.6
raw[X  +0.7 Y +33.5 Z  -2.8]  quat[R  -1.0 P +33.5 Y  -2.9]  pose.yaw(+off) +87.1
raw[X  +0.7 Y +33.5 Z  -2.9]  quat[R  -1.1 P +33.5 Y  -3.1]  pose.yaw(+off) +86.9
raw[X  -0.4 Y +35.9 Z  -0.4]  quat[R  -0.8 P +35.9 Y  -0.8]  pose.yaw(+off) +89.2
raw[X  -0.8 Y +39.6 Z  -0.2]  quat[R  -1.3 P +39.6 Y  -1.0]  pose.yaw(+off) +89.0
raw[X  -0.4 Y +40.8 Z  -1.0]  quat[R  -1.3 P +40.8 Y  -1.6]  pose.yaw(+off) +88.4
raw[X  -0.8 Y +40.7 Z  -0.2]  quat[R  -1.2 P +40.7 Y  -0.9]  pose.yaw(+off) +89.1
raw[X  -0.2 Y +40.9 Z  -0.5]  quat[R  -0.7 P +40.9 Y  -0.8]  pose.yaw(+off) +89.2
raw[X  -0.4 Y +40.4 Z  +0.4]  quat[R  -0.2 P +40.5 Y  +0.2]  pose.yaw(+off) +90.2
raw[X  -1.2 Y +40.1 Z  +0.9]  quat[R  -0.8 P +40.1 Y  +0.2]  pose.yaw(+off) +90.2
raw[X  -0.5 Y +39.5 Z  +0.8]  quat[R  +0.0 P +39.5 Y  +0.6]  pose.yaw(+off) +90.6
raw[X  -1.8 Y +39.1 Z  +1.7]  quat[R  -1.0 P +39.1 Y  +0.7]  pose.yaw(+off) +90.7
raw[X  -0.4 Y +38.9 Z  +0.5]  quat[R  -0.1 P +38.9 Y  +0.3]  pose.yaw(+off) +90.3
raw[X  +0.6 Y +38.7 Z  -0.3]  quat[R  +0.5 P +38.7 Y  +0.1]  pose.yaw(+off) +90.1
raw[X  -0.3 Y +38.6 Z  +0.4]  quat[R  -0.0 P +38.6 Y  +0.3]  pose.yaw(+off) +90.3
raw[X  +0.6 Y +38.9 Z  -0.3]  quat[R  +0.6 P +38.9 Y  +0.1]  pose.yaw(+off) +90.1
raw[X  +1.2 Y +40.0 Z  -1.9]  quat[R  -0.0 P +40.0 Y  -1.5]  pose.yaw(+off) +88.5
raw[X  +1.2 Y +40.4 Z  -1.9]  quat[R  -0.1 P +40.5 Y  -1.5]  pose.yaw(+off) +88.5
raw[X  +1.0 Y +40.3 Z  -1.7]  quat[R  -0.1 P +40.3 Y  -1.3]  pose.yaw(+off) +88.7
raw[X  +0.7 Y +39.9 Z  -1.0]  quat[R  +0.1 P +39.9 Y  -0.7]  pose.yaw(+off) +89.3
raw[X  -0.7 Y +39.3 Z  +0.8]  quat[R  -0.2 P +39.3 Y  +0.4]  pose.yaw(+off) +90.4
raw[X  +1.1 Y +38.8 Z  -0.9]  quat[R  +0.7 P +38.8 Y  -0.2]  pose.yaw(+off) +89.8
raw[X  +0.4 Y +39.0 Z  -0.4]  quat[R  +0.3 P +39.0 Y  -0.1]  pose.yaw(+off) +89.9
raw[X  -0.4 Y +39.7 Z  +0.3]  quat[R  -0.3 P +39.7 Y  +0.0]  pose.yaw(+off) +90.0
raw[X  -0.2 Y +40.2 Z  -0.3]  quat[R  -0.5 P +40.2 Y  -0.6]  pose.yaw(+off) +89.4
raw[X  -0.8 Y +40.7 Z  +0.4]  quat[R  -0.7 P +40.7 Y  -0.1]  pose.yaw(+off) +89.9
raw[X  -1.2 Y +41.0 Z  +1.1]  quat[R  -0.6 P +41.0 Y  +0.4]  pose.yaw(+off) +90.4
raw[X  +0.0 Y +39.9 Z  -0.1]  quat[R  -0.0 P +39.9 Y  -0.1]  pose.yaw(+off) +89.9
raw[X  +0.4 Y +40.0 Z  -0.9]  quat[R  -0.2 P +40.0 Y  -0.8]  pose.yaw(+off) +89.2
raw[X  +0.5 Y +40.0 Z  -0.9]  quat[R  -0.1 P +40.0 Y  -0.8]  pose.yaw(+off) +89.2
raw[X  +0.7 Y +39.4 Z  -0.4]  quat[R  +0.5 P +39.4 Y  +0.0]  pose.yaw(+off) +90.0
raw[X  +0.8 Y +39.5 Z  -0.5]  quat[R  +0.6 P +39.5 Y  -0.0]  pose.yaw(+off) +90.0
raw[X  +0.6 Y +39.4 Z  -0.5]  quat[R  +0.4 P +39.4 Y  -0.1]  pose.yaw(+off) +89.9
raw[X  +0.8 Y +39.5 Z  -0.6]  quat[R  +0.6 P +39.5 Y  -0.1]  pose.yaw(+off) +89.9
raw[X  +0.4 Y +39.9 Z  -0.7]  quat[R  -0.1 P +39.9 Y  -0.6]  pose.yaw(+off) +89.4
raw[X  -0.0 Y +39.3 Z  -0.0]  quat[R  -0.0 P +39.3 Y  -0.0]  pose.yaw(+off) +90.0
raw[X  -0.0 Y +40.4 Z  +0.0]  quat[R  -0.0 P +40.4 Y  -0.0]  pose.yaw(+off) +90.0
raw[X  +0.5 Y +40.4 Z  -0.5]  quat[R  +0.2 P +40.4 Y  -0.2]  pose.yaw(+off) +89.8
raw[X  -0.8 Y +40.2 Z  +0.6]  quat[R  -0.5 P +40.2 Y  +0.1]  pose.yaw(+off) +90.1
raw[X  -0.8 Y +40.4 Z  +0.4]  quat[R  -0.8 P +40.4 Y  -0.2]  pose.yaw(+off) +89.8
raw[X  -0.8 Y +40.4 Z  +0.2]  quat[R  -0.9 P +40.4 Y  -0.4]  pose.yaw(+off) +89.6
raw[X  -1.1 Y +40.1 Z  +0.8]  quat[R  -0.8 P +40.1 Y  +0.1]  pose.yaw(+off) +90.1
raw[X  -1.4 Y +40.3 Z  +0.7]  quat[R  -1.3 P +40.3 Y  -0.3]  pose.yaw(+off) +89.7
raw[X  -1.6 Y +40.2 Z  +0.8]  quat[R  -1.4 P +40.2 Y  -0.3]  pose.yaw(+off) +89.7
raw[X  -1.5 Y +40.2 Z  +0.8]  quat[R  -1.3 P +40.2 Y  -0.3]  pose.yaw(+off) +89.7
raw[X  -1.3 Y +40.4 Z  -0.1]  quat[R  -1.8 P +40.4 Y  -1.3]  pose.yaw(+off) +88.7
raw[X  -1.5 Y +40.7 Z  -0.3]  quat[R  -2.3 P +40.7 Y  -1.7]  pose.yaw(+off) +88.3
raw[X  -1.5 Y +40.5 Z  +0.2]  quat[R  -1.8 P +40.5 Y  -1.0]  pose.yaw(+off) +89.0
raw[X  -1.7 Y +40.3 Z  +1.9]  quat[R  -0.6 P +40.3 Y  +1.1]  pose.yaw(+off) +91.1
raw[X  -1.7 Y +40.2 Z  +1.8]  quat[R  -0.7 P +40.3 Y  +1.0]  pose.yaw(+off) +91.0
raw[X  -1.5 Y +40.2 Z  +0.8]  quat[R  -1.2 P +40.2 Y  -0.2]  pose.yaw(+off) +89.8
raw[X  -0.2 Y +40.0 Z  -0.4]  quat[R  -0.6 P +40.0 Y  -0.7]  pose.yaw(+off) +89.3
raw[X  +0.1 Y +39.3 Z  -0.8]  quat[R  -0.5 P +39.3 Y  -1.0]  pose.yaw(+off) +89.0
raw[X  -1.1 Y +39.4 Z  +0.4]  quat[R  -1.2 P +39.4 Y  -0.5]  pose.yaw(+off) +89.5
raw[X  -0.2 Y +40.1 Z  -0.4]  quat[R  -0.6 P +40.1 Y  -0.7]  pose.yaw(+off) +89.3
raw[X  -0.8 Y +39.4 Z  +0.0]  quat[R  -1.0 P +39.4 Y  -0.6]  pose.yaw(+off) +89.4
raw[X  +0.1 Y +40.1 Z  -0.6]  quat[R  -0.3 P +40.1 Y  -0.7]  pose.yaw(+off) +89.3
raw[X  -0.8 Y +40.1 Z  +0.2]  quat[R  -0.9 P +40.1 Y  -0.4]  pose.yaw(+off) +89.6
raw[X  -0.9 Y +40.1 Z  +0.3]  quat[R  -0.9 P +40.1 Y  -0.4]  pose.yaw(+off) +89.6
raw[X  -0.1 Y +37.7 Z  -0.6]  quat[R  -0.6 P +37.7 Y  -0.9]  pose.yaw(+off) +89.1
raw[X  -0.7 Y +36.6 Z  -0.7]  quat[R  -1.4 P +36.6 Y  -1.4]  pose.yaw(+off) +88.6
raw[X  -0.6 Y +36.3 Z  -0.5]  quat[R  -1.1 P +36.3 Y  -1.1]  pose.yaw(+off) +88.9
raw[X  -0.5 Y +36.2 Z  -0.5]  quat[R  -1.0 P +36.2 Y  -1.0]  pose.yaw(+off) +89.0
raw[X  -0.5 Y +36.3 Z  -0.6]  quat[R  -1.0 P +36.3 Y  -1.1]  pose.yaw(+off) +88.9
raw[X  -0.4 Y +36.2 Z  -0.5]  quat[R  -0.9 P +36.2 Y  -0.9]  pose.yaw(+off) +89.1
raw[X  +0.1 Y +36.1 Z  -1.1]  quat[R  -0.7 P +36.1 Y  -1.3]  pose.yaw(+off) +88.7
raw[X  +0.0 Y +36.1 Z  -1.1]  quat[R  -0.8 P +36.1 Y  -1.4]  pose.yaw(+off) +88.6
raw[X  +0.3 Y +35.9 Z  -1.3]  quat[R  -0.6 P +35.9 Y  -1.5]  pose.yaw(+off) +88.5
raw[X  -0.1 Y +36.1 Z  -1.3]  quat[R  -1.0 P +36.1 Y  -1.6]  pose.yaw(+off) +88.4
raw[X  +0.1 Y +35.9 Z  -1.2]  quat[R  -0.7 P +35.9 Y  -1.4]  pose.yaw(+off) +88.6
raw[X  -0.2 Y +36.1 Z  -1.3]  quat[R  -1.2 P +36.1 Y  -1.7]  pose.yaw(+off) +88.3
raw[X  +0.0 Y +36.2 Z  -1.3]  quat[R  -0.9 P +36.2 Y  -1.6]  pose.yaw(+off) +88.4
raw[X  -0.1 Y +36.2 Z  -1.2]  quat[R  -1.0 P +36.1 Y  -1.6]  pose.yaw(+off) +88.4
raw[X  -0.0 Y +36.1 Z  -1.3]  quat[R  -1.0 P +36.1 Y  -1.7]  pose.yaw(+off) +88.3
raw[X  +0.1 Y +36.1 Z  -1.3]  quat[R  -0.8 P +36.1 Y  -1.5]  pose.yaw(+off) +88.5
raw[X  +0.2 Y +36.1 Z  -1.4]  quat[R  -0.7 P +36.1 Y  -1.6]  pose.yaw(+off) +88.4
raw[X  +0.2 Y +36.0 Z  -1.4]  quat[R  -0.8 P +36.0 Y  -1.6]  pose.yaw(+off) +88.4
raw[X  +0.2 Y +36.1 Z  -1.3]  quat[R  -0.7 P +36.1 Y  -1.5]  pose.yaw(+off) +88.5
raw[X  +0.2 Y +36.1 Z  -1.5]  quat[R  -0.9 P +36.1 Y  -1.7]  pose.yaw(+off) +88.3
raw[X  +0.1 Y +36.2 Z  -1.4]  quat[R  -0.9 P +36.2 Y  -1.6]  pose.yaw(+off) +88.4
raw[X  +0.1 Y +36.2 Z  -1.3]  quat[R  -0.8 P +36.2 Y  -1.5]  pose.yaw(+off) +88.5
raw[X  +0.4 Y +36.3 Z  -1.6]  quat[R  -0.7 P +36.3 Y  -1.7]  pose.yaw(+off) +88.3
raw[X  +0.7 Y +36.3 Z  -1.7]  quat[R  -0.4 P +36.3 Y  -1.6]  pose.yaw(+off) +88.4
raw[X  +0.2 Y +36.1 Z  -1.4]  quat[R  -0.7 P +36.1 Y  -1.5]  pose.yaw(+off) +88.5
raw[X  +0.2 Y +35.4 Z  -1.4]  quat[R  -0.8 P +35.4 Y  -1.6]  pose.yaw(+off) +88.4
raw[X  +0.2 Y +35.3 Z  -1.3]  quat[R  -0.7 P +35.3 Y  -1.5]  pose.yaw(+off) +88.5
raw[X  +0.3 Y +35.4 Z  -1.5]  quat[R  -0.7 P +35.4 Y  -1.6]  pose.yaw(+off) +88.4
raw[X  +0.3 Y +35.5 Z  -1.6]  quat[R  -0.7 P +35.5 Y  -1.7]  pose.yaw(+off) +88.3
raw[X  +0.3 Y +35.6 Z  -1.6]  quat[R  -0.7 P +35.6 Y  -1.7]  pose.yaw(+off) +88.3
raw[X  +0.7 Y +35.1 Z  -1.6]  quat[R  -0.3 P +35.1 Y  -1.5]  pose.yaw(+off) +88.5
raw[X  +0.6 Y +35.2 Z  -1.5]  quat[R  -0.3 P +35.2 Y  -1.4]  pose.yaw(+off) +88.6
raw[X  +0.7 Y +34.8 Z  -1.6]  quat[R  -0.3 P +34.8 Y  -1.5]  pose.yaw(+off) +88.5
raw[X  +0.8 Y +35.3 Z  -1.8]  quat[R  -0.3 P +35.3 Y  -1.7]  pose.yaw(+off) +88.3
raw[X  +0.3 Y +35.5 Z  -1.3]  quat[R  -0.6 P +35.5 Y  -1.3]  pose.yaw(+off) +88.7
raw[X  +0.2 Y +35.5 Z  -1.2]  quat[R  -0.6 P +35.5 Y  -1.4]  pose.yaw(+off) +88.6
raw[X  +0.2 Y +35.1 Z  -1.1]  quat[R  -0.5 P +35.1 Y  -1.2]  pose.yaw(+off) +88.8
raw[X  +0.3 Y +35.3 Z  -1.3]  quat[R  -0.6 P +35.3 Y  -1.4]  pose.yaw(+off) +88.6
raw[X  -0.1 Y +35.3 Z  -1.0]  quat[R  -0.9 P +35.3 Y  -1.3]  pose.yaw(+off) +88.7
raw[X  -0.1 Y +35.3 Z  -0.9]  quat[R  -0.8 P +35.3 Y  -1.2]  pose.yaw(+off) +88.8
raw[X  +0.3 Y +35.5 Z  -1.4]  quat[R  -0.6 P +35.5 Y  -1.5]  pose.yaw(+off) +88.5
raw[X  +0.3 Y +35.4 Z  -1.3]  quat[R  -0.6 P +35.4 Y  -1.4]  pose.yaw(+off) +88.6
raw[X  +0.4 Y +35.4 Z  -1.4]  quat[R  -0.5 P +35.4 Y  -1.4]  pose.yaw(+off) +88.6
raw[X  -0.1 Y +35.4 Z  -1.1]  quat[R  -0.9 P +35.4 Y  -1.5]  pose.yaw(+off) +88.5
raw[X  +0.2 Y +35.2 Z  -1.1]  quat[R  -0.6 P +35.2 Y  -1.2]  pose.yaw(+off) +88.8
raw[X  -0.1 Y +35.7 Z  -1.1]  quat[R  -0.9 P +35.7 Y  -1.4]  pose.yaw(+off) +88.6
raw[X  -0.3 Y +35.6 Z  -1.0]  quat[R  -1.1 P +35.6 Y  -1.4]  pose.yaw(+off) +88.6
raw[X  -0.2 Y +35.3 Z  -1.0]  quat[R  -0.9 P +35.3 Y  -1.3]  pose.yaw(+off) +88.7
raw[X  -0.1 Y +35.4 Z  -1.0]  quat[R  -0.9 P +35.4 Y  -1.3]  pose.yaw(+off) +88.7
raw[X  -0.1 Y +35.3 Z  -1.0]  quat[R  -0.9 P +35.3 Y  -1.3]  pose.yaw(+off) +88.7
raw[X  -0.2 Y +35.4 Z  -1.0]  quat[R  -1.0 P +35.4 Y  -1.4]  pose.yaw(+off) +88.6
raw[X  +0.0 Y +34.8 Z  -2.1]  quat[R  -1.4 P +34.8 Y  -2.6]  pose.yaw(+off) +87.4
raw[X  +0.0 Y +34.9 Z  -2.2]  quat[R  -1.5 P +34.9 Y  -2.7]  pose.yaw(+off) +87.3
raw[X  -0.4 Y +34.9 Z  -1.9]  quat[R  -1.8 P +34.8 Y  -2.6]  pose.yaw(+off) +87.4
raw[X  +0.2 Y +34.3 Z  -2.5]  quat[R  -1.4 P +34.3 Y  -2.8]  pose.yaw(+off) +87.2
raw[X  +0.5 Y +34.6 Z  -2.4]  quat[R  -1.0 P +34.6 Y  -2.5]  pose.yaw(+off) +87.5
raw[X  +0.4 Y +34.6 Z  -2.3]  quat[R  -1.1 P +34.6 Y  -2.5]  pose.yaw(+off) +87.5
raw[X  +0.8 Y +34.1 Z  -2.3]  quat[R  -0.6 P +34.1 Y  -2.2]  pose.yaw(+off) +87.8
raw[X  +0.3 Y +34.1 Z  -2.2]  quat[R  -1.2 P +34.1 Y  -2.5]  pose.yaw(+off) +87.5
raw[X  +0.6 Y +33.9 Z  -2.4]  quat[R  -0.9 P +33.9 Y  -2.5]  pose.yaw(+off) +87.5
raw[X  +0.7 Y +34.6 Z  -2.7]  quat[R  -1.0 P +34.6 Y  -2.8]  pose.yaw(+off) +87.2
raw[X  +0.5 Y +34.7 Z  -2.4]  quat[R  -1.0 P +34.7 Y  -2.6]  pose.yaw(+off) +87.4
raw[X  +0.6 Y +34.5 Z  -2.6]  quat[R  -1.0 P +34.5 Y  -2.7]  pose.yaw(+off) +87.3
raw[X  +0.9 Y +35.4 Z  -3.2]  quat[R  -1.1 P +35.4 Y  -3.3]  pose.yaw(+off) +86.7
raw[X  +0.9 Y +35.3 Z  -3.1]  quat[R  -1.1 P +35.3 Y  -3.2]  pose.yaw(+off) +86.8
raw[X  +0.5 Y +34.6 Z  -2.2]  quat[R  -1.0 P +34.6 Y  -2.4]  pose.yaw(+off) +87.6
raw[X  +0.9 Y +34.0 Z  -2.8]  quat[R  -0.8 P +34.0 Y  -2.7]  pose.yaw(+off) +87.3
raw[X  +0.2 Y +35.2 Z  -2.2]  quat[R  -1.4 P +35.2 Y  -2.6]  pose.yaw(+off) +87.4
raw[X  +0.3 Y +35.0 Z  -2.4]  quat[R  -1.2 P +35.0 Y  -2.6]  pose.yaw(+off) +87.4
raw[X  +0.6 Y +34.7 Z  -2.4]  quat[R  -1.0 P +34.7 Y  -2.6]  pose.yaw(+off) +87.4
raw[X  +0.3 Y +35.1 Z  -2.3]  quat[R  -1.2 P +35.0 Y  -2.6]  pose.yaw(+off) +87.4
raw[X  -0.1 Y +35.2 Z  -2.1]  quat[R  -1.6 P +35.2 Y  -2.6]  pose.yaw(+off) +87.4
raw[X  +0.0 Y +35.5 Z  -2.2]  quat[R  -1.5 P +35.4 Y  -2.7]  pose.yaw(+off) +87.3
raw[X  +0.1 Y +35.4 Z  -2.2]  quat[R  -1.5 P +35.4 Y  -2.6]  pose.yaw(+off) +87.4
raw[X  +0.2 Y +35.5 Z  -2.3]  quat[R  -1.3 P +35.5 Y  -2.6]  pose.yaw(+off) +87.4
raw[X  +0.1 Y +35.5 Z  -2.2]  quat[R  -1.5 P +35.4 Y  -2.7]  pose.yaw(+off) +87.3
raw[X  +0.2 Y +35.4 Z  -2.3]  quat[R  -1.4 P +35.4 Y  -2.7]  pose.yaw(+off) +87.3
raw[X  +0.3 Y +35.5 Z  -2.3]  quat[R  -1.3 P +35.5 Y  -2.6]  pose.yaw(+off) +87.4
raw[X  +0.0 Y +35.4 Z  -2.2]  quat[R  -1.5 P +35.4 Y  -2.6]  pose.yaw(+off) +87.4
raw[X  +0.4 Y +35.1 Z  -2.3]  quat[R  -1.1 P +35.1 Y  -2.6]  pose.yaw(+off) +87.4
raw[X  +0.7 Y +35.2 Z  -2.5]  quat[R  -0.9 P +35.2 Y  -2.5]  pose.yaw(+off) +87.5
raw[X  +0.2 Y +35.1 Z  -2.3]  quat[R  -1.3 P +35.1 Y  -2.6]  pose.yaw(+off) +87.4
raw[X  +0.1 Y +35.2 Z  -2.2]  quat[R  -1.4 P +35.2 Y  -2.6]  pose.yaw(+off) +87.4
raw[X  +0.2 Y +35.5 Z  -2.3]  quat[R  -1.4 P +35.4 Y  -2.6]  pose.yaw(+off) +87.4
raw[X  -0.2 Y +35.3 Z  -2.0]  quat[R  -1.7 P +35.2 Y  -2.6]  pose.yaw(+off) +87.4
raw[X  -0.4 Y +35.1 Z  -2.0]  quat[R  -1.9 P +35.1 Y  -2.7]  pose.yaw(+off) +87.3
raw[X  +0.7 Y +35.0 Z  -2.4]  quat[R  -0.9 P +35.0 Y  -2.5]  pose.yaw(+off) +87.5
raw[X  +0.6 Y +35.1 Z  -2.4]  quat[R  -1.0 P +35.1 Y  -2.5]  pose.yaw(+off) +87.5
raw[X  -0.1 Y +35.2 Z  -2.1]  quat[R  -1.6 P +35.1 Y  -2.6]  pose.yaw(+off) +87.4
raw[X  -0.1 Y +35.2 Z  -2.1]  quat[R  -1.6 P +35.1 Y  -2.6]  pose.yaw(+off) +87.4
raw[X  +0.2 Y +35.1 Z  -2.2]  quat[R  -1.3 P +35.1 Y  -2.6]  pose.yaw(+off) +87.4
raw[X  +0.4 Y +35.2 Z  -2.3]  quat[R  -1.2 P +35.2 Y  -2.6]  pose.yaw(+off) +87.4
raw[X  +0.7 Y +35.2 Z  -2.5]  quat[R  -0.9 P +35.2 Y  -2.6]  pose.yaw(+off) +87.4
raw[X  -0.1 Y +35.2 Z  -2.1]  quat[R  -1.6 P +35.2 Y  -2.6]  pose.yaw(+off) +87.4
raw[X  +0.7 Y +35.1 Z  -2.5]  quat[R  -0.9 P +35.1 Y  -2.6]  pose.yaw(+off) +87.4
raw[X  -0.1 Y +35.2 Z  -2.1]  quat[R  -1.6 P +35.2 Y  -2.6]  pose.yaw(+off) +87.4
raw[X  -0.1 Y +35.1 Z  -2.1]  quat[R  -1.6 P +35.1 Y  -2.7]  pose.yaw(+off) +87.3
raw[X  -0.0 Y +35.2 Z  -2.1]  quat[R  -1.5 P +35.1 Y  -2.6]  pose.yaw(+off) +87.4
raw[X  -0.1 Y +35.3 Z  -2.1]  quat[R  -1.6 P +35.3 Y  -2.6]  pose.yaw(+off) +87.4
raw[X  +0.3 Y +35.1 Z  -2.3]  quat[R  -1.2 P +35.1 Y  -2.6]  pose.yaw(+off) +87.4
raw[X  +0.3 Y +35.3 Z  -2.4]  quat[R  -1.3 P +35.2 Y  -2.7]  pose.yaw(+off) +87.3
raw[X  +0.3 Y +35.1 Z  -2.3]  quat[R  -1.2 P +35.1 Y  -2.6]  pose.yaw(+off) +87.4
raw[X  -0.1 Y +35.1 Z  -2.2]  quat[R  -1.6 P +35.1 Y  -2.7]  pose.yaw(+off) +87.3
raw[X  +0.2 Y +35.2 Z  -2.2]  quat[R  -1.4 P +35.2 Y  -2.6]  pose.yaw(+off) +87.4
raw[X  -0.0 Y +35.2 Z  -2.1]  quat[R  -1.5 P +35.1 Y  -2.6]  pose.yaw(+off) +87.4
raw[X  +0.2 Y +35.2 Z  -2.2]  quat[R  -1.4 P +35.2 Y  -2.6]  pose.yaw(+off) +87.4
raw[X  +0.7 Y +35.1 Z  -2.5]  quat[R  -0.9 P +35.1 Y  -2.6]  pose.yaw(+off) +87.4
raw[X  +0.3 Y +35.1 Z  -2.3]  quat[R  -1.3 P +35.1 Y  -2.6]  pose.yaw(+off) +87.4
raw[X  +0.3 Y +35.1 Z  -2.3]  quat[R  -1.2 P +35.1 Y  -2.6]  pose.yaw(+off) +87.4
raw[X  +0.3 Y +35.1 Z  -2.3]  quat[R  -1.2 P +35.1 Y  -2.6]  pose.yaw(+off) +87.4
raw[X  +0.2 Y +35.1 Z  -2.2]  quat[R  -1.4 P +35.1 Y  -2.6]  pose.yaw(+off) +87.4
raw[X  +0.2 Y +35.1 Z  -2.2]  quat[R  -1.3 P +35.1 Y  -2.6]  pose.yaw(+off) +87.4
raw[X  +0.4 Y +35.1 Z  -2.3]  quat[R  -1.2 P +35.1 Y  -2.6]  pose.yaw(+off) +87.4
raw[X  -0.2 Y +34.8 Z  -2.1]  quat[R  -1.7 P +34.7 Y  -2.7]  pose.yaw(+off) +87.3
raw[X  +0.7 Y +35.1 Z  -2.5]  quat[R  -0.9 P +35.1 Y  -2.6]  pose.yaw(+off) +87.4
raw[X  -0.1 Y +35.1 Z  -2.1]  quat[R  -1.6 P +35.1 Y  -2.6]  pose.yaw(+off) +87.4
raw[X  +0.1 Y +34.7 Z  -2.2]  quat[R  -1.4 P +34.7 Y  -2.6]  pose.yaw(+off) +87.4
raw[X  +0.3 Y +35.1 Z  -2.3]  quat[R  -1.3 P +35.1 Y  -2.6]  pose.yaw(+off) +87.4
raw[X  -0.2 Y +34.8 Z  -2.1]  quat[R  -1.7 P +34.8 Y  -2.6]  pose.yaw(+off) +87.4
raw[X  +0.3 Y +35.1 Z  -2.3]  quat[R  -1.2 P +35.1 Y  -2.6]  pose.yaw(+off) +87.4
raw[X  +0.2 Y +34.7 Z  -2.2]  quat[R  -1.3 P +34.7 Y  -2.6]  pose.yaw(+off) +87.4
raw[X  -0.1 Y +35.2 Z  -2.1]  quat[R  -1.6 P +35.1 Y  -2.6]  pose.yaw(+off) +87.4
raw[X  +0.3 Y +35.0 Z  -2.3]  quat[R  -1.2 P +35.0 Y  -2.6]  pose.yaw(+off) +87.4
raw[X  -0.1 Y +35.3 Z  -2.1]  quat[R  -1.6 P +35.2 Y  -2.6]  pose.yaw(+off) +87.4
raw[X  -0.1 Y +35.1 Z  -2.1]  quat[R  -1.6 P +35.1 Y  -2.6]  pose.yaw(+off) +87.4
raw[X  +0.3 Y +35.1 Z  -2.2]  quat[R  -1.2 P +35.1 Y  -2.5]  pose.yaw(+off) +87.5
raw[X  -0.1 Y +35.2 Z  -2.1]  quat[R  -1.6 P +35.1 Y  -2.6]  pose.yaw(+off) +87.4
raw[X  +0.3 Y +35.1 Z  -2.2]  quat[R  -1.3 P +35.1 Y  -2.5]  pose.yaw(+off) +87.5
raw[X  +0.2 Y +35.2 Z  -2.2]  quat[R  -1.3 P +35.2 Y  -2.6]  pose.yaw(+off) +87.4
raw[X  -0.1 Y +35.2 Z  -2.1]  quat[R  -1.5 P +35.2 Y  -2.6]  pose.yaw(+off) +87.4
raw[X  +0.3 Y +35.1 Z  -2.4]  quat[R  -1.2 P +35.1 Y  -2.6]  pose.yaw(+off) +87.4
raw[X  -0.1 Y +35.3 Z  -2.1]  quat[R  -1.6 P +35.2 Y  -2.7]  pose.yaw(+off) +87.3
raw[X  +0.4 Y +35.2 Z  -2.4]  quat[R  -1.2 P +35.2 Y  -2.6]  pose.yaw(+off) +87.4
raw[X  -0.1 Y +35.1 Z  -2.1]  quat[R  -1.6 P +35.1 Y  -2.6]  pose.yaw(+off) +87.4
raw[X  +0.1 Y +35.2 Z  -2.2]  quat[R  -1.4 P +35.2 Y  -2.6]  pose.yaw(+off) +87.4
raw[X  -0.1 Y +35.1 Z  -2.1]  quat[R  -1.6 P +35.1 Y  -2.6]  pose.yaw(+off) +87.4
raw[X  -0.1 Y +35.2 Z  -2.1]  quat[R  -1.6 P +35.2 Y  -2.6]  pose.yaw(+off) +87.4
raw[X  +0.3 Y +35.2 Z  -2.3]  quat[R  -1.3 P +35.2 Y  -2.6]  pose.yaw(+off) +87.4
raw[X  +0.3 Y +35.2 Z  -2.3]  quat[R  -1.2 P +35.2 Y  -2.6]  pose.yaw(+off) +87.4
raw[X  +0.1 Y +35.2 Z  -2.2]  quat[R  -1.4 P +35.2 Y  -2.6]  pose.yaw(+off) +87.4
raw[X  +0.4 Y +35.1 Z  -2.3]  quat[R  -1.2 P +35.1 Y  -2.6]  pose.yaw(+off) +87.4
raw[X  +0.6 Y +35.1 Z  -2.5]  quat[R  -1.0 P +35.1 Y  -2.6]  pose.yaw(+off) +87.4
raw[X  +0.2 Y +35.1 Z  -2.2]  quat[R  -1.3 P +35.1 Y  -2.6]  pose.yaw(+off) +87.4
raw[X  +0.7 Y +35.1 Z  -2.5]  quat[R  -0.9 P +35.1 Y  -2.6]  pose.yaw(+off) +87.4
raw[X  +0.2 Y +35.2 Z  -2.2]  quat[R  -1.3 P +35.2 Y  -2.6]  pose.yaw(+off) +87.4
raw[X  +0.3 Y +35.1 Z  -2.3]  quat[R  -1.2 P +35.1 Y  -2.6]  pose.yaw(+off) +87.4
raw[X  +0.2 Y +35.2 Z  -2.2]  quat[R  -1.3 P +35.1 Y  -2.5]  pose.yaw(+off) +87.5
raw[X  -0.1 Y +35.2 Z  -2.1]  quat[R  -1.6 P +35.2 Y  -2.6]  pose.yaw(+off) +87.4
raw[X  +0.4 Y +35.1 Z  -2.3]  quat[R  -1.2 P +35.1 Y  -2.6]  pose.yaw(+off) +87.4
raw[X  -0.2 Y +35.2 Z  -2.1]  quat[R  -1.6 P +35.1 Y  -2.6]  pose.yaw(+off) +87.4
raw[X  -0.0 Y +35.2 Z  -2.1]  quat[R  -1.5 P +35.2 Y  -2.6]  pose.yaw(+off) +87.4
raw[X  -0.1 Y +35.1 Z  -2.1]  quat[R  -1.6 P +35.0 Y  -2.6]  pose.yaw(+off) +87.4
raw[X  +0.2 Y +35.2 Z  -2.2]  quat[R  -1.3 P +35.2 Y  -2.6]  pose.yaw(+off) +87.4
raw[X  +0.7 Y +35.1 Z  -2.5]  quat[R  -0.9 P +35.1 Y  -2.6]  pose.yaw(+off) +87.4
raw[X  +0.3 Y +35.1 Z  -2.3]  quat[R  -1.3 P +35.1 Y  -2.6]  pose.yaw(+off) +87.4
raw[X  +0.3 Y +35.2 Z  -2.4]  quat[R  -1.3 P +35.1 Y  -2.7]  pose.yaw(+off) +87.3
raw[X  -0.1 Y +35.1 Z  -2.1]  quat[R  -1.6 P +35.0 Y  -2.6]  pose.yaw(+off) +87.4
raw[X  +0.1 Y +35.2 Z  -2.2]  quat[R  -1.4 P +35.2 Y  -2.6]  pose.yaw(+off) +87.4
raw[X  +0.4 Y +35.1 Z  -2.3]  quat[R  -1.2 P +35.1 Y  -2.6]  pose.yaw(+off) +87.4
raw[X  +0.2 Y +35.1 Z  -2.2]  quat[R  -1.3 P +35.1 Y  -2.6]  pose.yaw(+off) +87.4
raw[X  +0.3 Y +35.2 Z  -2.3]  quat[R  -1.2 P +35.2 Y  -2.6]  pose.yaw(+off) +87.4
raw[X  +0.3 Y +35.1 Z  -2.3]  quat[R  -1.2 P +35.1 Y  -2.6]  pose.yaw(+off) +87.4
raw[X  +0.3 Y +35.2 Z  -2.3]  quat[R  -1.3 P +35.2 Y  -2.6]  pose.yaw(+off) +87.4
raw[X  +0.4 Y +35.2 Z  -2.3]  quat[R  -1.2 P +35.2 Y  -2.6]  pose.yaw(+off) +87.4
raw[X  +0.4 Y +35.1 Z  -2.3]  quat[R  -1.2 P +35.1 Y  -2.6]  pose.yaw(+off) +87.4
raw[X  +0.2 Y +35.2 Z  -2.2]  quat[R  -1.4 P +35.2 Y  -2.6]  pose.yaw(+off) +87.4
raw[X  -0.1 Y +35.1 Z  -2.1]  quat[R  -1.6 P +35.0 Y  -2.6]  pose.yaw(+off) +87.4
raw[X  -0.1 Y +35.2 Z  -2.1]  quat[R  -1.6 P +35.2 Y  -2.6]  pose.yaw(+off) +87.4
raw[X  -0.1 Y +35.2 Z  -2.1]  quat[R  -1.6 P +35.2 Y  -2.7]  pose.yaw(+off) +87.3
raw[X  +0.3 Y +35.2 Z  -2.4]  quat[R  -1.2 P +35.1 Y  -2.6]  pose.yaw(+off) +87.4
raw[X  +0.7 Y +35.2 Z  -2.5]  quat[R  -0.9 P +35.2 Y  -2.6]  pose.yaw(+off) +87.4
raw[X  +0.3 Y +35.0 Z  -2.3]  quat[R  -1.2 P +35.0 Y  -2.6]  pose.yaw(+off) +87.4
raw[X  -0.1 Y +35.2 Z  -2.1]  quat[R  -1.6 P +35.1 Y  -2.6]  pose.yaw(+off) +87.4
raw[X  +0.2 Y +35.1 Z  -2.2]  quat[R  -1.3 P +35.1 Y  -2.6]  pose.yaw(+off) +87.4
raw[X  -0.0 Y +35.2 Z  -2.1]  quat[R  -1.5 P +35.1 Y  -2.6]  pose.yaw(+off) +87.4
raw[X  +0.1 Y +35.2 Z  -2.2]  quat[R  -1.4 P +35.1 Y  -2.6]  pose.yaw(+off) +87.4
raw[X  -0.0 Y +35.2 Z  -2.1]  quat[R  -1.5 P +35.2 Y  -2.6]  pose.yaw(+off) +87.4
raw[X  -0.1 Y +35.2 Z  -2.1]  quat[R  -1.5 P +35.2 Y  -2.6]  pose.yaw(+off) +87.4
raw[X  -0.1 Y +35.2 Z  -2.1]  quat[R  -1.6 P +35.2 Y  -2.6]  pose.yaw(+off) +87.4
raw[X  +0.4 Y +35.1 Z  -2.3]  quat[R  -1.2 P +35.1 Y  -2.6]  pose.yaw(+off) +87.4
raw[X  -0.2 Y +35.2 Z  -2.0]  quat[R  -1.7 P +35.1 Y  -2.6]  pose.yaw(+off) +87.4
raw[X  -0.1 Y +35.2 Z  -2.1]  quat[R  -1.6 P +35.2 Y  -2.6]  pose.yaw(+off) +87.4
raw[X  +0.3 Y +35.1 Z  -2.3]  quat[R  -1.2 P +35.1 Y  -2.6]  pose.yaw(+off) +87.4
raw[X  +0.3 Y +35.2 Z  -2.3]  quat[R  -1.2 P +35.2 Y  -2.6]  pose.yaw(+off) +87.4
raw[X  +0.3 Y +35.1 Z  -2.3]  quat[R  -1.2 P +35.1 Y  -2.6]  pose.yaw(+off) +87.4
raw[X  -0.0 Y +35.2 Z  -2.1]  quat[R  -1.5 P +35.1 Y  -2.6]  pose.yaw(+off) +87.4
raw[X  -0.2 Y +34.8 Z  -2.1]  quat[R  -1.7 P +34.7 Y  -2.7]  pose.yaw(+off) +87.3
raw[X  +0.3 Y +35.0 Z  -2.3]  quat[R  -1.2 P +35.0 Y  -2.6]  pose.yaw(+off) +87.4
raw[X  -0.1 Y +35.2 Z  -2.1]  quat[R  -1.6 P +35.2 Y  -2.6]  pose.yaw(+off) +87.4
raw[X  -0.0 Y +35.1 Z  -2.1]  quat[R  -1.5 P +35.1 Y  -2.6]  pose.yaw(+off) +87.4
raw[X  +0.2 Y +35.1 Z  -2.2]  quat[R  -1.3 P +35.1 Y  -2.6]  pose.yaw(+off) +87.4
raw[X  +0.4 Y +35.2 Z  -2.3]  quat[R  -1.2 P +35.2 Y  -2.6]  pose.yaw(+off) +87.4
raw[X  +0.4 Y +35.1 Z  -2.3]  quat[R  -1.1 P +35.1 Y  -2.6]  pose.yaw(+off) +87.4
raw[X  -0.2 Y +34.8 Z  -2.1]  quat[R  -1.7 P +34.7 Y  -2.7]  pose.yaw(+off) +87.3
raw[X  +0.4 Y +35.1 Z  -2.3]  quat[R  -1.1 P +35.1 Y  -2.6]  pose.yaw(+off) +87.4
raw[X  +0.3 Y +35.2 Z  -2.4]  quat[R  -1.3 P +35.2 Y  -2.7]  pose.yaw(+off) +87.3
raw[X  +0.2 Y +35.1 Z  -2.2]  quat[R  -1.3 P +35.1 Y  -2.6]  pose.yaw(+off) +87.4
raw[X  +0.3 Y +35.1 Z  -2.3]  quat[R  -1.2 P +35.0 Y  -2.6]  pose.yaw(+off) +87.4
raw[X  +0.2 Y +35.1 Z  -2.2]  quat[R  -1.3 P +35.1 Y  -2.6]  pose.yaw(+off) +87.4
raw[X  -0.0 Y +35.1 Z  -2.1]  quat[R  -1.5 P +35.1 Y  -2.6]  pose.yaw(+off) +87.4
raw[X  -0.1 Y +35.1 Z  -2.1]  quat[R  -1.6 P +35.1 Y  -2.6]  pose.yaw(+off) +87.4
raw[X  +0.2 Y +35.1 Z  -2.2]  quat[R  -1.3 P +35.1 Y  -2.6]  pose.yaw(+off) +87.4
raw[X  +0.4 Y +35.1 Z  -2.4]  quat[R  -1.2 P +35.1 Y  -2.6]  pose.yaw(+off) +87.4
raw[X  +0.4 Y +35.2 Z  -2.4]  quat[R  -1.2 P +35.2 Y  -2.6]  pose.yaw(+off) +87.4
raw[X  +0.4 Y +35.2 Z  -2.4]  quat[R  -1.2 P +35.1 Y  -2.6]  pose.yaw(+off) +87.4
raw[X  +0.4 Y +35.1 Z  -2.3]  quat[R  -1.2 P +35.1 Y  -2.6]  pose.yaw(+off) +87.4
raw[X  +0.2 Y +35.2 Z  -2.2]  quat[R  -1.3 P +35.2 Y  -2.6]  pose.yaw(+off) +87.4
raw[X  +0.4 Y +35.1 Z  -2.4]  quat[R  -1.2 P +35.1 Y  -2.6]  pose.yaw(+off) +87.4
raw[X  -0.1 Y +35.1 Z  -2.1]  quat[R  -1.6 P +35.1 Y  -2.6]  pose.yaw(+off) +87.4
raw[X  +0.2 Y +35.3 Z  -2.2]  quat[R  -1.3 P +35.2 Y  -2.6]  pose.yaw(+off) +87.4
raw[X  +0.3 Y +35.1 Z  -2.4]  quat[R  -1.2 P +35.0 Y  -2.6]  pose.yaw(+off) +87.4
raw[X  +0.1 Y +34.8 Z  -2.2]  quat[R  -1.4 P +34.7 Y  -2.6]  pose.yaw(+off) +87.4
raw[X  -0.0 Y +35.2 Z  -2.1]  quat[R  -1.5 P +35.2 Y  -2.6]  pose.yaw(+off) +87.4
raw[X  -0.1 Y +35.2 Z  -2.1]  quat[R  -1.6 P +35.1 Y  -2.6]  pose.yaw(+off) +87.4
raw[X  +0.2 Y +35.2 Z  -2.2]  quat[R  -1.3 P +35.1 Y  -2.6]  pose.yaw(+off) +87.4
raw[X  -0.1 Y +35.1 Z  -2.1]  quat[R  -1.6 P +35.1 Y  -2.6]  pose.yaw(+off) +87.4
raw[X  -0.1 Y +35.2 Z  -2.1]  quat[R  -1.6 P +35.2 Y  -2.6]  pose.yaw(+off) +87.4
raw[X  -0.1 Y +35.2 Z  -2.1]  quat[R  -1.6 P +35.1 Y  -2.6]  pose.yaw(+off) +87.4
raw[X  -0.1 Y +35.2 Z  -2.1]  quat[R  -1.6 P +35.2 Y  -2.6]  pose.yaw(+off) +87.4
raw[X  +0.3 Y +35.2 Z  -2.3]  quat[R  -1.2 P +35.2 Y  -2.6]  pose.yaw(+off) +87.4
raw[X  +0.4 Y +35.1 Z  -2.4]  quat[R  -1.2 P +35.1 Y  -2.6]  pose.yaw(+off) +87.4
raw[X  +0.6 Y +35.1 Z  -2.5]  quat[R  -1.0 P +35.1 Y  -2.6]  pose.yaw(+off) +87.4
raw[X  +0.4 Y +35.2 Z  -2.4]  quat[R  -1.2 P +35.1 Y  -2.6]  pose.yaw(+off) +87.4
raw[X  -0.1 Y +35.1 Z  -2.1]  quat[R  -1.6 P +35.1 Y  -2.6]  pose.yaw(+off) +87.4
raw[X  +0.2 Y +35.2 Z  -2.2]  quat[R  -1.3 P +35.2 Y  -2.6]  pose.yaw(+off) +87.4
raw[X  -0.1 Y +35.1 Z  -2.1]  quat[R  -1.6 P +35.1 Y  -2.6]  pose.yaw(+off) +87.4
raw[X  +0.3 Y +35.2 Z  -2.3]  quat[R  -1.2 P +35.2 Y  -2.6]  pose.yaw(+off) +87.4
raw[X  +0.3 Y +35.1 Z  -2.3]  quat[R  -1.2 P +35.1 Y  -2.6]  pose.yaw(+off) +87.4
raw[X  -0.1 Y +35.2 Z  -2.1]  quat[R  -1.6 P +35.1 Y  -2.6]  pose.yaw(+off) +87.4
raw[X  +0.6 Y +35.1 Z  -2.5]  quat[R  -1.0 P +35.1 Y  -2.6]  pose.yaw(+off) +87.4
raw[X  +0.3 Y +35.2 Z  -2.3]  quat[R  -1.3 P +35.1 Y  -2.6]  pose.yaw(+off) +87.4
raw[X  +0.2 Y +35.2 Z  -2.2]  quat[R  -1.3 P +35.2 Y  -2.6]  pose.yaw(+off) +87.4
raw[X  +0.4 Y +35.1 Z  -2.3]  quat[R  -1.2 P +35.1 Y  -2.6]  pose.yaw(+off) +87.4
raw[X  +0.2 Y +35.1 Z  -2.2]  quat[R  -1.3 P +35.0 Y  -2.6]  pose.yaw(+off) +87.4
raw[X  -0.1 Y +35.3 Z  -2.1]  quat[R  -1.6 P +35.3 Y  -2.6]  pose.yaw(+off) +87.4
raw[X  +0.3 Y +35.1 Z  -2.3]  quat[R  -1.2 P +35.1 Y  -2.6]  pose.yaw(+off) +87.4
raw[X  +0.2 Y +35.2 Z  -2.2]  quat[R  -1.3 P +35.1 Y  -2.6]  pose.yaw(+off) +87.4
raw[X  +0.3 Y +35.1 Z  -2.4]  quat[R  -1.2 P +35.1 Y  -2.6]  pose.yaw(+off) +87.4
raw[X  +0.3 Y +35.1 Z  -2.4]  quat[R  -1.2 P +35.1 Y  -2.6]  pose.yaw(+off) +87.4
raw[X  -0.1 Y +35.1 Z  -2.1]  quat[R  -1.6 P +35.1 Y  -2.6]  pose.yaw(+off) +87.4
raw[X  +0.3 Y +35.1 Z  -2.3]  quat[R  -1.2 P +35.1 Y  -2.6]  pose.yaw(+off) +87.4
raw[X  -0.1 Y +35.2 Z  -2.1]  quat[R  -1.6 P +35.2 Y  -2.6]  pose.yaw(+off) +87.4
raw[X  +0.2 Y +35.2 Z  -2.2]  quat[R  -1.3 P +35.2 Y  -2.6]  pose.yaw(+off) +87.4
raw[X  +0.4 Y +35.1 Z  -2.3]  quat[R  -1.2 P +35.1 Y  -2.6]  pose.yaw(+off) +87.4
raw[X  +0.3 Y +35.2 Z  -2.3]  quat[R  -1.3 P +35.2 Y  -2.6]  pose.yaw(+off) +87.4
raw[X  -0.1 Y +35.3 Z  -2.1]  quat[R  -1.6 P +35.2 Y  -2.6]  pose.yaw(+off) +87.4
raw[X  +0.3 Y +35.1 Z  -2.3]  quat[R  -1.2 P +35.1 Y  -2.6]  pose.yaw(+off) +87.4
raw[X  +0.3 Y +35.2 Z  -2.3]  quat[R  -1.2 P +35.2 Y  -2.6]  pose.yaw(+off) +87.4
raw[X  +0.3 Y +35.1 Z  -2.3]  quat[R  -1.3 P +35.1 Y  -2.6]  pose.yaw(+off) +87.4
raw[X  -0.1 Y +35.2 Z  -2.1]  quat[R  -1.5 P +35.2 Y  -2.6]  pose.yaw(+off) +87.4
raw[X  -0.2 Y +35.3 Z  -2.1]  quat[R  -1.7 P +35.2 Y  -2.7]  pose.yaw(+off) +87.3
raw[X  +0.4 Y +35.1 Z  -2.3]  quat[R  -1.2 P +35.0 Y  -2.6]  pose.yaw(+off) +87.4
raw[X  +0.1 Y +34.8 Z  -2.2]  quat[R  -1.4 P +34.8 Y  -2.6]  pose.yaw(+off) +87.4
raw[X  +0.3 Y +35.1 Z  -2.3]  quat[R  -1.2 P +35.1 Y  -2.5]  pose.yaw(+off) +87.5
raw[X  +0.3 Y +35.1 Z  -2.3]  quat[R  -1.2 P +35.0 Y  -2.6]  pose.yaw(+off) +87.4
raw[X  -0.1 Y +35.2 Z  -2.1]  quat[R  -1.6 P +35.1 Y  -2.6]  pose.yaw(+off) +87.4
raw[X  +0.4 Y +35.1 Z  -2.3]  quat[R  -1.2 P +35.1 Y  -2.6]  pose.yaw(+off) +87.4
raw[X  -0.1 Y +35.2 Z  -2.1]  quat[R  -1.6 P +35.2 Y  -2.6]  pose.yaw(+off) +87.4
raw[X  -0.1 Y +35.2 Z  -2.1]  quat[R  -1.6 P +35.2 Y  -2.6]  pose.yaw(+off) +87.4
raw[X  +0.3 Y +35.1 Z  -2.3]  quat[R  -1.2 P +35.1 Y  -2.6]  pose.yaw(+off) +87.4
raw[X  -0.1 Y +35.2 Z  -2.1]  quat[R  -1.6 P +35.2 Y  -2.6]  pose.yaw(+off) +87.4
raw[X  -0.1 Y +35.2 Z  -2.1]  quat[R  -1.6 P +35.1 Y  -2.6]  pose.yaw(+off) +87.4
raw[X  +0.2 Y +35.2 Z  -2.2]  quat[R  -1.3 P +35.1 Y  -2.6]  pose.yaw(+off) +87.4
raw[X  +0.4 Y +35.1 Z  -2.4]  quat[R  -1.2 P +35.1 Y  -2.6]  pose.yaw(+off) +87.4
raw[X  +0.4 Y +35.2 Z  -2.3]  quat[R  -1.2 P +35.1 Y  -2.6]  pose.yaw(+off) +87.4
raw[X  -0.1 Y +35.1 Z  -2.1]  quat[R  -1.6 P +35.1 Y  -2.6]  pose.yaw(+off) +87.4
raw[X  +0.4 Y +35.2 Z  -2.4]  quat[R  -1.2 P +35.2 Y  -2.6]  pose.yaw(+off) +87.4
raw[X  +0.2 Y +35.2 Z  -2.2]  quat[R  -1.3 P +35.1 Y  -2.6]  pose.yaw(+off) +87.4
raw[X  +0.2 Y +35.1 Z  -2.2]  quat[R  -1.4 P +35.1 Y  -2.6]  pose.yaw(+off) +87.4
raw[X  +0.4 Y +35.2 Z  -2.4]  quat[R  -1.2 P +35.2 Y  -2.6]  pose.yaw(+off) +87.4
raw[X  -0.1 Y +35.2 Z  -2.1]  quat[R  -1.6 P +35.2 Y  -2.6]  pose.yaw(+off) +87.4
raw[X  +0.3 Y +35.1 Z  -2.3]  quat[R  -1.2 P +35.1 Y  -2.6]  pose.yaw(+off) +87.4
raw[X  +0.2 Y +35.1 Z  -2.2]  quat[R  -1.3 P +35.1 Y  -2.6]  pose.yaw(+off) +87.4
raw[X  -0.1 Y +35.2 Z  -2.1]  quat[R  -1.6 P +35.2 Y  -2.6]  pose.yaw(+off) +87.4
raw[X  -0.1 Y +35.2 Z  -2.1]  quat[R  -1.6 P +35.1 Y  -2.6]  pose.yaw(+off) +87.4
raw[X  -0.0 Y +35.2 Z  -2.2]  quat[R  -1.6 P +35.2 Y  -2.7]  pose.yaw(+off) +87.3
raw[X  +0.4 Y +35.1 Z  -2.4]  quat[R  -1.2 P +35.1 Y  -2.6]  pose.yaw(+off) +87.4
raw[X  -0.1 Y +35.1 Z  -2.1]  quat[R  -1.6 P +35.1 Y  -2.6]  pose.yaw(+off) +87.4
raw[X  +0.4 Y +35.2 Z  -2.3]  quat[R  -1.2 P +35.2 Y  -2.6]  pose.yaw(+off) +87.4
raw[X  +0.4 Y +35.1 Z  -2.3]  quat[R  -1.2 P +35.1 Y  -2.6]  pose.yaw(+off) +87.4
raw[X  -0.1 Y +35.2 Z  -2.1]  quat[R  -1.6 P +35.1 Y  -2.6]  pose.yaw(+off) +87.4
raw[X  +0.7 Y +35.1 Z  -2.5]  quat[R  -0.9 P +35.1 Y  -2.6]  pose.yaw(+off) +87.4
raw[X  -0.1 Y +35.1 Z  -2.1]  quat[R  -1.6 P +35.1 Y  -2.6]  pose.yaw(+off) +87.4
raw[X  -0.1 Y +35.2 Z  -2.1]  quat[R  -1.6 P +35.2 Y  -2.6]  pose.yaw(+off) +87.4
raw[X  +0.3 Y +35.2 Z  -2.4]  quat[R  -1.2 P +35.1 Y  -2.7]  pose.yaw(+off) +87.3
raw[X  -0.1 Y +35.2 Z  -2.1]  quat[R  -1.6 P +35.2 Y  -2.7]  pose.yaw(+off) +87.3
raw[X  +0.4 Y +35.2 Z  -2.3]  quat[R  -1.2 P +35.1 Y  -2.6]  pose.yaw(+off) +87.4
raw[X  +0.4 Y +35.1 Z  -2.4]  quat[R  -1.2 P +35.1 Y  -2.6]  pose.yaw(+off) +87.4
raw[X  -0.1 Y +35.2 Z  -2.1]  quat[R  -1.6 P +35.2 Y  -2.6]  pose.yaw(+off) +87.4
raw[X  -0.0 Y +35.2 Z  -2.1]  quat[R  -1.5 P +35.1 Y  -2.6]  pose.yaw(+off) +87.4
raw[X  +0.3 Y +35.1 Z  -2.3]  quat[R  -1.2 P +35.1 Y  -2.6]  pose.yaw(+off) +87.4
raw[X  -0.1 Y +35.2 Z  -2.1]  quat[R  -1.6 P +35.2 Y  -2.7]  pose.yaw(+off) +87.3
raw[X  -0.1 Y +35.2 Z  -2.1]  quat[R  -1.6 P +35.2 Y  -2.6]  pose.yaw(+off) +87.4
raw[X  -0.1 Y +35.2 Z  -2.1]  quat[R  -1.6 P +35.2 Y  -2.6]  pose.yaw(+off) +87.4
raw[X  +0.4 Y +35.1 Z  -2.3]  quat[R  -1.2 P +35.1 Y  -2.6]  pose.yaw(+off) +87.4
raw[X  -0.1 Y +35.2 Z  -2.1]  quat[R  -1.6 P +35.1 Y  -2.6]  pose.yaw(+off) +87.4
raw[X  -0.1 Y +35.2 Z  -2.1]  quat[R  -1.6 P +35.2 Y  -2.6]  pose.yaw(+off) +87.4
raw[X  -0.0 Y +35.1 Z  -2.1]  quat[R  -1.5 P +35.1 Y  -2.6]  pose.yaw(+off) +87.4
raw[X  -0.1 Y +35.2 Z  -2.1]  quat[R  -1.6 P +35.2 Y  -2.6]  pose.yaw(+off) +87.4
raw[X  +0.2 Y +35.2 Z  -2.2]  quat[R  -1.3 P +35.2 Y  -2.6]  pose.yaw(+off) +87.4
raw[X  -0.1 Y +35.2 Z  -2.1]  quat[R  -1.6 P +35.2 Y  -2.6]  pose.yaw(+off) +87.4
raw[X  -0.1 Y +35.1 Z  -2.1]  quat[R  -1.6 P +35.1 Y  -2.6]  pose.yaw(+off) +87.4
raw[X  +0.7 Y +35.1 Z  -2.5]  quat[R  -0.9 P +35.1 Y  -2.6]  pose.yaw(+off) +87.4
raw[X  +0.7 Y +35.1 Z  -2.5]  quat[R  -0.9 P +35.1 Y  -2.6]  pose.yaw(+off) +87.4
raw[X  -0.1 Y +35.1 Z  -2.1]  quat[R  -1.6 P +35.1 Y  -2.6]  pose.yaw(+off) +87.4
raw[X  +0.2 Y +35.2 Z  -2.2]  quat[R  -1.3 P +35.2 Y  -2.6]  pose.yaw(+off) +87.4
raw[X  +0.4 Y +35.2 Z  -2.3]  quat[R  -1.2 P +35.2 Y  -2.6]  pose.yaw(+off) +87.4
raw[X  -0.0 Y +35.2 Z  -2.1]  quat[R  -1.6 P +35.2 Y  -2.6]  pose.yaw(+off) +87.4
raw[X  +0.3 Y +35.2 Z  -2.4]  quat[R  -1.2 P +35.2 Y  -2.6]  pose.yaw(+off) +87.4
raw[X  +0.7 Y +35.1 Z  -2.5]  quat[R  -0.9 P +35.1 Y  -2.5]  pose.yaw(+off) +87.5
raw[X  +0.3 Y +35.2 Z  -2.3]  quat[R  -1.3 P +35.2 Y  -2.6]  pose.yaw(+off) +87.4
raw[X  -0.1 Y +35.1 Z  -2.1]  quat[R  -1.6 P +35.1 Y  -2.6]  pose.yaw(+off) +87.4
raw[X  -0.1 Y +35.2 Z  -2.1]  quat[R  -1.6 P +35.2 Y  -2.6]  pose.yaw(+off) +87.4
raw[X  +0.2 Y +35.1 Z  -2.2]  quat[R  -1.3 P +35.1 Y  -2.6]  pose.yaw(+off) +87.4
raw[X  -0.1 Y +35.2 Z  -2.1]  quat[R  -1.6 P +35.2 Y  -2.6]  pose.yaw(+off) +87.4
raw[X  +0.7 Y +35.2 Z  -2.5]  quat[R  -0.9 P +35.2 Y  -2.6]  pose.yaw(+off) +87.4
raw[X  +0.7 Y +35.1 Z  -2.5]  quat[R  -0.9 P +35.1 Y  -2.6]  pose.yaw(+off) +87.4
raw[X  +0.6 Y +35.0 Z  -2.5]  quat[R  -1.0 P +35.0 Y  -2.6]  pose.yaw(+off) +87.4
raw[X  +0.2 Y +35.3 Z  -2.2]  quat[R  -1.3 P +35.2 Y  -2.5]  pose.yaw(+off) +87.5
raw[X  +0.1 Y +35.1 Z  -2.2]  quat[R  -1.4 P +35.1 Y  -2.6]  pose.yaw(+off) +87.4
raw[X  -0.1 Y +34.8 Z  -2.1]  quat[R  -1.6 P +34.7 Y  -2.6]  pose.yaw(+off) +87.4
raw[X  -0.1 Y +35.2 Z  -2.1]  quat[R  -1.6 P +35.1 Y  -2.6]  pose.yaw(+off) +87.4
raw[X  -0.1 Y +35.2 Z  -2.1]  quat[R  -1.6 P +35.1 Y  -2.7]  pose.yaw(+off) +87.3
raw[X  -0.1 Y +35.2 Z  -2.1]  quat[R  -1.6 P +35.2 Y  -2.7]  pose.yaw(+off) +87.3
raw[X  +0.3 Y +35.1 Z  -2.3]  quat[R  -1.2 P +35.1 Y  -2.6]  pose.yaw(+off) +87.4
raw[X  -0.1 Y +35.2 Z  -2.1]  quat[R  -1.6 P +35.2 Y  -2.6]  pose.yaw(+off) +87.4
raw[X  +0.7 Y +35.1 Z  -2.5]  quat[R  -0.9 P +35.1 Y  -2.6]  pose.yaw(+off) +87.4
raw[X  -0.1 Y +35.2 Z  -2.1]  quat[R  -1.6 P +35.2 Y  -2.6]  pose.yaw(+off) +87.4
raw[X  -0.1 Y +35.2 Z  -2.1]  quat[R  -1.6 P +35.2 Y  -2.6]  pose.yaw(+off) +87.4
raw[X  +0.3 Y +35.1 Z  -2.3]  quat[R  -1.2 P +35.1 Y  -2.6]  pose.yaw(+off) +87.4
raw[X  -0.1 Y +35.3 Z  -2.1]  quat[R  -1.6 P +35.3 Y  -2.6]  pose.yaw(+off) +87.4
raw[X  -0.1 Y +35.2 Z  -2.1]  quat[R  -1.6 P +35.1 Y  -2.6]  pose.yaw(+off) +87.4
raw[X  -0.0 Y +35.2 Z  -2.1]  quat[R  -1.5 P +35.2 Y  -2.6]  pose.yaw(+off) +87.4
raw[X  -0.1 Y +35.2 Z  -2.1]  quat[R  -1.6 P +35.1 Y  -2.6]  pose.yaw(+off) +87.4
raw[X  -0.1 Y +35.1 Z  -2.1]  quat[R  -1.6 P +35.1 Y  -2.7]  pose.yaw(+off) +87.3
raw[X  -0.0 Y +35.2 Z  -2.1]  quat[R  -1.5 P +35.2 Y  -2.6]  pose.yaw(+off) +87.4
raw[X  +0.3 Y +35.1 Z  -2.2]  quat[R  -1.3 P +35.1 Y  -2.6]  pose.yaw(+off) +87.4
raw[X  +0.4 Y +35.2 Z  -2.3]  quat[R  -1.2 P +35.2 Y  -2.6]  pose.yaw(+off) +87.4
raw[X  +0.3 Y +35.2 Z  -2.3]  quat[R  -1.3 P +35.1 Y  -2.6]  pose.yaw(+off) +87.4
raw[X  +0.4 Y +35.2 Z  -2.4]  quat[R  -1.2 P +35.2 Y  -2.6]  pose.yaw(+off) +87.4
raw[X  +0.7 Y +35.1 Z  -2.5]  quat[R  -0.9 P +35.1 Y  -2.5]  pose.yaw(+off) +87.5
raw[X  -0.1 Y +35.1 Z  -2.1]  quat[R  -1.6 P +35.1 Y  -2.7]  pose.yaw(+off) +87.3
raw[X  +0.2 Y +35.2 Z  -2.2]  quat[R  -1.3 P +35.2 Y  -2.5]  pose.yaw(+off) +87.5
raw[X  -0.2 Y +35.1 Z  -2.0]  quat[R  -1.6 P +35.1 Y  -2.6]  pose.yaw(+off) +87.4
raw[X  +0.2 Y +35.1 Z  -2.2]  quat[R  -1.3 P +35.1 Y  -2.6]  pose.yaw(+off) +87.4
raw[X  -0.1 Y +35.2 Z  -2.1]  quat[R  -1.6 P +35.2 Y  -2.6]  pose.yaw(+off) +87.4
raw[X  +0.2 Y +35.1 Z  -2.2]  quat[R  -1.3 P +35.1 Y  -2.6]  pose.yaw(+off) +87.4
raw[X  -0.0 Y +35.2 Z  -2.1]  quat[R  -1.5 P +35.2 Y  -2.6]  pose.yaw(+off) +87.4
raw[X  -0.1 Y +35.1 Z  -2.1]  quat[R  -1.6 P +35.0 Y  -2.6]  pose.yaw(+off) +87.4
raw[X  +0.2 Y +35.1 Z  -2.2]  quat[R  -1.3 P +35.1 Y  -2.6]  pose.yaw(+off) +87.4
raw[X  -0.0 Y +35.2 Z  -2.1]  quat[R  -1.6 P +35.1 Y  -2.7]  pose.yaw(+off) +87.3
raw[X  +0.2 Y +35.1 Z  -2.2]  quat[R  -1.3 P +35.1 Y  -2.6]  pose.yaw(+off) +87.4
raw[X  +0.6 Y +35.1 Z  -2.5]  quat[R  -1.0 P +35.1 Y  -2.6]  pose.yaw(+off) +87.4
raw[X  +0.7 Y +35.0 Z  -2.5]  quat[R  -0.9 P +35.0 Y  -2.6]  pose.yaw(+off) +87.4
raw[X  -0.1 Y +35.2 Z  -2.1]  quat[R  -1.6 P +35.1 Y  -2.6]  pose.yaw(+off) +87.4
raw[X  +0.3 Y +35.1 Z  -2.3]  quat[R  -1.2 P +35.1 Y  -2.6]  pose.yaw(+off) +87.4
raw[X  +0.2 Y +35.1 Z  -2.2]  quat[R  -1.3 P +35.1 Y  -2.6]  pose.yaw(+off) +87.4
raw[X  -0.0 Y +35.2 Z  -2.1]  quat[R  -1.5 P +35.2 Y  -2.6]  pose.yaw(+off) +87.4
raw[X  +0.3 Y +35.2 Z  -2.3]  quat[R  -1.3 P +35.1 Y  -2.6]  pose.yaw(+off) +87.4
raw[X  +0.2 Y +34.7 Z  -2.2]  quat[R  -1.3 P +34.7 Y  -2.6]  pose.yaw(+off) +87.4
raw[X  +0.7 Y +35.1 Z  -2.5]  quat[R  -0.9 P +35.1 Y  -2.5]  pose.yaw(+off) +87.5
raw[X  +0.7 Y +35.1 Z  -2.5]  quat[R  -0.9 P +35.1 Y  -2.5]  pose.yaw(+off) +87.5
raw[X  -0.0 Y +35.1 Z  -2.1]  quat[R  -1.5 P +35.1 Y  -2.6]  pose.yaw(+off) +87.4
raw[X  -0.1 Y +35.2 Z  -2.1]  quat[R  -1.5 P +35.1 Y  -2.6]  pose.yaw(+off) +87.4
raw[X  -0.1 Y +35.2 Z  -2.1]  quat[R  -1.6 P +35.2 Y  -2.6]  pose.yaw(+off) +87.4
raw[X  -0.1 Y +35.2 Z  -2.1]  quat[R  -1.6 P +35.2 Y  -2.7]  pose.yaw(+off) +87.3
raw[X  -0.1 Y +35.2 Z  -2.1]  quat[R  -1.6 P +35.2 Y  -2.6]  pose.yaw(+off) +87.4
raw[X  +0.3 Y +35.1 Z  -2.4]  quat[R  -1.2 P +35.1 Y  -2.6]  pose.yaw(+off) +87.4
raw[X  -0.1 Y +35.2 Z  -2.1]  quat[R  -1.5 P +35.1 Y  -2.6]  pose.yaw(+off) +87.4
raw[X  +0.3 Y +35.1 Z  -2.3]  quat[R  -1.2 P +35.1 Y  -2.6]  pose.yaw(+off) +87.4
raw[X  +0.6 Y +34.7 Z  -2.5]  quat[R  -1.0 P +34.7 Y  -2.6]  pose.yaw(+off) +87.4
raw[X  +0.3 Y +35.1 Z  -2.3]  quat[R  -1.3 P +35.1 Y  -2.6]  pose.yaw(+off) +87.4
raw[X  -0.1 Y +35.2 Z  -2.1]  quat[R  -1.6 P +35.1 Y  -2.6]  pose.yaw(+off) +87.4
raw[X  +0.3 Y +35.1 Z  -2.3]  quat[R  -1.2 P +35.1 Y  -2.6]  pose.yaw(+off) +87.4
raw[X  +0.4 Y +35.1 Z  -2.3]  quat[R  -1.2 P +35.0 Y  -2.6]  pose.yaw(+off) +87.4
raw[X  -0.1 Y +35.3 Z  -2.1]  quat[R  -1.6 P +35.2 Y  -2.6]  pose.yaw(+off) +87.4
raw[X  +0.4 Y +35.1 Z  -2.4]  quat[R  -1.2 P +35.0 Y  -2.6]  pose.yaw(+off) +87.4
raw[X  +0.4 Y +35.2 Z  -2.4]  quat[R  -1.2 P +35.1 Y  -2.6]  pose.yaw(+off) +87.4
raw[X  -0.1 Y +35.2 Z  -2.1]  quat[R  -1.6 P +35.1 Y  -2.6]  pose.yaw(+off) +87.4
raw[X  +0.7 Y +35.1 Z  -2.5]  quat[R  -0.9 P +35.1 Y  -2.6]  pose.yaw(+off) +87.4
raw[X  +0.2 Y +35.1 Z  -2.2]  quat[R  -1.3 P +35.1 Y  -2.6]  pose.yaw(+off) +87.4
raw[X  +0.3 Y +35.2 Z  -2.3]  quat[R  -1.3 P +35.1 Y  -2.6]  pose.yaw(+off) +87.4
raw[X  -0.1 Y +35.3 Z  -2.1]  quat[R  -1.6 P +35.2 Y  -2.6]  pose.yaw(+off) +87.4
raw[X  +0.2 Y +35.2 Z  -2.3]  quat[R  -1.3 P +35.1 Y  -2.6]  pose.yaw(+off) +87.4
raw[X  +0.3 Y +35.1 Z  -2.3]  quat[R  -1.2 P +35.1 Y  -2.6]  pose.yaw(+off) +87.4
raw[X  +0.7 Y +35.1 Z  -2.5]  quat[R  -0.9 P +35.1 Y  -2.6]  pose.yaw(+off) +87.4
raw[X  +0.3 Y +35.1 Z  -2.3]  quat[R  -1.3 P +35.1 Y  -2.6]  pose.yaw(+off) +87.4
raw[X  -0.0 Y +35.2 Z  -2.1]  quat[R  -1.5 P +35.2 Y  -2.6]  pose.yaw(+off) +87.4
raw[X  +0.3 Y +35.1 Z  -2.3]  quat[R  -1.3 P +35.1 Y  -2.6]  pose.yaw(+off) +87.4
raw[X  -0.1 Y +35.2 Z  -2.1]  quat[R  -1.6 P +35.2 Y  -2.6]  pose.yaw(+off) +87.4
raw[X  -0.1 Y +35.2 Z  -2.1]  quat[R  -1.6 P +35.2 Y  -2.7]  pose.yaw(+off) +87.3
raw[X  +0.4 Y +35.2 Z  -2.3]  quat[R  -1.2 P +35.2 Y  -2.6]  pose.yaw(+off) +87.4
raw[X  +0.4 Y +35.1 Z  -2.4]  quat[R  -1.2 P +35.1 Y  -2.6]  pose.yaw(+off) +87.4
raw[X  +0.2 Y +35.2 Z  -2.2]  quat[R  -1.3 P +35.2 Y  -2.5]  pose.yaw(+off) +87.5
raw[X  +0.2 Y +35.1 Z  -2.3]  quat[R  -1.3 P +35.1 Y  -2.6]  pose.yaw(+off) +87.4
raw[X  +0.2 Y +35.1 Z  -2.2]  quat[R  -1.3 P +35.1 Y  -2.6]  pose.yaw(+off) +87.4
raw[X  +0.2 Y +35.2 Z  -2.2]  quat[R  -1.3 P +35.2 Y  -2.6]  pose.yaw(+off) +87.4
raw[X  -0.0 Y +35.1 Z  -2.1]  quat[R  -1.5 P +35.1 Y  -2.6]  pose.yaw(+off) +87.4
raw[X  +0.2 Y +35.1 Z  -2.3]  quat[R  -1.4 P +35.1 Y  -2.6]  pose.yaw(+off) +87.4
raw[X  -0.1 Y +35.2 Z  -2.1]  quat[R  -1.6 P +35.1 Y  -2.6]  pose.yaw(+off) +87.4
raw[X  +0.3 Y +35.1 Z  -2.3]  quat[R  -1.3 P +35.1 Y  -2.6]  pose.yaw(+off) +87.4
raw[X  +0.3 Y +35.2 Z  -2.4]  quat[R  -1.2 P +35.2 Y  -2.6]  pose.yaw(+off) +87.4
raw[X  -0.1 Y +35.1 Z  -2.1]  quat[R  -1.6 P +35.1 Y  -2.6]  pose.yaw(+off) +87.4
raw[X  +0.2 Y +35.2 Z  -2.2]  quat[R  -1.3 P +35.2 Y  -2.6]  pose.yaw(+off) +87.4
raw[X  +0.2 Y +35.1 Z  -2.2]  quat[R  -1.4 P +35.1 Y  -2.6]  pose.yaw(+off) +87.4
raw[X  +0.7 Y +35.1 Z  -2.5]  quat[R  -0.9 P +35.1 Y  -2.6]  pose.yaw(+off) +87.4
raw[X  +0.2 Y +35.2 Z  -2.2]  quat[R  -1.4 P +35.2 Y  -2.6]  pose.yaw(+off) +87.4
raw[X  +0.6 Y +35.1 Z  -2.5]  quat[R  -1.0 P +35.1 Y  -2.6]  pose.yaw(+off) +87.4
raw[X  +0.7 Y +35.2 Z  -2.5]  quat[R  -0.9 P +35.1 Y  -2.6]  pose.yaw(+off) +87.4
raw[X  +0.3 Y +35.1 Z  -2.2]  quat[R  -1.2 P +35.1 Y  -2.5]  pose.yaw(+off) +87.5
raw[X  -0.1 Y +35.1 Z  -2.1]  quat[R  -1.6 P +35.1 Y  -2.7]  pose.yaw(+off) +87.3
raw[X  +0.2 Y +35.1 Z  -2.2]  quat[R  -1.3 P +35.1 Y  -2.6]  pose.yaw(+off) +87.4
raw[X  -0.1 Y +35.2 Z  -2.1]  quat[R  -1.6 P +35.1 Y  -2.7]  pose.yaw(+off) +87.3
raw[X  +0.7 Y +35.1 Z  -2.5]  quat[R  -0.9 P +35.1 Y  -2.6]  pose.yaw(+off) +87.4
raw[X  +0.3 Y +34.7 Z  -2.4]  quat[R  -1.3 P +34.7 Y  -2.7]  pose.yaw(+off) +87.3
raw[X  +0.3 Y +35.2 Z  -2.3]  quat[R  -1.3 P +35.1 Y  -2.6]  pose.yaw(+off) +87.4
raw[X  +0.7 Y +35.2 Z  -2.5]  quat[R  -0.9 P +35.2 Y  -2.6]  pose.yaw(+off) +87.4
raw[X  -0.1 Y +35.1 Z  -2.1]  quat[R  -1.6 P +35.1 Y  -2.6]  pose.yaw(+off) +87.4
raw[X  +0.4 Y +35.2 Z  -2.4]  quat[R  -1.2 P +35.2 Y  -2.6]  pose.yaw(+off) +87.4
raw[X  +0.7 Y +35.1 Z  -2.5]  quat[R  -0.9 P +35.1 Y  -2.5]  pose.yaw(+off) +87.5
raw[X  -0.1 Y +35.2 Z  -2.1]  quat[R  -1.6 P +35.1 Y  -2.7]  pose.yaw(+off) +87.3
raw[X  -0.1 Y +35.3 Z  -2.1]  quat[R  -1.6 P +35.2 Y  -2.6]  pose.yaw(+off) +87.4
raw[X  -0.0 Y +35.2 Z  -2.1]  quat[R  -1.5 P +35.2 Y  -2.6]  pose.yaw(+off) +87.4
raw[X  -0.2 Y +35.1 Z  -2.1]  quat[R  -1.7 P +35.1 Y  -2.7]  pose.yaw(+off) +87.3
raw[X  +0.7 Y +35.1 Z  -2.5]  quat[R  -0.9 P +35.1 Y  -2.6]  pose.yaw(+off) +87.4
raw[X  +0.2 Y +35.0 Z  -2.2]  quat[R  -1.3 P +35.0 Y  -2.6]  pose.yaw(+off) +87.4
raw[X  +0.2 Y +35.1 Z  -2.3]  quat[R  -1.3 P +35.1 Y  -2.6]  pose.yaw(+off) +87.4
raw[X  +0.2 Y +35.2 Z  -2.2]  quat[R  -1.3 P +35.1 Y  -2.6]  pose.yaw(+off) +87.4
raw[X  -0.1 Y +35.2 Z  -2.1]  quat[R  -1.6 P +35.2 Y  -2.7]  pose.yaw(+off) +87.3
raw[X  +0.2 Y +35.2 Z  -2.3]  quat[R  -1.3 P +35.2 Y  -2.6]  pose.yaw(+off) +87.4
raw[X  +0.3 Y +35.2 Z  -2.3]  quat[R  -1.3 P +35.1 Y  -2.7]  pose.yaw(+off) +87.3
raw[X  +0.3 Y +35.1 Z  -2.3]  quat[R  -1.3 P +35.1 Y  -2.6]  pose.yaw(+off) +87.4
raw[X  +0.3 Y +35.2 Z  -2.3]  quat[R  -1.3 P +35.2 Y  -2.6]  pose.yaw(+off) +87.4
raw[X  +0.7 Y +35.1 Z  -2.5]  quat[R  -0.9 P +35.0 Y  -2.6]  pose.yaw(+off) +87.4
raw[X  -0.2 Y +35.2 Z  -2.1]  quat[R  -1.7 P +35.1 Y  -2.7]  pose.yaw(+off) +87.3
raw[X  -0.2 Y +35.2 Z  -2.1]  quat[R  -1.6 P +35.1 Y  -2.6]  pose.yaw(+off) +87.4
raw[X  +0.2 Y +35.2 Z  -2.2]  quat[R  -1.3 P +35.1 Y  -2.6]  pose.yaw(+off) +87.4
raw[X  +0.2 Y +35.1 Z  -2.2]  quat[R  -1.3 P +35.1 Y  -2.6]  pose.yaw(+off) +87.4
raw[X  -0.1 Y +35.2 Z  -2.1]  quat[R  -1.6 P +35.2 Y  -2.6]  pose.yaw(+off) +87.4
raw[X  +0.3 Y +35.1 Z  -2.4]  quat[R  -1.3 P +35.1 Y  -2.6]  pose.yaw(+off) +87.4
raw[X  +0.2 Y +35.2 Z  -2.3]  quat[R  -1.4 P +35.1 Y  -2.6]  pose.yaw(+off) +87.4
raw[X  -0.1 Y +35.2 Z  -2.1]  quat[R  -1.6 P +35.1 Y  -2.6]  pose.yaw(+off) +87.4
raw[X  +0.2 Y +35.1 Z  -2.2]  quat[R  -1.3 P +35.1 Y  -2.6]  pose.yaw(+off) +87.4
raw[X  -0.1 Y +35.3 Z  -2.1]  quat[R  -1.6 P +35.3 Y  -2.7]  pose.yaw(+off) +87.3
raw[X  -0.1 Y +35.1 Z  -2.1]  quat[R  -1.6 P +35.1 Y  -2.6]  pose.yaw(+off) +87.4
raw[X  -0.2 Y +34.8 Z  -2.1]  quat[R  -1.7 P +34.8 Y  -2.7]  pose.yaw(+off) +87.3
raw[X  -0.1 Y +35.2 Z  -2.1]  quat[R  -1.6 P +35.2 Y  -2.6]  pose.yaw(+off) +87.4
raw[X  +0.7 Y +34.9 Z  -2.5]  quat[R  -0.9 P +34.9 Y  -2.5]  pose.yaw(+off) +87.5
raw[X  -0.1 Y +35.3 Z  -2.1]  quat[R  -1.6 P +35.2 Y  -2.7]  pose.yaw(+off) +87.3
raw[X  +0.4 Y +35.1 Z  -2.3]  quat[R  -1.2 P +35.1 Y  -2.6]  pose.yaw(+off) +87.4
raw[X  -0.2 Y +35.2 Z  -2.1]  quat[R  -1.7 P +35.1 Y  -2.7]  pose.yaw(+off) +87.3
raw[X  +0.1 Y +34.8 Z  -2.2]  quat[R  -1.4 P +34.8 Y  -2.6]  pose.yaw(+off) +87.4
raw[X  -0.0 Y +35.1 Z  -2.1]  quat[R  -1.5 P +35.1 Y  -2.6]  pose.yaw(+off) +87.4
raw[X  -0.3 Y +34.8 Z  -2.0]  quat[R  -1.8 P +34.7 Y  -2.7]  pose.yaw(+off) +87.3
raw[X  +0.3 Y +35.1 Z  -2.3]  quat[R  -1.2 P +35.1 Y  -2.6]  pose.yaw(+off) +87.4
raw[X  +0.3 Y +35.1 Z  -2.3]  quat[R  -1.2 P +35.1 Y  -2.6]  pose.yaw(+off) +87.4
raw[X  -0.2 Y +35.2 Z  -2.0]  quat[R  -1.7 P +35.2 Y  -2.6]  pose.yaw(+off) +87.4
raw[X  +0.4 Y +35.1 Z  -2.3]  quat[R  -1.2 P +35.1 Y  -2.6]  pose.yaw(+off) +87.4
raw[X  -0.2 Y +34.7 Z  -2.0]  quat[R  -1.7 P +34.7 Y  -2.6]  pose.yaw(+off) +87.4
raw[X  +0.2 Y +35.1 Z  -2.3]  quat[R  -1.3 P +35.1 Y  -2.6]  pose.yaw(+off) +87.4
raw[X  +0.7 Y +35.1 Z  -2.5]  quat[R  -0.8 P +35.1 Y  -2.5]  pose.yaw(+off) +87.5
raw[X  +0.6 Y +35.1 Z  -2.5]  quat[R  -1.0 P +35.1 Y  -2.6]  pose.yaw(+off) +87.4
raw[X  +0.4 Y +35.1 Z  -2.4]  quat[R  -1.2 P +35.1 Y  -2.6]  pose.yaw(+off) +87.4
raw[X  +0.2 Y +34.7 Z  -2.3]  quat[R  -1.3 P +34.7 Y  -2.6]  pose.yaw(+off) +87.4
raw[X  +0.3 Y +35.1 Z  -2.3]  quat[R  -1.2 P +35.1 Y  -2.6]  pose.yaw(+off) +87.4
raw[X  -0.1 Y +35.2 Z  -2.1]  quat[R  -1.6 P +35.2 Y  -2.6]  pose.yaw(+off) +87.4
raw[X  +0.3 Y +35.2 Z  -2.4]  quat[R  -1.3 P +35.2 Y  -2.7]  pose.yaw(+off) +87.3
raw[X  +0.4 Y +35.2 Z  -2.4]  quat[R  -1.2 P +35.2 Y  -2.6]  pose.yaw(+off) +87.4
raw[X  -0.1 Y +35.2 Z  -2.1]  quat[R  -1.6 P +35.2 Y  -2.7]  pose.yaw(+off) +87.3
raw[X  -0.1 Y +35.2 Z  -2.1]  quat[R  -1.6 P +35.2 Y  -2.7]  pose.yaw(+off) +87.3
raw[X  -0.1 Y +35.1 Z  -2.1]  quat[R  -1.6 P +35.1 Y  -2.6]  pose.yaw(+off) +87.4
raw[X  +0.4 Y +35.2 Z  -2.4]  quat[R  -1.2 P +35.2 Y  -2.6]  pose.yaw(+off) +87.4
raw[X  +0.2 Y +35.1 Z  -2.2]  quat[R  -1.3 P +35.1 Y  -2.6]  pose.yaw(+off) +87.4
raw[X  -0.1 Y +35.2 Z  -2.1]  quat[R  -1.6 P +35.1 Y  -2.6]  pose.yaw(+off) +87.4
raw[X  -0.3 Y +34.8 Z  -2.0]  quat[R  -1.7 P +34.7 Y  -2.7]  pose.yaw(+off) +87.3
raw[X  +0.2 Y +35.0 Z  -2.2]  quat[R  -1.3 P +35.0 Y  -2.6]  pose.yaw(+off) +87.4
raw[X  +0.7 Y +35.1 Z  -2.5]  quat[R  -0.9 P +35.1 Y  -2.5]  pose.yaw(+off) +87.5
raw[X  +0.2 Y +35.2 Z  -2.2]  quat[R  -1.4 P +35.1 Y  -2.6]  pose.yaw(+off) +87.4
raw[X  +0.7 Y +35.0 Z  -2.5]  quat[R  -0.9 P +35.0 Y  -2.6]  pose.yaw(+off) +87.4
raw[X  +0.1 Y +35.2 Z  -2.2]  quat[R  -1.4 P +35.2 Y  -2.6]  pose.yaw(+off) +87.4
raw[X  -0.1 Y +35.1 Z  -2.1]  quat[R  -1.6 P +35.1 Y  -2.7]  pose.yaw(+off) +87.3
raw[X  +0.2 Y +35.2 Z  -2.2]  quat[R  -1.3 P +35.1 Y  -2.6]  pose.yaw(+off) +87.4
raw[X  +0.3 Y +35.2 Z  -2.3]  quat[R  -1.2 P +35.2 Y  -2.6]  pose.yaw(+off) +87.4
raw[X  -0.1 Y +35.1 Z  -2.1]  quat[R  -1.6 P +35.1 Y  -2.7]  pose.yaw(+off) +87.3
raw[X  -0.1 Y +35.3 Z  -2.1]  quat[R  -1.6 P +35.2 Y  -2.6]  pose.yaw(+off) +87.4
raw[X  -0.1 Y +35.1 Z  -2.1]  quat[R  -1.7 P +35.1 Y  -2.7]  pose.yaw(+off) +87.3
raw[X  -0.1 Y +35.2 Z  -2.1]  quat[R  -1.6 P +35.2 Y  -2.6]  pose.yaw(+off) +87.4
raw[X  -0.1 Y +35.2 Z  -2.1]  quat[R  -1.6 P +35.2 Y  -2.7]  pose.yaw(+off) +87.3
raw[X  +0.2 Y +35.0 Z  -2.3]  quat[R  -1.3 P +35.0 Y  -2.6]  pose.yaw(+off) +87.4
raw[X  -0.1 Y +35.3 Z  -2.1]  quat[R  -1.7 P +35.2 Y  -2.7]  pose.yaw(+off) +87.3
raw[X  +0.4 Y +35.1 Z  -2.4]  quat[R  -1.2 P +35.1 Y  -2.7]  pose.yaw(+off) +87.3
raw[X  +0.3 Y +35.2 Z  -2.3]  quat[R  -1.2 P +35.2 Y  -2.6]  pose.yaw(+off) +87.4
raw[X  +0.2 Y +35.2 Z  -2.2]  quat[R  -1.4 P +35.2 Y  -2.6]  pose.yaw(+off) +87.4
raw[X  -0.1 Y +35.1 Z  -2.1]  quat[R  -1.6 P +35.1 Y  -2.6]  pose.yaw(+off) +87.4
raw[X  +0.2 Y +35.0 Z  -2.2]  quat[R  -1.3 P +35.0 Y  -2.6]  pose.yaw(+off) +87.4
raw[X  -0.1 Y +35.2 Z  -2.1]  quat[R  -1.7 P +35.2 Y  -2.7]  pose.yaw(+off) +87.3
raw[X  -0.1 Y +35.2 Z  -2.1]  quat[R  -1.6 P +35.1 Y  -2.6]  pose.yaw(+off) +87.4
raw[X  +0.2 Y +35.2 Z  -2.3]  quat[R  -1.4 P +35.2 Y  -2.6]  pose.yaw(+off) +87.4
raw[X  -0.1 Y +35.2 Z  -2.1]  quat[R  -1.6 P +35.2 Y  -2.6]  pose.yaw(+off) +87.4
raw[X  -0.1 Y +35.1 Z  -2.1]  quat[R  -1.6 P +35.1 Y  -2.7]  pose.yaw(+off) +87.3
raw[X  +0.2 Y +35.2 Z  -2.3]  quat[R  -1.3 P +35.2 Y  -2.6]  pose.yaw(+off) +87.4
raw[X  -0.0 Y +35.2 Z  -2.1]  quat[R  -1.5 P +35.1 Y  -2.6]  pose.yaw(+off) +87.4
raw[X  -0.2 Y +35.1 Z  -2.0]  quat[R  -1.7 P +35.1 Y  -2.6]  pose.yaw(+off) +87.4
raw[X  -0.2 Y +35.2 Z  -2.0]  quat[R  -1.6 P +35.2 Y  -2.6]  pose.yaw(+off) +87.4
raw[X  +0.3 Y +35.1 Z  -2.3]  quat[R  -1.3 P +35.1 Y  -2.6]  pose.yaw(+off) +87.4
raw[X  -0.2 Y +35.2 Z  -2.1]  quat[R  -1.7 P +35.1 Y  -2.7]  pose.yaw(+off) +87.3
raw[X  +0.2 Y +35.1 Z  -2.3]  quat[R  -1.3 P +35.1 Y  -2.6]  pose.yaw(+off) +87.4
raw[X  +0.3 Y +35.0 Z  -2.3]  quat[R  -1.2 P +35.0 Y  -2.6]  pose.yaw(+off) +87.4
raw[X  -0.2 Y +35.2 Z  -2.1]  quat[R  -1.7 P +35.2 Y  -2.7]  pose.yaw(+off) +87.3
raw[X  +0.4 Y +35.2 Z  -2.4]  quat[R  -1.2 P +35.2 Y  -2.6]  pose.yaw(+off) +87.4
raw[X  +0.1 Y +35.1 Z  -2.2]  quat[R  -1.4 P +35.1 Y  -2.6]  pose.yaw(+off) +87.4
raw[X  +0.1 Y +34.8 Z  -2.2]  quat[R  -1.4 P +34.8 Y  -2.6]  pose.yaw(+off) +87.4
raw[X  +0.4 Y +35.0 Z  -2.4]  quat[R  -1.2 P +35.0 Y  -2.6]  pose.yaw(+off) +87.4
raw[X  +0.1 Y +34.7 Z  -2.3]  quat[R  -1.4 P +34.7 Y  -2.7]  pose.yaw(+off) +87.3
raw[X  +0.4 Y +35.1 Z  -2.4]  quat[R  -1.2 P +35.1 Y  -2.6]  pose.yaw(+off) +87.4
raw[X  +0.2 Y +35.1 Z  -2.3]  quat[R  -1.4 P +35.1 Y  -2.6]  pose.yaw(+off) +87.4
raw[X  -0.0 Y +34.8 Z  -2.1]  quat[R  -1.5 P +34.7 Y  -2.6]  pose.yaw(+off) +87.4
raw[X  +0.3 Y +35.0 Z  -2.3]  quat[R  -1.3 P +34.9 Y  -2.6]  pose.yaw(+off) +87.4
raw[X  -0.1 Y +35.2 Z  -2.1]  quat[R  -1.6 P +35.2 Y  -2.6]  pose.yaw(+off) +87.4
raw[X  +0.1 Y +34.8 Z  -2.2]  quat[R  -1.4 P +34.8 Y  -2.6]  pose.yaw(+off) +87.4
raw[X  +0.2 Y +35.1 Z  -2.3]  quat[R  -1.3 P +35.1 Y  -2.7]  pose.yaw(+off) +87.3
raw[X  +0.1 Y +34.8 Z  -2.2]  quat[R  -1.4 P +34.7 Y  -2.6]  pose.yaw(+off) +87.4
raw[X  +0.3 Y +35.0 Z  -2.3]  quat[R  -1.2 P +35.0 Y  -2.5]  pose.yaw(+off) +87.5
raw[X  +0.1 Y +34.7 Z  -2.2]  quat[R  -1.4 P +34.7 Y  -2.6]  pose.yaw(+off) +87.4
raw[X  +0.4 Y +35.2 Z  -2.4]  quat[R  -1.2 P +35.2 Y  -2.7]  pose.yaw(+off) +87.3
raw[X  +0.8 Y +35.0 Z  -2.5]  quat[R  -0.9 P +35.0 Y  -2.6]  pose.yaw(+off) +87.4
raw[X  -0.2 Y +34.7 Z  -2.1]  quat[R  -1.7 P +34.7 Y  -2.7]  pose.yaw(+off) +87.3
raw[X  +0.3 Y +35.1 Z  -2.3]  quat[R  -1.3 P +35.0 Y  -2.6]  pose.yaw(+off) +87.4
raw[X  +0.2 Y +34.8 Z  -2.3]  quat[R  -1.3 P +34.7 Y  -2.6]  pose.yaw(+off) +87.4
raw[X  +0.7 Y +35.1 Z  -2.5]  quat[R  -0.9 P +35.1 Y  -2.6]  pose.yaw(+off) +87.4
raw[X  +0.3 Y +35.1 Z  -2.3]  quat[R  -1.2 P +35.1 Y  -2.6]  pose.yaw(+off) +87.4
raw[X  -0.1 Y +35.2 Z  -2.1]  quat[R  -1.6 P +35.2 Y  -2.7]  pose.yaw(+off) +87.3
raw[X  +0.2 Y +35.2 Z  -2.3]  quat[R  -1.3 P +35.1 Y  -2.6]  pose.yaw(+off) +87.4
raw[X  -0.1 Y +35.2 Z  -2.1]  quat[R  -1.6 P +35.2 Y  -2.6]  pose.yaw(+off) +87.4
raw[X  -0.1 Y +35.2 Z  -2.1]  quat[R  -1.6 P +35.1 Y  -2.6]  pose.yaw(+off) +87.4
raw[X  +0.3 Y +35.2 Z  -2.3]  quat[R  -1.2 P +35.2 Y  -2.6]  pose.yaw(+off) +87.4
raw[X  +0.3 Y +35.1 Z  -2.3]  quat[R  -1.3 P +35.1 Y  -2.6]  pose.yaw(+off) +87.4
raw[X  +0.3 Y +35.2 Z  -2.3]  quat[R  -1.3 P +35.2 Y  -2.6]  pose.yaw(+off) +87.4
raw[X  -0.1 Y +35.1 Z  -2.1]  quat[R  -1.5 P +35.1 Y  -2.6]  pose.yaw(+off) +87.4
raw[X  +0.2 Y +35.1 Z  -2.2]  quat[R  -1.4 P +35.1 Y  -2.6]  pose.yaw(+off) +87.4
raw[X  +0.1 Y +35.2 Z  -2.2]  quat[R  -1.4 P +35.2 Y  -2.6]  pose.yaw(+off) +87.4
raw[X  -0.1 Y +35.1 Z  -2.1]  quat[R  -1.6 P +35.1 Y  -2.7]  pose.yaw(+off) +87.3
raw[X  +0.0 Y +34.8 Z  -2.2]  quat[R  -1.5 P +34.7 Y  -2.7]  pose.yaw(+off) +87.3
raw[X  +0.3 Y +35.1 Z  -2.4]  quat[R  -1.2 P +35.1 Y  -2.6]  pose.yaw(+off) +87.4
raw[X  +0.2 Y +35.2 Z  -2.3]  quat[R  -1.4 P +35.1 Y  -2.7]  pose.yaw(+off) +87.3
raw[X  +0.3 Y +35.2 Z  -2.3]  quat[R  -1.2 P +35.2 Y  -2.6]  pose.yaw(+off) +87.4
raw[X  +0.3 Y +35.1 Z  -2.4]  quat[R  -1.2 P +35.1 Y  -2.6]  pose.yaw(+off) +87.4
raw[X  +0.1 Y +35.2 Z  -2.2]  quat[R  -1.4 P +35.1 Y  -2.6]  pose.yaw(+off) +87.4
raw[X  -0.1 Y +35.2 Z  -2.1]  quat[R  -1.6 P +35.1 Y  -2.7]  pose.yaw(+off) +87.3
raw[X  -0.1 Y +35.1 Z  -2.1]  quat[R  -1.6 P +35.1 Y  -2.6]  pose.yaw(+off) +87.4
raw[X  -0.1 Y +35.2 Z  -2.0]  quat[R  -1.6 P +35.1 Y  -2.6]  pose.yaw(+off) +87.4
raw[X  +0.3 Y +35.0 Z  -2.3]  quat[R  -1.3 P +35.0 Y  -2.6]  pose.yaw(+off) +87.4
raw[X  -0.1 Y +34.7 Z  -2.1]  quat[R  -1.6 P +34.7 Y  -2.6]  pose.yaw(+off) +87.4
raw[X  +0.3 Y +35.1 Z  -2.3]  quat[R  -1.2 P +35.1 Y  -2.6]  pose.yaw(+off) +87.4
raw[X  -0.1 Y +35.2 Z  -2.1]  quat[R  -1.6 P +35.2 Y  -2.7]  pose.yaw(+off) +87.3
raw[X  -0.1 Y +35.2 Z  -2.1]  quat[R  -1.6 P +35.2 Y  -2.7]  pose.yaw(+off) +87.3
raw[X  +0.3 Y +35.1 Z  -2.3]  quat[R  -1.2 P +35.1 Y  -2.6]  pose.yaw(+off) +87.4
raw[X  +0.6 Y +35.2 Z  -2.5]  quat[R  -1.0 P +35.2 Y  -2.6]  pose.yaw(+off) +87.4
raw[X  +0.7 Y +35.1 Z  -2.5]  quat[R  -1.0 P +35.1 Y  -2.6]  pose.yaw(+off) +87.4
raw[X  -0.1 Y +35.2 Z  -2.2]  quat[R  -1.6 P +35.2 Y  -2.7]  pose.yaw(+off) +87.3
raw[X  +0.1 Y +34.7 Z  -2.2]  quat[R  -1.4 P +34.7 Y  -2.6]  pose.yaw(+off) +87.4
raw[X  +0.4 Y +35.1 Z  -2.4]  quat[R  -1.2 P +35.1 Y  -2.6]  pose.yaw(+off) +87.4
raw[X  +0.3 Y +35.1 Z  -2.3]  quat[R  -1.3 P +35.0 Y  -2.7]  pose.yaw(+off) +87.3
raw[X  -0.1 Y +35.3 Z  -2.1]  quat[R  -1.6 P +35.3 Y  -2.6]  pose.yaw(+off) +87.4
raw[X  -0.1 Y +35.1 Z  -2.1]  quat[R  -1.6 P +35.1 Y  -2.7]  pose.yaw(+off) +87.3
raw[X  +0.3 Y +35.1 Z  -2.3]  quat[R  -1.3 P +35.1 Y  -2.7]  pose.yaw(+off) +87.3
raw[X  +0.0 Y +34.8 Z  -2.2]  quat[R  -1.5 P +34.8 Y  -2.6]  pose.yaw(+off) +87.4
raw[X  +0.2 Y +35.1 Z  -2.3]  quat[R  -1.3 P +35.0 Y  -2.6]  pose.yaw(+off) +87.4
raw[X  -0.1 Y +34.9 Z  -2.1]  quat[R  -1.6 P +34.8 Y  -2.7]  pose.yaw(+off) +87.3
raw[X  +0.6 Y +35.0 Z  -2.4]  quat[R  -1.0 P +35.0 Y  -2.5]  pose.yaw(+off) +87.5
raw[X  -0.5 Y +35.1 Z  -1.9]  quat[R  -1.9 P +35.0 Y  -2.7]  pose.yaw(+off) +87.3
raw[X  -0.2 Y +35.2 Z  -2.0]  quat[R  -1.7 P +35.2 Y  -2.6]  pose.yaw(+off) +87.4
raw[X  +0.3 Y +35.1 Z  -2.3]  quat[R  -1.3 P +35.1 Y  -2.6]  pose.yaw(+off) +87.4
raw[X  +0.3 Y +35.1 Z  -2.3]  quat[R  -1.3 P +35.1 Y  -2.7]  pose.yaw(+off) +87.3
raw[X  +0.3 Y +35.5 Z  -2.4]  quat[R  -1.3 P +35.5 Y  -2.7]  pose.yaw(+off) +87.3
raw[X  +0.3 Y +35.3 Z  -2.3]  quat[R  -1.3 P +35.2 Y  -2.7]  pose.yaw(+off) +87.3
raw[X  +0.2 Y +35.4 Z  -2.3]  quat[R  -1.4 P +35.4 Y  -2.7]  pose.yaw(+off) +87.3
raw[X  +0.3 Y +35.0 Z  -2.3]  quat[R  -1.2 P +34.9 Y  -2.6]  pose.yaw(+off) +87.4
raw[X  +0.1 Y +35.1 Z  -2.2]  quat[R  -1.4 P +35.0 Y  -2.6]  pose.yaw(+off) +87.4
raw[X  +0.1 Y +34.6 Z  -2.1]  quat[R  -1.3 P +34.6 Y  -2.5]  pose.yaw(+off) +87.5
raw[X  +1.0 Y +34.6 Z  -2.7]  quat[R  -0.7 P +34.6 Y  -2.6]  pose.yaw(+off) +87.4
raw[X  +0.1 Y +34.6 Z  -2.1]  quat[R  -1.3 P +34.5 Y  -2.5]  pose.yaw(+off) +87.5
raw[X  +0.2 Y +35.0 Z  -2.3]  quat[R  -1.3 P +35.0 Y  -2.6]  pose.yaw(+off) +87.4
raw[X  +0.2 Y +35.0 Z  -2.3]  quat[R  -1.3 P +35.0 Y  -2.6]  pose.yaw(+off) +87.4
raw[X  +0.1 Y +35.1 Z  -2.2]  quat[R  -1.4 P +35.1 Y  -2.6]  pose.yaw(+off) +87.4
raw[X  +0.7 Y +35.0 Z  -2.5]  quat[R  -0.9 P +35.0 Y  -2.6]  pose.yaw(+off) +87.4
raw[X  +0.2 Y +35.1 Z  -2.2]  quat[R  -1.3 P +35.0 Y  -2.6]  pose.yaw(+off) +87.4
raw[X  +0.2 Y +35.1 Z  -2.2]  quat[R  -1.3 P +35.0 Y  -2.6]  pose.yaw(+off) +87.4
raw[X  +0.7 Y +35.0 Z  -2.5]  quat[R  -0.9 P +35.0 Y  -2.6]  pose.yaw(+off) +87.4
raw[X  +0.6 Y +35.0 Z  -2.5]  quat[R  -1.0 P +35.0 Y  -2.6]  pose.yaw(+off) +87.4
raw[X  +0.7 Y +35.0 Z  -2.6]  quat[R  -0.9 P +35.0 Y  -2.6]  pose.yaw(+off) +87.4
raw[X  +0.7 Y +35.0 Z  -2.5]  quat[R  -1.0 P +35.0 Y  -2.6]  pose.yaw(+off) +87.4
raw[X  +0.2 Y +35.0 Z  -2.2]  quat[R  -1.4 P +35.0 Y  -2.6]  pose.yaw(+off) +87.4
raw[X  +0.2 Y +35.0 Z  -2.3]  quat[R  -1.4 P +35.0 Y  -2.6]  pose.yaw(+off) +87.4
raw[X  +0.6 Y +35.0 Z  -2.5]  quat[R  -1.0 P +35.0 Y  -2.6]  pose.yaw(+off) +87.4
raw[X  +0.6 Y +35.0 Z  -2.5]  quat[R  -1.0 P +35.0 Y  -2.6]  pose.yaw(+off) +87.4
raw[X  +0.7 Y +35.0 Z  -2.5]  quat[R  -0.9 P +35.0 Y  -2.6]  pose.yaw(+off) +87.4
raw[X  +0.1 Y +35.0 Z  -2.2]  quat[R  -1.4 P +35.0 Y  -2.6]  pose.yaw(+off) +87.4
raw[X  +0.1 Y +35.1 Z  -2.2]  quat[R  -1.4 P +35.0 Y  -2.6]  pose.yaw(+off) +87.4
raw[X  +0.7 Y +35.0 Z  -2.5]  quat[R  -0.9 P +35.0 Y  -2.6]  pose.yaw(+off) +87.4
raw[X  +0.1 Y +35.1 Z  -2.1]  quat[R  -1.4 P +35.0 Y  -2.5]  pose.yaw(+off) +87.5
raw[X  +0.7 Y +35.0 Z  -2.5]  quat[R  -0.9 P +35.0 Y  -2.6]  pose.yaw(+off) +87.4
raw[X  +0.6 Y +35.0 Z  -2.5]  quat[R  -1.0 P +35.0 Y  -2.6]  pose.yaw(+off) +87.4
raw[X  +0.2 Y +35.1 Z  -2.2]  quat[R  -1.3 P +35.0 Y  -2.6]  pose.yaw(+off) +87.4
raw[X  +0.6 Y +34.9 Z  -2.5]  quat[R  -1.0 P +34.9 Y  -2.6]  pose.yaw(+off) +87.4
raw[X  +0.1 Y +35.0 Z  -2.2]  quat[R  -1.4 P +35.0 Y  -2.6]  pose.yaw(+off) +87.4
raw[X  +0.7 Y +35.0 Z  -2.6]  quat[R  -1.0 P +35.0 Y  -2.7]  pose.yaw(+off) +87.3
raw[X  +0.2 Y +35.0 Z  -2.2]  quat[R  -1.3 P +35.0 Y  -2.6]  pose.yaw(+off) +87.4
raw[X  +0.6 Y +35.0 Z  -2.5]  quat[R  -1.0 P +35.0 Y  -2.6]  pose.yaw(+off) +87.4
raw[X  +0.2 Y +35.1 Z  -2.2]  quat[R  -1.4 P +35.0 Y  -2.6]  pose.yaw(+off) +87.4
raw[X  +0.6 Y +35.0 Z  -2.5]  quat[R  -1.0 P +35.0 Y  -2.6]  pose.yaw(+off) +87.4
raw[X  +0.3 Y +35.0 Z  -2.3]  quat[R  -1.3 P +35.0 Y  -2.6]  pose.yaw(+off) +87.4
raw[X  +0.6 Y +35.0 Z  -2.5]  quat[R  -1.0 P +35.0 Y  -2.6]  pose.yaw(+off) +87.4
raw[X  +0.2 Y +35.0 Z  -2.2]  quat[R  -1.3 P +35.0 Y  -2.6]  pose.yaw(+off) +87.4
raw[X  +0.2 Y +35.0 Z  -2.2]  quat[R  -1.3 P +35.0 Y  -2.6]  pose.yaw(+off) +87.4
raw[X  +0.6 Y +35.0 Z  -2.5]  quat[R  -1.0 P +35.0 Y  -2.7]  pose.yaw(+off) +87.3
raw[X  +0.1 Y +35.1 Z  -2.2]  quat[R  -1.4 P +35.0 Y  -2.6]  pose.yaw(+off) +87.4
raw[X  +0.7 Y +35.0 Z  -2.5]  quat[R  -0.9 P +35.0 Y  -2.6]  pose.yaw(+off) +87.4
raw[X  +0.1 Y +35.0 Z  -2.2]  quat[R  -1.4 P +35.0 Y  -2.6]  pose.yaw(+off) +87.4
raw[X  +0.7 Y +35.0 Z  -2.5]  quat[R  -0.9 P +35.0 Y  -2.6]  pose.yaw(+off) +87.4
raw[X  +0.6 Y +35.0 Z  -2.5]  quat[R  -1.0 P +35.0 Y  -2.6]  pose.yaw(+off) +87.4
raw[X  +0.6 Y +35.0 Z  -2.5]  quat[R  -1.0 P +35.0 Y  -2.6]  pose.yaw(+off) +87.4
raw[X  +0.3 Y +35.0 Z  -2.3]  quat[R  -1.2 P +35.0 Y  -2.5]  pose.yaw(+off) +87.5
raw[X  +0.1 Y +35.1 Z  -2.2]  quat[R  -1.4 P +35.1 Y  -2.6]  pose.yaw(+off) +87.4
raw[X  -0.1 Y +35.2 Z  -2.1]  quat[R  -1.7 P +35.1 Y  -2.7]  pose.yaw(+off) +87.3
raw[X  +0.3 Y +35.0 Z  -2.3]  quat[R  -1.3 P +35.0 Y  -2.6]  pose.yaw(+off) +87.4
raw[X  +0.1 Y +35.2 Z  -2.2]  quat[R  -1.4 P +35.2 Y  -2.6]  pose.yaw(+off) +87.4
raw[X  +0.4 Y +34.7 Z  -2.3]  quat[R  -1.1 P +34.7 Y  -2.5]  pose.yaw(+off) +87.5
raw[X  +0.2 Y +35.0 Z  -2.3]  quat[R  -1.3 P +35.0 Y  -2.7]  pose.yaw(+off) +87.3
raw[X  +0.2 Y +35.1 Z  -2.2]  quat[R  -1.3 P +35.1 Y  -2.6]  pose.yaw(+off) +87.4
raw[X  +0.2 Y +35.0 Z  -2.2]  quat[R  -1.3 P +35.0 Y  -2.6]  pose.yaw(+off) +87.4
raw[X  +0.1 Y +35.0 Z  -2.2]  quat[R  -1.4 P +35.0 Y  -2.6]  pose.yaw(+off) +87.4
raw[X  +0.7 Y +35.0 Z  -2.5]  quat[R  -0.9 P +35.0 Y  -2.6]  pose.yaw(+off) +87.4
raw[X  +0.7 Y +35.0 Z  -2.5]  quat[R  -0.9 P +35.0 Y  -2.6]  pose.yaw(+off) +87.4
raw[X  +0.2 Y +35.0 Z  -2.2]  quat[R  -1.3 P +35.0 Y  -2.6]  pose.yaw(+off) +87.4
raw[X  +0.7 Y +35.1 Z  -2.5]  quat[R  -0.9 P +35.0 Y  -2.6]  pose.yaw(+off) +87.4
raw[X  +0.1 Y +35.1 Z  -2.2]  quat[R  -1.4 P +35.1 Y  -2.6]  pose.yaw(+off) +87.4
raw[X  +0.7 Y +35.0 Z  -2.5]  quat[R  -0.9 P +35.0 Y  -2.6]  pose.yaw(+off) +87.4
raw[X  +0.4 Y +34.7 Z  -2.2]  quat[R  -1.0 P +34.7 Y  -2.4]  pose.yaw(+off) +87.6
raw[X  +0.5 Y +35.1 Z  -2.6]  quat[R  -1.2 P +35.1 Y  -2.8]  pose.yaw(+off) +87.2
raw[X  +0.8 Y +35.1 Z  -2.7]  quat[R  -0.9 P +35.1 Y  -2.7]  pose.yaw(+off) +87.3
raw[X  +0.6 Y +34.7 Z  -2.5]  quat[R  -0.9 P +34.7 Y  -2.5]  pose.yaw(+off) +87.5
raw[X  +0.6 Y +35.0 Z  -2.6]  quat[R  -1.2 P +35.0 Y  -2.8]  pose.yaw(+off) +87.2
raw[X  -0.4 Y +35.0 Z  -1.9]  quat[R  -1.8 P +34.9 Y  -2.5]  pose.yaw(+off) +87.5
raw[X  +0.6 Y +35.1 Z  -2.6]  quat[R  -1.1 P +35.1 Y  -2.7]  pose.yaw(+off) +87.3
raw[X  +0.1 Y +35.1 Z  -2.3]  quat[R  -1.5 P +35.1 Y  -2.7]  pose.yaw(+off) +87.3
raw[X  -0.2 Y +35.0 Z  -2.0]  quat[R  -1.6 P +34.9 Y  -2.6]  pose.yaw(+off) +87.4
raw[X  -0.5 Y +34.9 Z  -1.7]  quat[R  -1.9 P +34.9 Y  -2.5]  pose.yaw(+off) +87.5
raw[X  -0.4 Y +35.0 Z  -1.8]  quat[R  -1.7 P +34.9 Y  -2.4]  pose.yaw(+off) +87.6
raw[X  +0.9 Y +36.0 Z  -3.5]  quat[R  -1.4 P +35.9 Y  -3.6]  pose.yaw(+off) +86.4
raw[X  +4.9 Y +36.1 Z -10.0]  quat[R  -1.2 P +36.4 Y  -8.8]  pose.yaw(+off) +81.2
raw[X  +7.4 Y +35.2 Z -13.6]  quat[R  -0.7 P +35.9 Y -11.4]  pose.yaw(+off) +78.6
raw[X  +5.2 Y +33.4 Z -11.7]  quat[R  -1.5 P +33.7 Y -10.6]  pose.yaw(+off) +79.4
raw[X  -0.1 Y +20.7 Z  -6.6]  quat[R  -2.6 P +20.6 Y  -7.1]  pose.yaw(+off) +82.9
raw[X  -0.3 Y  -0.3 Z -10.5]  quat[R  -0.2 P  -0.4 Y -10.5]  pose.yaw(+off) +79.5
raw[X  +0.2 Y  -1.1 Z -10.8]  quat[R  +0.4 P  -1.0 Y -10.9]  pose.yaw(+off) +79.1
raw[X  -0.4 Y  -0.3 Z -10.9]  quat[R  -0.3 P  -0.4 Y -10.9]  pose.yaw(+off) +79.1
raw[X  -0.5 Y  -0.1 Z -11.1]  quat[R  -0.5 P  -0.2 Y -11.1]  pose.yaw(+off) +78.9
raw[X  -0.4 Y  -0.5 Z -11.0]  quat[R  -0.3 P  -0.6 Y -11.0]  pose.yaw(+off) +79.0
raw[X  +0.5 Y  -1.3 Z -11.2]  quat[R  +0.7 P  -1.1 Y -11.2]  pose.yaw(+off) +78.8
raw[X  +0.2 Y  -3.4 Z  -8.6]  quat[R  +0.7 P  -3.3 Y  -8.7]  pose.yaw(+off) +81.3
raw[X  -0.6 Y  -3.4 Z  -6.9]  quat[R  -0.2 P  -3.5 Y  -6.9]  pose.yaw(+off) +83.1
raw[X  -1.0 Y  -3.6 Z  -7.5]  quat[R  -0.5 P  -3.7 Y  -7.4]  pose.yaw(+off) +82.6
raw[X  -0.8 Y  -2.7 Z  -7.8]  quat[R  -0.4 P  -2.8 Y  -7.8]  pose.yaw(+off) +82.2
raw[X  -0.1 Y  -0.6 Z  -7.8]  quat[R  -0.0 P  -0.6 Y  -7.8]  pose.yaw(+off) +82.2
raw[X  +0.2 Y  -0.7 Z  -6.8]  quat[R  +0.3 P  -0.7 Y  -6.8]  pose.yaw(+off) +83.2
raw[X  +0.3 Y  -0.3 Z  -6.9]  quat[R  +0.3 P  -0.2 Y  -6.9]  pose.yaw(+off) +83.1
raw[X  +0.2 Y  -0.2 Z  -6.9]  quat[R  +0.2 P  -0.2 Y  -6.9]  pose.yaw(+off) +83.1
raw[X  +0.2 Y  -0.3 Z  -6.9]  quat[R  +0.2 P  -0.3 Y  -6.9]  pose.yaw(+off) +83.1
raw[X  +0.2 Y  -0.4 Z  -6.9]  quat[R  +0.3 P  -0.3 Y  -6.9]  pose.yaw(+off) +83.1
raw[X  +0.4 Y  +0.1 Z  -7.0]  quat[R  +0.3 P  +0.1 Y  -7.0]  pose.yaw(+off) +83.0
raw[X  +0.2 Y  +0.2 Z  -6.8]  quat[R  +0.2 P  +0.3 Y  -6.8]  pose.yaw(+off) +83.2
raw[X  -0.1 Y  +0.1 Z  -6.8]  quat[R  -0.1 P  +0.1 Y  -6.8]  pose.yaw(+off) +83.2
raw[X  -0.3 Y  +0.7 Z  -7.4]  quat[R  -0.4 P  +0.7 Y  -7.4]  pose.yaw(+off) +82.6
raw[X  +0.2 Y  +0.4 Z  -7.5]  quat[R  +0.1 P  +0.4 Y  -7.5]  pose.yaw(+off) +82.5
raw[X  +0.1 Y  +0.4 Z  -7.2]  quat[R  +0.1 P  +0.5 Y  -7.2]  pose.yaw(+off) +82.8
raw[X  -0.0 Y  +0.3 Z  -6.3]  quat[R  -0.0 P  +0.3 Y  -6.3]  pose.yaw(+off) +83.7
raw[X  -0.2 Y  +0.2 Z  -6.1]  quat[R  -0.2 P  +0.2 Y  -6.1]  pose.yaw(+off) +83.9
raw[X  -0.2 Y  +0.4 Z  -6.2]  quat[R  -0.2 P  +0.4 Y  -6.2]  pose.yaw(+off) +83.8
raw[X  -0.3 Y  +0.4 Z  -6.3]  quat[R  -0.3 P  +0.3 Y  -6.3]  pose.yaw(+off) +83.7
raw[X  -0.1 Y  +0.0 Z  -6.1]  quat[R  -0.1 P  +0.0 Y  -6.1]  pose.yaw(+off) +83.9
raw[X  -0.2 Y  -0.4 Z  -6.0]  quat[R  -0.2 P  -0.4 Y  -6.0]  pose.yaw(+off) +84.0
raw[X  +0.2 Y  -0.6 Z  -6.1]  quat[R  +0.3 P  -0.6 Y  -6.1]  pose.yaw(+off) +83.9
raw[X  -0.2 Y  -1.4 Z  -6.8]  quat[R  -0.1 P  -1.4 Y  -6.8]  pose.yaw(+off) +83.2
raw[X  -0.1 Y  -0.5 Z  -7.7]  quat[R  -0.1 P  -0.5 Y  -7.7]  pose.yaw(+off) +82.3
raw[X  -0.0 Y  -0.6 Z  -7.7]  quat[R  +0.0 P  -0.6 Y  -7.7]  pose.yaw(+off) +82.3
raw[X  -0.0 Y  +0.5 Z  -8.0]  quat[R  -0.1 P  +0.5 Y  -8.0]  pose.yaw(+off) +82.0
raw[X  -0.1 Y  +0.0 Z -10.0]  quat[R  -0.1 P  +0.0 Y -10.0]  pose.yaw(+off) +80.0
raw[X  -0.0 Y  +0.5 Z -14.9]  quat[R  -0.1 P  +0.5 Y -14.9]  pose.yaw(+off) +75.1
raw[X  -0.8 Y  +1.1 Z -23.3]  quat[R  -1.2 P  +0.7 Y -23.3]  pose.yaw(+off) +66.7
raw[X  -0.7 Y  -0.9 Z -37.3]  quat[R  +0.0 P  -1.2 Y -37.3]  pose.yaw(+off) +52.7
raw[X  -2.6 Y  +1.8 Z -47.3]  quat[R  -3.2 P  -0.7 Y -47.3]  pose.yaw(+off) +42.7
raw[X  -3.3 Y  -1.2 Z -64.1]  quat[R  -0.4 P  -3.5 Y -64.1]  pose.yaw(+off) +25.9
raw[X  -4.4 Y  -1.6 Z -74.0]  quat[R  +0.3 P  -4.6 Y -74.0]  pose.yaw(+off) +16.0
raw[X  -2.3 Y  +0.0 Z -81.7]  quat[R  -0.4 P  -2.3 Y -81.7]  pose.yaw(+off)  +8.3
raw[X  -0.8 Y  +1.7 Z -88.4]  quat[R  -1.7 P  -0.7 Y -88.4]  pose.yaw(+off)  +1.6
raw[X  -1.2 Y  +1.9 Z -93.3]  quat[R  -1.8 P  -1.3 Y -93.3]  pose.yaw(+off)  -3.3
raw[X  -2.1 Y  +1.6 Z -93.3]  quat[R  -1.5 P  -2.2 Y -93.3]  pose.yaw(+off)  -3.3
raw[X  -2.5 Y  +0.5 Z -92.9]  quat[R  -0.4 P  -2.5 Y -92.9]  pose.yaw(+off)  -2.9
raw[X  -2.3 Y  +1.9 Z -93.1]  quat[R  -1.8 P  -2.4 Y -93.1]  pose.yaw(+off)  -3.1
raw[X  -2.3 Y  +1.2 Z -93.3]  quat[R  -1.1 P  -2.3 Y -93.3]  pose.yaw(+off)  -3.3
raw[X  -3.2 Y  -0.5 Z -92.8]  quat[R  +0.7 P  -3.1 Y -92.8]  pose.yaw(+off)  -2.8
raw[X  -2.5 Y  +0.3 Z -92.9]  quat[R  -0.1 P  -2.5 Y -92.9]  pose.yaw(+off)  -2.9
raw[X  -1.9 Y  +2.9 Z -94.2]  quat[R  -2.7 P  -2.2 Y -94.2]  pose.yaw(+off)  -4.2
raw[X  -0.0 Y  +5.2 Z -95.8]  quat[R  -5.2 P  -0.5 Y -95.8]  pose.yaw(+off)  -5.8
raw[X  +0.1 Y  +7.4 Z -97.2]  quat[R  -7.3 P  -0.8 Y -97.2]  pose.yaw(+off)  -7.2
raw[X  +1.5 Y +13.2 Z -99.2]  quat[R -13.3 P  -0.6 Y -99.0]  pose.yaw(+off)  -9.0
raw[X  +3.2 Y +21.3 Z-100.9]  quat[R -21.6 P  -0.7 Y-100.1]  pose.yaw(+off) -10.1
raw[X  +4.2 Y +28.0 Z-101.7]  quat[R -28.3 P  -1.3 Y-100.3]  pose.yaw(+off) -10.3
raw[X  +0.9 Y +32.4 Z-100.5]  quat[R -32.1 P  -4.7 Y -98.9]  pose.yaw(+off)  -8.9
raw[X  -2.8 Y +35.3 Z -97.6]  quat[R -34.8 P  -7.2 Y -96.2]  pose.yaw(+off)  -6.2
raw[X  -4.6 Y +37.7 Z -96.4]  quat[R -37.1 P  -8.4 Y -95.1]  pose.yaw(+off)  -5.1
raw[X  -1.7 Y +41.2 Z -97.4]  quat[R -40.8 P  -6.5 Y -95.6]  pose.yaw(+off)  -5.6
raw[X  -0.3 Y +45.3 Z -96.7]  quat[R -45.0 P  -5.1 Y -94.7]  pose.yaw(+off)  -4.7
raw[X  +1.0 Y +44.4 Z -97.1]  quat[R -44.3 P  -4.0 Y -95.1]  pose.yaw(+off)  -5.1
raw[X  +1.3 Y +44.6 Z -97.2]  quat[R -44.5 P  -3.7 Y -95.1]  pose.yaw(+off)  -5.1
raw[X  +4.0 Y +45.1 Z -98.5]  quat[R -45.2 P  -2.0 Y -96.0]  pose.yaw(+off)  -6.0
raw[X  +6.8 Y +46.0 Z -98.9]  quat[R -46.4 P  +0.4 Y -96.2]  pose.yaw(+off)  -6.2
raw[X  +1.8 Y +43.6 Z -94.5]  quat[R -43.6 P  -1.3 Y -93.2]  pose.yaw(+off)  -3.2
raw[X  +3.2 Y +36.6 Z -91.6]  quat[R -36.7 P  +2.2 Y -91.3]  pose.yaw(+off)  -1.3
raw[X  +0.8 Y +34.4 Z -90.3]  quat[R -34.4 P  +0.6 Y -90.3]  pose.yaw(+off)  -0.3
raw[X  -1.9 Y +31.1 Z -87.9]  quat[R -31.2 P  -0.8 Y -88.2]  pose.yaw(+off)  +1.8
raw[X  -1.2 Y +30.1 Z -88.8]  quat[R -30.1 P  -0.6 Y -89.0]  pose.yaw(+off)  +1.0
raw[X  -3.7 Y +29.7 Z -86.7]  quat[R -29.9 P  -2.1 Y -87.2]  pose.yaw(+off)  +2.8
raw[X  -5.0 Y +27.3 Z -87.3]  quat[R -27.5 P  -3.8 Y -87.6]  pose.yaw(+off)  +2.4
raw[X  -7.8 Y +22.7 Z -86.4]  quat[R -23.1 P  -6.5 Y -86.7]  pose.yaw(+off)  +3.3
raw[X  -9.5 Y +26.8 Z -88.2]  quat[R -27.0 P  -8.7 Y -88.4]  pose.yaw(+off)  +1.6
raw[X  -4.9 Y +26.3 Z -90.8]  quat[R -26.3 P  -5.3 Y -90.8]  pose.yaw(+off)  -0.8
raw[X  -8.1 Y +27.5 Z -89.0]  quat[R -27.6 P  -7.7 Y -89.1]  pose.yaw(+off)  +0.9
raw[X  -8.3 Y +27.9 Z -87.1]  quat[R -28.3 P  -7.0 Y -87.4]  pose.yaw(+off)  +2.6
raw[X  -4.6 Y +27.5 Z -89.7]  quat[R -27.5 P  -4.5 Y -89.7]  pose.yaw(+off)  +0.3
raw[X  -5.4 Y +29.1 Z -90.1]  quat[R -29.1 P  -5.4 Y -90.0]  pose.yaw(+off)  -0.0
raw[X -11.1 Y +27.1 Z -88.6]  quat[R -27.3 P -10.5 Y -88.7]  pose.yaw(+off)  +1.3
raw[X  -9.7 Y +22.9 Z -90.7]  quat[R -22.8 P  -9.9 Y -90.7]  pose.yaw(+off)  -0.7
raw[X -10.0 Y +24.3 Z -91.5]  quat[R -24.0 P -10.6 Y -91.4]  pose.yaw(+off)  -1.4
raw[X  -4.6 Y +30.8 Z -91.0]  quat[R -30.7 P  -5.1 Y -90.9]  pose.yaw(+off)  -0.9
raw[X  +5.5 Y +37.9 Z -93.4]  quat[R -38.1 P  +3.4 Y -92.7]  pose.yaw(+off)  -2.7
raw[X  -0.8 Y +36.8 Z -89.9]  quat[R -36.8 P  -0.7 Y -89.9]  pose.yaw(+off)  +0.1
raw[X  -1.3 Y +36.1 Z -89.1]  quat[R -36.1 P  -0.8 Y -89.3]  pose.yaw(+off)  +0.7
raw[X  -2.3 Y +34.8 Z -90.7]  quat[R -34.7 P  -2.7 Y -90.6]  pose.yaw(+off)  -0.6
raw[X  -3.2 Y +31.7 Z -95.6]  quat[R -31.3 P  -6.1 Y -94.8]  pose.yaw(+off)  -4.8
raw[X  -1.0 Y +33.3 Z -95.6]  quat[R -33.0 P  -4.1 Y -94.7]  pose.yaw(+off)  -4.7
raw[X  -0.3 Y +33.5 Z -95.0]  quat[R -33.4 P  -3.1 Y -94.2]  pose.yaw(+off)  -4.2
raw[X  -0.1 Y +33.5 Z -95.0]  quat[R -33.4 P  -2.9 Y -94.2]  pose.yaw(+off)  -4.2
raw[X  -2.6 Y +32.1 Z -92.9]  quat[R -32.0 P  -4.2 Y -92.5]  pose.yaw(+off)  -2.5
raw[X  -5.1 Y +30.8 Z -91.4]  quat[R -30.7 P  -5.8 Y -91.2]  pose.yaw(+off)  -1.2
raw[X  -2.5 Y +31.9 Z -94.2]  quat[R -31.6 P  -4.7 Y -93.6]  pose.yaw(+off)  -3.6
raw[X  -0.9 Y +33.6 Z -96.6]  quat[R -33.3 P  -4.6 Y -95.5]  pose.yaw(+off)  -5.5
raw[X  +4.3 Y +36.6 Z -98.9]  quat[R -36.8 P  -1.0 Y -97.1]  pose.yaw(+off)  -7.1
raw[X  +5.0 Y +37.4 Z -98.9]  quat[R -37.7 P  -0.5 Y -97.1]  pose.yaw(+off)  -7.1
raw[X  +2.8 Y +36.2 Z -96.7]  quat[R -36.2 P  -1.2 Y -95.4]  pose.yaw(+off)  -5.4
raw[X  -0.0 Y +34.3 Z -94.8]  quat[R -34.2 P  -2.7 Y -94.0]  pose.yaw(+off)  -4.0
raw[X  +0.5 Y +33.5 Z -92.7]  quat[R -33.5 P  -1.0 Y -92.2]  pose.yaw(+off)  -2.2
raw[X  -0.4 Y +30.8 Z -90.7]  quat[R -30.8 P  -0.7 Y -90.6]  pose.yaw(+off)  -0.6
raw[X  -1.4 Y +28.1 Z -90.6]  quat[R -28.1 P  -1.6 Y -90.5]  pose.yaw(+off)  -0.5
raw[X  -2.4 Y +27.6 Z -91.5]  quat[R -27.5 P  -3.1 Y -91.3]  pose.yaw(+off)  -1.3
raw[X  -6.2 Y +26.7 Z -95.3]  quat[R -26.1 P  -8.5 Y -94.8]  pose.yaw(+off)  -4.8
raw[X  -6.2 Y +25.8 Z -92.5]  quat[R -25.5 P  -7.3 Y -92.3]  pose.yaw(+off)  -2.3
raw[X  -5.8 Y +30.3 Z -91.7]  quat[R -30.2 P  -6.6 Y -91.4]  pose.yaw(+off)  -1.4
raw[X  -4.1 Y +35.8 Z -93.8]  quat[R -35.5 P  -6.4 Y -93.1]  pose.yaw(+off)  -3.1
raw[X  -3.1 Y +36.1 Z -94.3]  quat[R -35.8 P  -5.6 Y -93.5]  pose.yaw(+off)  -3.5
raw[X  -1.4 Y +35.9 Z -89.1]  quat[R -35.9 P  -0.8 Y -89.3]  pose.yaw(+off)  +0.7
raw[X  +0.2 Y +38.0 Z -84.9]  quat[R -37.9 P  +3.4 Y -86.0]  pose.yaw(+off)  +4.0
raw[X  +0.8 Y +37.9 Z -85.3]  quat[R -37.8 P  +3.7 Y -86.3]  pose.yaw(+off)  +3.7
raw[X  +0.5 Y +38.1 Z -86.1]  quat[R -38.0 P  +2.9 Y -86.9]  pose.yaw(+off)  +3.1
raw[X  +0.4 Y +38.8 Z -86.9]  quat[R -38.7 P  +2.3 Y -87.6]  pose.yaw(+off)  +2.4
raw[X  +0.6 Y +37.5 Z -93.0]  quat[R -37.5 P  -1.3 Y -92.4]  pose.yaw(+off)  -2.4
raw[X  +0.7 Y +35.6 Z -96.4]  quat[R -35.5 P  -3.1 Y -95.2]  pose.yaw(+off)  -5.2
raw[X  +1.0 Y +34.7 Z -95.5]  quat[R -34.6 P  -2.1 Y -94.6]  pose.yaw(+off)  -4.6
raw[X  +1.7 Y +32.8 Z -94.1]  quat[R -32.8 P  -0.5 Y -93.4]  pose.yaw(+off)  -3.4
raw[X  +2.2 Y +32.7 Z -94.3]  quat[R -32.8 P  -0.1 Y -93.6]  pose.yaw(+off)  -3.6
raw[X  +1.8 Y +33.1 Z -95.3]  quat[R -33.1 P  -1.1 Y -94.4]  pose.yaw(+off)  -4.4
raw[X  +1.9 Y +34.0 Z -94.4]  quat[R -34.0 P  -0.5 Y -93.6]  pose.yaw(+off)  -3.6
raw[X  +1.8 Y +35.7 Z -94.5]  quat[R -35.7 P  -0.8 Y -93.7]  pose.yaw(+off)  -3.7
raw[X  +3.0 Y +35.1 Z -94.6]  quat[R -35.2 P  +0.3 Y -93.7]  pose.yaw(+off)  -3.7
raw[X  +2.3 Y +34.1 Z -93.5]  quat[R -34.2 P  +0.4 Y -92.9]  pose.yaw(+off)  -2.9
raw[X  +1.8 Y +34.4 Z -93.1]  quat[R -34.5 P  +0.1 Y -92.5]  pose.yaw(+off)  -2.5
raw[X  +1.4 Y +34.2 Z -92.5]  quat[R -34.3 P  -0.0 Y -92.1]  pose.yaw(+off)  -2.1
raw[X  +1.0 Y +34.4 Z -92.0]  quat[R -34.4 P  -0.1 Y -91.6]  pose.yaw(+off)  -1.6
raw[X  +1.3 Y +34.2 Z -91.8]  quat[R -34.2 P  +0.3 Y -91.5]  pose.yaw(+off)  -1.5
raw[X  +0.6 Y +34.7 Z -91.6]  quat[R -34.7 P  -0.3 Y -91.3]  pose.yaw(+off)  -1.3
raw[X  +0.8 Y +34.4 Z -91.6]  quat[R -34.5 P  -0.1 Y -91.4]  pose.yaw(+off)  -1.4
raw[X  +0.9 Y +33.9 Z -91.7]  quat[R -33.9 P  -0.0 Y -91.4]  pose.yaw(+off)  -1.4
raw[X  +0.2 Y +34.3 Z -91.4]  quat[R -34.3 P  -0.6 Y -91.1]  pose.yaw(+off)  -1.1
raw[X  +0.5 Y +34.2 Z -91.6]  quat[R -34.2 P  -0.4 Y -91.3]  pose.yaw(+off)  -1.3
raw[X  +0.6 Y +34.5 Z -92.0]  quat[R -34.5 P  -0.5 Y -91.6]  pose.yaw(+off)  -1.6
raw[X  +0.3 Y +34.4 Z -91.8]  quat[R -34.4 P  -0.7 Y -91.4]  pose.yaw(+off)  -1.4
raw[X  +0.6 Y +34.8 Z -91.9]  quat[R -34.8 P  -0.5 Y -91.5]  pose.yaw(+off)  -1.5
raw[X  +0.5 Y +34.3 Z -91.7]  quat[R -34.3 P  -0.5 Y -91.4]  pose.yaw(+off)  -1.4
raw[X  +0.9 Y +34.3 Z -92.3]  quat[R -34.3 P  -0.3 Y -91.9]  pose.yaw(+off)  -1.9
raw[X  +1.0 Y +34.3 Z -92.3]  quat[R -34.3 P  -0.3 Y -91.9]  pose.yaw(+off)  -1.9
raw[X  +0.7 Y +34.4 Z -92.0]  quat[R -34.4 P  -0.4 Y -91.6]  pose.yaw(+off)  -1.6
raw[X  +1.2 Y +34.2 Z -92.4]  quat[R -34.2 P  -0.2 Y -92.0]  pose.yaw(+off)  -2.0
raw[X  +0.9 Y +34.5 Z -92.0]  quat[R -34.5 P  -0.2 Y -91.6]  pose.yaw(+off)  -1.6
raw[X  +1.0 Y +34.5 Z -91.9]  quat[R -34.5 P  -0.1 Y -91.6]  pose.yaw(+off)  -1.6
raw[X  +1.3 Y +34.5 Z -92.1]  quat[R -34.5 P  +0.1 Y -91.7]  pose.yaw(+off)  -1.7
raw[X  +0.9 Y +34.6 Z -91.9]  quat[R -34.6 P  -0.2 Y -91.5]  pose.yaw(+off)  -1.5
raw[X  +1.1 Y +35.3 Z -91.7]  quat[R -35.4 P  +0.2 Y -91.4]  pose.yaw(+off)  -1.4
raw[X  +0.8 Y +35.7 Z -92.0]  quat[R -35.7 P  -0.4 Y -91.7]  pose.yaw(+off)  -1.7
raw[X  +0.5 Y +35.8 Z -92.1]  quat[R -35.8 P  -0.7 Y -91.7]  pose.yaw(+off)  -1.7
raw[X  +0.7 Y +35.3 Z -91.8]  quat[R -35.3 P  -0.3 Y -91.5]  pose.yaw(+off)  -1.5
raw[X  +0.5 Y +35.2 Z -91.6]  quat[R -35.2 P  -0.4 Y -91.3]  pose.yaw(+off)  -1.3
raw[X  +0.3 Y +34.1 Z -91.5]  quat[R -34.1 P  -0.6 Y -91.2]  pose.yaw(+off)  -1.2
raw[X  +0.3 Y +34.5 Z -91.5]  quat[R -34.5 P  -0.5 Y -91.3]  pose.yaw(+off)  -1.3
raw[X  +0.6 Y +34.1 Z -91.5]  quat[R -34.1 P  -0.2 Y -91.2]  pose.yaw(+off)  -1.2
raw[X  +0.7 Y +34.3 Z -91.4]  quat[R -34.3 P  -0.1 Y -91.2]  pose.yaw(+off)  -1.2
raw[X  +1.0 Y +33.6 Z -91.5]  quat[R -33.6 P  +0.1 Y -91.3]  pose.yaw(+off)  -1.3
raw[X  +0.6 Y +33.9 Z -91.4]  quat[R -33.9 P  -0.1 Y -91.1]  pose.yaw(+off)  -1.1
raw[X  +0.5 Y +33.9 Z -91.2]  quat[R -33.9 P  -0.2 Y -91.0]  pose.yaw(+off)  -1.0
raw[X  +1.0 Y +33.6 Z -91.3]  quat[R -33.6 P  +0.2 Y -91.1]  pose.yaw(+off)  -1.1
raw[X  +0.6 Y +34.3 Z -91.3]  quat[R -34.3 P  -0.2 Y -91.1]  pose.yaw(+off)  -1.1
raw[X  +0.0 Y +34.2 Z -91.0]  quat[R -34.2 P  -0.5 Y -90.8]  pose.yaw(+off)  -0.8
raw[X  +0.5 Y +34.2 Z -91.2]  quat[R -34.2 P  -0.1 Y -91.0]  pose.yaw(+off)  -1.0
raw[X  +0.5 Y +34.2 Z -91.1]  quat[R -34.2 P  -0.1 Y -90.9]  pose.yaw(+off)  -0.9
raw[X  +1.1 Y +34.1 Z -91.8]  quat[R -34.1 P  +0.1 Y -91.5]  pose.yaw(+off)  -1.5
raw[X  +0.8 Y +34.4 Z -91.8]  quat[R -34.4 P  -0.3 Y -91.5]  pose.yaw(+off)  -1.5
raw[X  +0.8 Y +33.7 Z -91.6]  quat[R -33.7 P  -0.1 Y -91.4]  pose.yaw(+off)  -1.4
raw[X  +0.6 Y +34.3 Z -91.6]  quat[R -34.3 P  -0.3 Y -91.3]  pose.yaw(+off)  -1.3
raw[X  +0.2 Y +34.4 Z -91.6]  quat[R -34.4 P  -0.6 Y -91.3]  pose.yaw(+off)  -1.3
raw[X  +0.2 Y +34.0 Z -91.3]  quat[R -34.0 P  -0.5 Y -91.0]  pose.yaw(+off)  -1.0
raw[X  +0.7 Y +33.8 Z -91.8]  quat[R -33.8 P  -0.3 Y -91.5]  pose.yaw(+off)  -1.5
raw[X  +0.3 Y +33.7 Z -91.6]  quat[R -33.7 P  -0.5 Y -91.3]  pose.yaw(+off)  -1.3
raw[X  +0.0 Y +33.3 Z -91.2]  quat[R -33.3 P  -0.7 Y -91.0]  pose.yaw(+off)  -1.0
raw[X  -0.2 Y +33.2 Z -91.1]  quat[R -33.2 P  -0.8 Y -90.9]  pose.yaw(+off)  -0.9
raw[X  -0.1 Y +33.3 Z -90.9]  quat[R -33.3 P  -0.7 Y -90.8]  pose.yaw(+off)  -0.8
raw[X  -0.6 Y +33.6 Z -90.8]  quat[R -33.6 P  -1.1 Y -90.7]  pose.yaw(+off)  -0.7
raw[X  -0.4 Y +33.6 Z -90.9]  quat[R -33.6 P  -0.8 Y -90.7]  pose.yaw(+off)  -0.7
raw[X  -0.1 Y +33.3 Z -90.8]  quat[R -33.3 P  -0.6 Y -90.7]  pose.yaw(+off)  -0.7
raw[X  -0.1 Y +33.4 Z -90.9]  quat[R -33.4 P  -0.5 Y -90.8]  pose.yaw(+off)  -0.8
raw[X  -0.2 Y +33.3 Z -90.7]  quat[R -33.3 P  -0.6 Y -90.6]  pose.yaw(+off)  -0.6
raw[X  -2.1 Y +33.4 Z -90.1]  quat[R -33.4 P  -2.2 Y -90.1]  pose.yaw(+off)  -0.1
raw[X  -3.7 Y +33.4 Z -89.5]  quat[R -33.4 P  -3.4 Y -89.6]  pose.yaw(+off)  +0.4
raw[X  -5.2 Y +33.7 Z -89.0]  quat[R -33.7 P  -4.6 Y -89.1]  pose.yaw(+off)  +0.9
raw[X  -4.0 Y +33.3 Z -89.4]  quat[R -33.3 P  -3.7 Y -89.5]  pose.yaw(+off)  +0.5
raw[X  -3.3 Y +33.5 Z -88.3]  quat[R -33.5 P  -2.4 Y -88.6]  pose.yaw(+off)  +1.4
raw[X  -3.3 Y +34.1 Z -87.9]  quat[R -34.2 P  -2.1 Y -88.3]  pose.yaw(+off)  +1.7
raw[X  -3.2 Y +33.9 Z -88.4]  quat[R -33.9 P  -2.3 Y -88.7]  pose.yaw(+off)  +1.3
raw[X  -5.4 Y +33.4 Z -90.2]  quat[R -33.4 P  -5.6 Y -90.2]  pose.yaw(+off)  -0.2
raw[X  -7.6 Y +33.6 Z -92.8]  quat[R -33.3 P  -9.2 Y -92.4]  pose.yaw(+off)  -2.4
raw[X  -7.5 Y +34.3 Z -91.7]  quat[R -34.1 P  -8.5 Y -91.4]  pose.yaw(+off)  -1.4
raw[X  -5.8 Y +38.9 Z -88.7]  quat[R -38.9 P  -5.0 Y -89.0]  pose.yaw(+off)  +1.0
raw[X  -6.3 Y +36.6 Z -86.6]  quat[R -36.8 P  -4.2 Y -87.2]  pose.yaw(+off)  +2.8
raw[X  -4.4 Y +36.5 Z -88.3]  quat[R -36.6 P  -3.4 Y -88.6]  pose.yaw(+off)  +1.4
raw[X  -2.4 Y +36.6 Z -88.6]  quat[R -36.7 P  -1.6 Y -88.9]  pose.yaw(+off)  +1.1
raw[X  -2.1 Y +36.4 Z -88.0]  quat[R -36.5 P  -0.9 Y -88.4]  pose.yaw(+off)  +1.6
raw[X  -2.3 Y +35.6 Z -87.3]  quat[R -35.7 P  -0.8 Y -87.8]  pose.yaw(+off)  +2.2
raw[X  -2.4 Y +34.3 Z -87.5]  quat[R -34.3 P  -1.0 Y -87.9]  pose.yaw(+off)  +2.1
raw[X  -2.0 Y +34.2 Z -87.9]  quat[R -34.3 P  -0.8 Y -88.2]  pose.yaw(+off)  +1.8
raw[X  -1.0 Y +34.2 Z -89.1]  quat[R -34.2 P  -0.5 Y -89.3]  pose.yaw(+off)  +0.7
raw[X  -1.0 Y +34.3 Z -89.4]  quat[R -34.3 P  -0.7 Y -89.5]  pose.yaw(+off)  +0.5
raw[X  -0.7 Y +34.3 Z -90.0]  quat[R -34.3 P  -0.6 Y -90.0]  pose.yaw(+off)  +0.0
raw[X  -1.0 Y +33.3 Z -91.6]  quat[R -33.3 P  -1.9 Y -91.3]  pose.yaw(+off)  -1.3
raw[X  -1.5 Y +33.3 Z -91.6]  quat[R -33.3 P  -2.3 Y -91.3]  pose.yaw(+off)  -1.3
raw[X  -2.3 Y +32.5 Z -91.2]  quat[R -32.5 P  -2.9 Y -91.0]  pose.yaw(+off)  -1.0
raw[X  -2.9 Y +31.8 Z -91.4]  quat[R -31.7 P  -3.6 Y -91.2]  pose.yaw(+off)  -1.2
raw[X  -2.7 Y +32.5 Z -92.7]  quat[R -32.3 P  -4.2 Y -92.3]  pose.yaw(+off)  -2.3
raw[X  -3.9 Y +33.0 Z -92.8]  quat[R -32.8 P  -5.4 Y -92.4]  pose.yaw(+off)  -2.4
raw[X  -4.7 Y +33.0 Z -93.0]  quat[R -32.7 P  -6.3 Y -92.5]  pose.yaw(+off)  -2.5
raw[X  -3.4 Y +32.7 Z -93.9]  quat[R -32.4 P  -5.5 Y -93.3]  pose.yaw(+off)  -3.3
raw[X  -2.4 Y +33.1 Z -94.0]  quat[R -32.9 P  -4.5 Y -93.3]  pose.yaw(+off)  -3.3
raw[X  -1.6 Y +33.3 Z -94.5]  quat[R -33.1 P  -4.1 Y -93.8]  pose.yaw(+off)  -3.8
raw[X  -1.7 Y +34.1 Z -95.1]  quat[R -33.9 P  -4.6 Y -94.3]  pose.yaw(+off)  -4.3
raw[X  -2.0 Y +34.4 Z -95.8]  quat[R -34.1 P  -5.3 Y -94.8]  pose.yaw(+off)  -4.8
raw[X  -2.6 Y +34.6 Z -95.6]  quat[R -34.2 P  -5.7 Y -94.6]  pose.yaw(+off)  -4.6
raw[X  -2.5 Y +34.9 Z -95.6]  quat[R -34.5 P  -5.7 Y -94.6]  pose.yaw(+off)  -4.6
raw[X  -3.4 Y +34.6 Z -95.2]  quat[R -34.3 P  -6.3 Y -94.3]  pose.yaw(+off)  -4.3
raw[X  -3.3 Y +34.9 Z -95.1]  quat[R -34.5 P  -6.2 Y -94.2]  pose.yaw(+off)  -4.2
raw[X  -1.6 Y +35.9 Z -95.9]  quat[R -35.7 P  -5.0 Y -94.8]  pose.yaw(+off)  -4.8
raw[X  +2.3 Y +36.7 Z -97.9]  quat[R -36.7 P  -2.5 Y -96.3]  pose.yaw(+off)  -6.3
raw[X  +0.9 Y +36.6 Z -97.3]  quat[R -36.5 P  -3.4 Y -95.8]  pose.yaw(+off)  -5.8
raw[X  -0.9 Y +36.1 Z -96.6]  quat[R -35.8 P  -4.8 Y -95.3]  pose.yaw(+off)  -5.3
raw[X  -1.9 Y +35.5 Z -96.1]  quat[R -35.2 P  -5.4 Y -94.9]  pose.yaw(+off)  -4.9
raw[X  -0.7 Y +35.6 Z -96.5]  quat[R -35.4 P  -4.5 Y -95.3]  pose.yaw(+off)  -5.3
raw[X  +0.1 Y +36.0 Z -96.8]  quat[R -35.8 P  -3.9 Y -95.5]  pose.yaw(+off)  -5.5
raw[X  -1.9 Y +35.0 Z -96.0]  quat[R -34.7 P  -5.3 Y -94.9]  pose.yaw(+off)  -4.9
raw[X  -2.0 Y +34.7 Z -96.1]  quat[R -34.3 P  -5.4 Y -95.0]  pose.yaw(+off)  -5.0
raw[X  -3.0 Y +34.3 Z -95.5]  quat[R -33.9 P  -6.1 Y -94.6]  pose.yaw(+off)  -4.6
raw[X  -3.1 Y +34.6 Z -95.7]  quat[R -34.2 P  -6.3 Y -94.8]  pose.yaw(+off)  -4.8
raw[X  -3.4 Y +34.8 Z -95.5]  quat[R -34.4 P  -6.5 Y -94.5]  pose.yaw(+off)  -4.5
raw[X  -3.1 Y +34.3 Z -95.4]  quat[R -33.9 P  -6.1 Y -94.5]  pose.yaw(+off)  -4.5
raw[X  -3.0 Y +34.5 Z -95.4]  quat[R -34.2 P  -6.1 Y -94.5]  pose.yaw(+off)  -4.5
raw[X  -1.7 Y +36.3 Z -96.1]  quat[R -36.0 P  -5.3 Y -94.9]  pose.yaw(+off)  -4.9
raw[X  -0.9 Y +36.6 Z -96.3]  quat[R -36.4 P  -4.6 Y -95.0]  pose.yaw(+off)  -5.0
raw[X  -0.7 Y +37.4 Z -95.7]  quat[R -37.2 P  -4.1 Y -94.5]  pose.yaw(+off)  -4.5
raw[X  -1.0 Y +37.1 Z -95.0]  quat[R -36.9 P  -4.0 Y -94.0]  pose.yaw(+off)  -4.0
raw[X  -0.9 Y +36.1 Z -93.2]  quat[R -36.0 P  -2.8 Y -92.6]  pose.yaw(+off)  -2.6
raw[X  -0.4 Y +36.1 Z -94.0]  quat[R -36.0 P  -2.8 Y -93.3]  pose.yaw(+off)  -3.3
raw[X  -1.1 Y +35.3 Z -94.5]  quat[R -35.1 P  -3.7 Y -93.7]  pose.yaw(+off)  -3.7
raw[X  -1.3 Y +36.1 Z -93.5]  quat[R -36.0 P  -3.3 Y -92.8]  pose.yaw(+off)  -2.8
raw[X  -1.3 Y +36.1 Z -93.2]  quat[R -36.0 P  -3.2 Y -92.6]  pose.yaw(+off)  -2.6
raw[X  -1.3 Y +36.4 Z -93.1]  quat[R -36.3 P  -3.1 Y -92.5]  pose.yaw(+off)  -2.5
raw[X  -3.1 Y +36.5 Z -92.3]  quat[R -36.4 P  -4.4 Y -91.8]  pose.yaw(+off)  -1.8
raw[X  -1.6 Y +36.3 Z -93.2]  quat[R -36.2 P  -3.5 Y -92.6]  pose.yaw(+off)  -2.6
raw[X  -1.5 Y +37.1 Z -93.3]  quat[R -37.0 P  -3.4 Y -92.6]  pose.yaw(+off)  -2.6
raw[X  -1.0 Y +37.1 Z -93.6]  quat[R -36.9 P  -3.1 Y -92.8]  pose.yaw(+off)  -2.8
raw[X  -0.6 Y +36.6 Z -93.9]  quat[R -36.5 P  -2.9 Y -93.1]  pose.yaw(+off)  -3.1
raw[X  -0.3 Y +36.2 Z -94.0]  quat[R -36.1 P  -2.6 Y -93.2]  pose.yaw(+off)  -3.2
raw[X  -0.0 Y +36.2 Z -94.5]  quat[R -36.1 P  -2.7 Y -93.6]  pose.yaw(+off)  -3.6
raw[X  +0.4 Y +36.4 Z -94.9]  quat[R -36.3 P  -2.5 Y -93.9]  pose.yaw(+off)  -3.9
raw[X  +1.1 Y +37.2 Z -95.4]  quat[R -37.2 P  -2.1 Y -94.3]  pose.yaw(+off)  -4.3
raw[X  +2.4 Y +37.3 Z -95.4]  quat[R -37.3 P  -0.9 Y -94.3]  pose.yaw(+off)  -4.3
raw[X  +0.7 Y +36.8 Z -94.1]  quat[R -36.8 P  -1.7 Y -93.3]  pose.yaw(+off)  -3.3
raw[X  +2.3 Y +37.4 Z -94.7]  quat[R -37.4 P  -0.5 Y -93.7]  pose.yaw(+off)  -3.7
raw[X  +1.8 Y +36.8 Z -94.4]  quat[R -36.8 P  -0.9 Y -93.5]  pose.yaw(+off)  -3.5
raw[X  +1.7 Y +36.5 Z -94.3]  quat[R -36.5 P  -0.9 Y -93.5]  pose.yaw(+off)  -3.5
raw[X  +2.5 Y +37.3 Z -95.3]  quat[R -37.3 P  -0.7 Y -94.2]  pose.yaw(+off)  -4.2
raw[X  +1.6 Y +36.5 Z -94.3]  quat[R -36.5 P  -1.0 Y -93.5]  pose.yaw(+off)  -3.5
raw[X  +1.4 Y +36.5 Z -94.3]  quat[R -36.5 P  -1.1 Y -93.5]  pose.yaw(+off)  -3.5
raw[X  +1.4 Y +37.3 Z -94.4]  quat[R -37.3 P  -1.3 Y -93.5]  pose.yaw(+off)  -3.5
raw[X  +1.4 Y +36.5 Z -94.2]  quat[R -36.6 P  -1.1 Y -93.4]  pose.yaw(+off)  -3.4
raw[X  +1.6 Y +36.6 Z -94.3]  quat[R -36.7 P  -0.9 Y -93.4]  pose.yaw(+off)  -3.4
raw[X  +1.5 Y +36.3 Z -94.1]  quat[R -36.3 P  -0.9 Y -93.3]  pose.yaw(+off)  -3.3
raw[X  +0.3 Y +37.2 Z -92.2]  quat[R -37.2 P  -1.0 Y -91.7]  pose.yaw(+off)  -1.7
raw[X  +0.6 Y +36.9 Z -91.7]  quat[R -36.9 P  -0.4 Y -91.3]  pose.yaw(+off)  -1.3
raw[X  +0.8 Y +37.9 Z -92.1]  quat[R -37.9 P  -0.5 Y -91.7]  pose.yaw(+off)  -1.7
raw[X  +0.5 Y +38.0 Z -92.0]  quat[R -38.0 P  -0.7 Y -91.6]  pose.yaw(+off)  -1.6
raw[X  +0.3 Y +37.5 Z -91.8]  quat[R -37.5 P  -0.8 Y -91.4]  pose.yaw(+off)  -1.4
raw[X  +0.7 Y +37.9 Z -92.5]  quat[R -37.9 P  -0.8 Y -91.9]  pose.yaw(+off)  -1.9
raw[X  +1.4 Y +38.6 Z -93.9]  quat[R -38.6 P  -1.1 Y -93.1]  pose.yaw(+off)  -3.1
raw[X  +1.4 Y +38.6 Z -94.3]  quat[R -38.6 P  -1.2 Y -93.3]  pose.yaw(+off)  -3.3
raw[X  +1.4 Y +38.5 Z -94.0]  quat[R -38.5 P  -1.1 Y -93.2]  pose.yaw(+off)  -3.2
raw[X  +0.3 Y +38.7 Z -92.1]  quat[R -38.7 P  -1.1 Y -91.7]  pose.yaw(+off)  -1.7
raw[X  -0.3 Y +38.9 Z -91.7]  quat[R -38.9 P  -1.4 Y -91.3]  pose.yaw(+off)  -1.3
raw[X  -0.2 Y +38.7 Z -91.5]  quat[R -38.7 P  -1.2 Y -91.2]  pose.yaw(+off)  -1.2
raw[X  +0.2 Y +38.8 Z -92.2]  quat[R -38.8 P  -1.1 Y -91.7]  pose.yaw(+off)  -1.7
raw[X  +0.7 Y +39.3 Z -93.2]  quat[R -39.3 P  -1.3 Y -92.5]  pose.yaw(+off)  -2.5
raw[X  +1.1 Y +39.0 Z -93.4]  quat[R -39.0 P  -1.1 Y -92.7]  pose.yaw(+off)  -2.7
raw[X  +0.8 Y +39.2 Z -93.4]  quat[R -39.2 P  -1.3 Y -92.6]  pose.yaw(+off)  -2.6
raw[X  +0.9 Y +39.3 Z -93.4]  quat[R -39.3 P  -1.3 Y -92.6]  pose.yaw(+off)  -2.6
raw[X  +0.8 Y +38.5 Z -93.0]  quat[R -38.5 P  -1.1 Y -92.3]  pose.yaw(+off)  -2.3
raw[X  -0.3 Y +38.6 Z -92.4]  quat[R -38.6 P  -1.9 Y -91.9]  pose.yaw(+off)  -1.9
raw[X  +0.8 Y +38.4 Z -92.9]  quat[R -38.4 P  -1.1 Y -92.3]  pose.yaw(+off)  -2.3
raw[X  +0.8 Y +38.5 Z -92.9]  quat[R -38.4 P  -1.0 Y -92.3]  pose.yaw(+off)  -2.3
raw[X  +0.6 Y +38.6 Z -92.8]  quat[R -38.6 P  -1.1 Y -92.2]  pose.yaw(+off)  -2.2
raw[X  +0.8 Y +38.4 Z -92.9]  quat[R -38.4 P  -1.1 Y -92.3]  pose.yaw(+off)  -2.3
raw[X  +0.6 Y +38.6 Z -92.8]  quat[R -38.6 P  -1.1 Y -92.2]  pose.yaw(+off)  -2.2
raw[X  -0.0 Y +38.4 Z -92.5]  quat[R -38.4 P  -1.6 Y -91.9]  pose.yaw(+off)  -1.9
raw[X  +1.0 Y +39.3 Z -93.7]  quat[R -39.3 P  -1.3 Y -92.9]  pose.yaw(+off)  -2.9
raw[X  +1.1 Y +39.0 Z -94.0]  quat[R -39.0 P  -1.5 Y -93.1]  pose.yaw(+off)  -3.1
raw[X  +1.2 Y +38.7 Z -94.0]  quat[R -38.7 P  -1.3 Y -93.1]  pose.yaw(+off)  -3.1
raw[X  +1.0 Y +38.3 Z -93.4]  quat[R -38.3 P  -1.1 Y -92.7]  pose.yaw(+off)  -2.7
raw[X  +1.7 Y +38.4 Z -93.8]  quat[R -38.4 P  -0.7 Y -92.9]  pose.yaw(+off)  -2.9
raw[X  +0.9 Y +38.5 Z -93.4]  quat[R -38.5 P  -1.2 Y -92.6]  pose.yaw(+off)  -2.6
raw[X  +1.7 Y +38.4 Z -94.0]  quat[R -38.5 P  -0.7 Y -93.1]  pose.yaw(+off)  -3.1
raw[X  +1.5 Y +38.6 Z -93.9]  quat[R -38.6 P  -0.9 Y -93.0]  pose.yaw(+off)  -3.0
raw[X  +1.5 Y +38.2 Z -93.8]  quat[R -38.2 P  -0.8 Y -93.0]  pose.yaw(+off)  -3.0
raw[X  +1.7 Y +38.1 Z -93.9]  quat[R -38.1 P  -0.7 Y -93.1]  pose.yaw(+off)  -3.1
raw[X  +1.3 Y +38.1 Z -93.7]  quat[R -38.1 P  -1.0 Y -92.9]  pose.yaw(+off)  -2.9
raw[X  +1.3 Y +37.8 Z -93.6]  quat[R -37.8 P  -0.9 Y -92.9]  pose.yaw(+off)  -2.9
raw[X  +1.2 Y +38.0 Z -93.4]  quat[R -38.0 P  -0.9 Y -92.7]  pose.yaw(+off)  -2.7
raw[X  +1.5 Y +38.1 Z -93.6]  quat[R -38.1 P  -0.7 Y -92.8]  pose.yaw(+off)  -2.8
raw[X  +1.6 Y +38.3 Z -93.7]  quat[R -38.3 P  -0.7 Y -92.9]  pose.yaw(+off)  -2.9
raw[X  +1.2 Y +38.4 Z -93.6]  quat[R -38.4 P  -1.0 Y -92.8]  pose.yaw(+off)  -2.8
raw[X  +1.6 Y +38.3 Z -93.8]  quat[R -38.4 P  -0.8 Y -93.0]  pose.yaw(+off)  -3.0
raw[X  +1.6 Y +38.1 Z -93.9]  quat[R -38.2 P  -0.7 Y -93.0]  pose.yaw(+off)  -3.0
raw[X  +1.3 Y +38.2 Z -93.7]  quat[R -38.2 P  -1.0 Y -92.9]  pose.yaw(+off)  -2.9
raw[X  +1.6 Y +38.1 Z -93.9]  quat[R -38.1 P  -0.9 Y -93.1]  pose.yaw(+off)  -3.1
raw[X  +1.5 Y +38.2 Z -93.8]  quat[R -38.2 P  -0.8 Y -93.0]  pose.yaw(+off)  -3.0
raw[X  +1.7 Y +38.2 Z -94.1]  quat[R -38.2 P  -0.8 Y -93.2]  pose.yaw(+off)  -3.2
raw[X  +1.7 Y +38.1 Z -94.0]  quat[R -38.2 P  -0.8 Y -93.2]  pose.yaw(+off)  -3.2
raw[X  +2.0 Y +38.3 Z -94.2]  quat[R -38.4 P  -0.6 Y -93.3]  pose.yaw(+off)  -3.3
raw[X  +1.8 Y +38.0 Z -94.0]  quat[R -38.0 P  -0.6 Y -93.1]  pose.yaw(+off)  -3.1
raw[X  +2.0 Y +38.4 Z -94.0]  quat[R -38.4 P  -0.5 Y -93.1]  pose.yaw(+off)  -3.1
raw[X  +1.6 Y +38.4 Z -93.9]  quat[R -38.4 P  -0.8 Y -93.0]  pose.yaw(+off)  -3.0
raw[X  +1.7 Y +38.5 Z -94.0]  quat[R -38.5 P  -0.8 Y -93.1]  pose.yaw(+off)  -3.1
raw[X  +1.6 Y +38.5 Z -94.1]  quat[R -38.5 P  -0.9 Y -93.2]  pose.yaw(+off)  -3.2
raw[X  +2.3 Y +38.4 Z -94.4]  quat[R -38.4 P  -0.4 Y -93.4]  pose.yaw(+off)  -3.4
raw[X  +2.2 Y +38.4 Z -94.3]  quat[R -38.5 P  -0.4 Y -93.4]  pose.yaw(+off)  -3.4
raw[X  +2.1 Y +38.4 Z -94.3]  quat[R -38.5 P  -0.5 Y -93.3]  pose.yaw(+off)  -3.3
raw[X  +2.2 Y +38.4 Z -94.3]  quat[R -38.4 P  -0.5 Y -93.4]  pose.yaw(+off)  -3.4
raw[X  +2.2 Y +38.4 Z -94.3]  quat[R -38.4 P  -0.5 Y -93.4]  pose.yaw(+off)  -3.4
raw[X  +2.2 Y +38.4 Z -94.3]  quat[R -38.5 P  -0.5 Y -93.4]  pose.yaw(+off)  -3.4
raw[X  +2.1 Y +38.4 Z -94.3]  quat[R -38.4 P  -0.5 Y -93.3]  pose.yaw(+off)  -3.3
raw[X  +2.3 Y +38.4 Z -94.4]  quat[R -38.5 P  -0.4 Y -93.4]  pose.yaw(+off)  -3.4
raw[X  +2.4 Y +38.4 Z -94.4]  quat[R -38.4 P  -0.3 Y -93.5]  pose.yaw(+off)  -3.5
raw[X  +2.4 Y +38.3 Z -94.3]  quat[R -38.3 P  -0.3 Y -93.4]  pose.yaw(+off)  -3.4
raw[X  +2.4 Y +38.3 Z -94.3]  quat[R -38.3 P  -0.3 Y -93.4]  pose.yaw(+off)  -3.4
raw[X  +2.0 Y +38.3 Z -94.1]  quat[R -38.3 P  -0.5 Y -93.2]  pose.yaw(+off)  -3.2
raw[X  +2.0 Y +38.3 Z -94.2]  quat[R -38.4 P  -0.5 Y -93.3]  pose.yaw(+off)  -3.3
raw[X  +2.0 Y +38.3 Z -94.1]  quat[R -38.3 P  -0.5 Y -93.2]  pose.yaw(+off)  -3.2
raw[X  +2.0 Y +38.4 Z -94.1]  quat[R -38.4 P  -0.6 Y -93.2]  pose.yaw(+off)  -3.2
raw[X  +1.3 Y +38.4 Z -93.6]  quat[R -38.4 P  -0.9 Y -92.8]  pose.yaw(+off)  -2.8
raw[X  +1.8 Y +38.3 Z -94.0]  quat[R -38.4 P  -0.7 Y -93.1]  pose.yaw(+off)  -3.1
raw[X  +1.7 Y +38.4 Z -94.0]  quat[R -38.5 P  -0.7 Y -93.1]  pose.yaw(+off)  -3.1
raw[X  +1.7 Y +38.4 Z -93.9]  quat[R -38.4 P  -0.7 Y -93.1]  pose.yaw(+off)  -3.1
raw[X  +1.8 Y +38.3 Z -94.0]  quat[R -38.4 P  -0.7 Y -93.2]  pose.yaw(+off)  -3.2
raw[X  +1.0 Y +38.1 Z -93.6]  quat[R -38.1 P  -1.2 Y -92.8]  pose.yaw(+off)  -2.8
raw[X  +1.7 Y +38.3 Z -93.9]  quat[R -38.4 P  -0.7 Y -93.1]  pose.yaw(+off)  -3.1
raw[X  +1.7 Y +38.4 Z -93.9]  quat[R -38.4 P  -0.7 Y -93.1]  pose.yaw(+off)  -3.1
raw[X  +1.7 Y +38.4 Z -93.9]  quat[R -38.4 P  -0.8 Y -93.1]  pose.yaw(+off)  -3.1
raw[X  +2.0 Y +38.4 Z -93.9]  quat[R -38.4 P  -0.4 Y -93.0]  pose.yaw(+off)  -3.0
raw[X  +1.6 Y +38.5 Z -93.7]  quat[R -38.5 P  -0.7 Y -92.9]  pose.yaw(+off)  -2.9
raw[X  +1.9 Y +38.3 Z -93.9]  quat[R -38.4 P  -0.6 Y -93.1]  pose.yaw(+off)  -3.1
raw[X  +1.7 Y +38.4 Z -93.9]  quat[R -38.5 P  -0.8 Y -93.1]  pose.yaw(+off)  -3.1
raw[X  +1.4 Y +38.4 Z -93.6]  quat[R -38.4 P  -0.8 Y -92.9]  pose.yaw(+off)  -2.9
raw[X  +1.8 Y +38.3 Z -93.9]  quat[R -38.4 P  -0.6 Y -93.0]  pose.yaw(+off)  -3.0
raw[X  +1.7 Y +38.4 Z -94.0]  quat[R -38.5 P  -0.8 Y -93.1]  pose.yaw(+off)  -3.1
raw[X  +1.8 Y +38.3 Z -94.0]  quat[R -38.3 P  -0.7 Y -93.1]  pose.yaw(+off)  -3.1
raw[X  +1.6 Y +38.4 Z -94.0]  quat[R -38.4 P  -0.8 Y -93.1]  pose.yaw(+off)  -3.1
raw[X  +1.6 Y +38.4 Z -93.8]  quat[R -38.4 P  -0.8 Y -93.0]  pose.yaw(+off)  -3.0
raw[X  +2.1 Y +38.3 Z -94.0]  quat[R -38.4 P  -0.4 Y -93.1]  pose.yaw(+off)  -3.1
raw[X  +2.1 Y +38.4 Z -94.1]  quat[R -38.4 P  -0.5 Y -93.2]  pose.yaw(+off)  -3.2
raw[X  +2.0 Y +38.4 Z -94.1]  quat[R -38.4 P  -0.5 Y -93.2]  pose.yaw(+off)  -3.2
raw[X  +2.0 Y +38.3 Z -94.0]  quat[R -38.3 P  -0.5 Y -93.2]  pose.yaw(+off)  -3.2
raw[X  +1.9 Y +38.4 Z -94.1]  quat[R -38.4 P  -0.6 Y -93.2]  pose.yaw(+off)  -3.2
raw[X  +2.0 Y +38.3 Z -94.1]  quat[R -38.3 P  -0.6 Y -93.2]  pose.yaw(+off)  -3.2
raw[X  +2.0 Y +38.3 Z -94.1]  quat[R -38.4 P  -0.5 Y -93.2]  pose.yaw(+off)  -3.2
raw[X  +2.0 Y +38.4 Z -94.1]  quat[R -38.4 P  -0.6 Y -93.2]  pose.yaw(+off)  -3.2
raw[X  +2.0 Y +38.3 Z -94.1]  quat[R -38.3 P  -0.5 Y -93.2]  pose.yaw(+off)  -3.2
raw[X  +2.0 Y +38.3 Z -94.1]  quat[R -38.4 P  -0.6 Y -93.2]  pose.yaw(+off)  -3.2
raw[X  +1.9 Y +38.3 Z -94.1]  quat[R -38.3 P  -0.6 Y -93.2]  pose.yaw(+off)  -3.2
raw[X  +2.0 Y +38.3 Z -94.1]  quat[R -38.3 P  -0.5 Y -93.2]  pose.yaw(+off)  -3.2
raw[X  +2.0 Y +38.3 Z -94.1]  quat[R -38.4 P  -0.5 Y -93.2]  pose.yaw(+off)  -3.2
raw[X  +2.0 Y +38.3 Z -94.0]  quat[R -38.3 P  -0.6 Y -93.2]  pose.yaw(+off)  -3.2
raw[X  +2.0 Y +38.2 Z -94.1]  quat[R -38.2 P  -0.6 Y -93.2]  pose.yaw(+off)  -3.2
raw[X  +2.1 Y +38.2 Z -94.2]  quat[R -38.2 P  -0.5 Y -93.3]  pose.yaw(+off)  -3.3
raw[X  +1.9 Y +38.1 Z -94.1]  quat[R -38.1 P  -0.6 Y -93.2]  pose.yaw(+off)  -3.2
raw[X  +1.9 Y +38.2 Z -94.1]  quat[R -38.3 P  -0.6 Y -93.2]  pose.yaw(+off)  -3.2
raw[X  +1.7 Y +38.2 Z -94.0]  quat[R -38.2 P  -0.7 Y -93.2]  pose.yaw(+off)  -3.2
raw[X  +1.9 Y +38.2 Z -94.1]  quat[R -38.2 P  -0.7 Y -93.2]  pose.yaw(+off)  -3.2
raw[X  +1.8 Y +38.2 Z -94.1]  quat[R -38.2 P  -0.7 Y -93.2]  pose.yaw(+off)  -3.2
raw[X  +1.8 Y +38.3 Z -93.9]  quat[R -38.3 P  -0.6 Y -93.1]  pose.yaw(+off)  -3.1
raw[X  +1.8 Y +38.3 Z -94.0]  quat[R -38.3 P  -0.7 Y -93.1]  pose.yaw(+off)  -3.1
raw[X  +2.0 Y +38.3 Z -94.1]  quat[R -38.3 P  -0.5 Y -93.2]  pose.yaw(+off)  -3.2
raw[X  +2.0 Y +38.3 Z -94.1]  quat[R -38.4 P  -0.6 Y -93.2]  pose.yaw(+off)  -3.2
raw[X  +2.0 Y +38.3 Z -94.1]  quat[R -38.4 P  -0.6 Y -93.2]  pose.yaw(+off)  -3.2
raw[X  +2.0 Y +38.3 Z -94.1]  quat[R -38.3 P  -0.6 Y -93.2]  pose.yaw(+off)  -3.2
raw[X  +2.0 Y +38.3 Z -94.1]  quat[R -38.3 P  -0.5 Y -93.2]  pose.yaw(+off)  -3.2
raw[X  +2.0 Y +38.3 Z -94.1]  quat[R -38.4 P  -0.6 Y -93.2]  pose.yaw(+off)  -3.2
raw[X  +2.0 Y +38.3 Z -94.1]  quat[R -38.3 P  -0.5 Y -93.2]  pose.yaw(+off)  -3.2
raw[X  +2.0 Y +38.3 Z -94.1]  quat[R -38.4 P  -0.6 Y -93.2]  pose.yaw(+off)  -3.2
raw[X  +2.0 Y +38.3 Z -94.1]  quat[R -38.3 P  -0.5 Y -93.2]  pose.yaw(+off)  -3.2
raw[X  +2.0 Y +38.3 Z -94.1]  quat[R -38.4 P  -0.6 Y -93.2]  pose.yaw(+off)  -3.2
raw[X  +2.0 Y +38.3 Z -94.1]  quat[R -38.3 P  -0.5 Y -93.2]  pose.yaw(+off)  -3.2
raw[X  +2.0 Y +38.3 Z -94.1]  quat[R -38.3 P  -0.6 Y -93.2]  pose.yaw(+off)  -3.2
raw[X  +2.0 Y +38.3 Z -94.1]  quat[R -38.4 P  -0.6 Y -93.2]  pose.yaw(+off)  -3.2
raw[X  +2.0 Y +38.3 Z -94.1]  quat[R -38.3 P  -0.5 Y -93.2]  pose.yaw(+off)  -3.2
raw[X  +2.0 Y +38.3 Z -94.1]  quat[R -38.3 P  -0.6 Y -93.2]  pose.yaw(+off)  -3.2
raw[X  +2.0 Y +38.3 Z -94.0]  quat[R -38.4 P  -0.5 Y -93.2]  pose.yaw(+off)  -3.2
raw[X  +2.0 Y +38.3 Z -94.1]  quat[R -38.3 P  -0.6 Y -93.2]  pose.yaw(+off)  -3.2
raw[X  +2.0 Y +38.3 Z -94.1]  quat[R -38.4 P  -0.5 Y -93.2]  pose.yaw(+off)  -3.2
raw[X  +2.0 Y +38.2 Z -94.1]  quat[R -38.3 P  -0.5 Y -93.2]  pose.yaw(+off)  -3.2
raw[X  +2.0 Y +38.3 Z -94.1]  quat[R -38.4 P  -0.5 Y -93.2]  pose.yaw(+off)  -3.2
raw[X  +2.0 Y +38.4 Z -94.1]  quat[R -38.4 P  -0.5 Y -93.2]  pose.yaw(+off)  -3.2
raw[X  +2.0 Y +38.3 Z -94.1]  quat[R -38.3 P  -0.5 Y -93.2]  pose.yaw(+off)  -3.2
raw[X  +2.0 Y +38.3 Z -94.1]  quat[R -38.3 P  -0.6 Y -93.2]  pose.yaw(+off)  -3.2
raw[X  +2.0 Y +38.3 Z -94.1]  quat[R -38.3 P  -0.5 Y -93.2]  pose.yaw(+off)  -3.2
raw[X  +2.0 Y +38.3 Z -94.1]  quat[R -38.3 P  -0.6 Y -93.2]  pose.yaw(+off)  -3.2
raw[X  +1.8 Y +38.4 Z -93.9]  quat[R -38.4 P  -0.6 Y -93.0]  pose.yaw(+off)  -3.0
raw[X  +2.2 Y +38.4 Z -94.0]  quat[R -38.4 P  -0.3 Y -93.2]  pose.yaw(+off)  -3.2
raw[X  +1.7 Y +38.3 Z -93.9]  quat[R -38.3 P  -0.7 Y -93.0]  pose.yaw(+off)  -3.0
raw[X  +2.0 Y +38.3 Z -94.0]  quat[R -38.3 P  -0.5 Y -93.2]  pose.yaw(+off)  -3.2
raw[X  +2.0 Y +38.3 Z -94.1]  quat[R -38.3 P  -0.5 Y -93.2]  pose.yaw(+off)  -3.2
raw[X  +1.9 Y +38.3 Z -94.0]  quat[R -38.4 P  -0.6 Y -93.2]  pose.yaw(+off)  -3.2
raw[X  +2.0 Y +38.3 Z -94.0]  quat[R -38.3 P  -0.6 Y -93.2]  pose.yaw(+off)  -3.2
raw[X  +2.0 Y +38.3 Z -94.1]  quat[R -38.4 P  -0.6 Y -93.2]  pose.yaw(+off)  -3.2
raw[X  +2.0 Y +38.3 Z -94.1]  quat[R -38.4 P  -0.5 Y -93.2]  pose.yaw(+off)  -3.2
raw[X  +2.0 Y +38.3 Z -94.1]  quat[R -38.4 P  -0.5 Y -93.2]  pose.yaw(+off)  -3.2
raw[X  +2.0 Y +38.3 Z -94.1]  quat[R -38.4 P  -0.6 Y -93.2]  pose.yaw(+off)  -3.2
raw[X  +2.0 Y +38.3 Z -94.1]  quat[R -38.3 P  -0.6 Y -93.2]  pose.yaw(+off)  -3.2
raw[X  +2.0 Y +38.3 Z -94.1]  quat[R -38.3 P  -0.6 Y -93.2]  pose.yaw(+off)  -3.2
raw[X  +2.0 Y +38.3 Z -94.1]  quat[R -38.3 P  -0.5 Y -93.2]  pose.yaw(+off)  -3.2
raw[X  +2.1 Y +38.3 Z -94.0]  quat[R -38.4 P  -0.4 Y -93.1]  pose.yaw(+off)  -3.1
raw[X  +2.0 Y +38.3 Z -94.1]  quat[R -38.4 P  -0.5 Y -93.2]  pose.yaw(+off)  -3.2
raw[X  +2.1 Y +38.3 Z -94.1]  quat[R -38.3 P  -0.5 Y -93.2]  pose.yaw(+off)  -3.2
raw[X  +2.0 Y +38.3 Z -94.1]  quat[R -38.4 P  -0.6 Y -93.2]  pose.yaw(+off)  -3.2
raw[X  +2.0 Y +38.4 Z -94.1]  quat[R -38.4 P  -0.5 Y -93.2]  pose.yaw(+off)  -3.2
raw[X  +2.0 Y +38.3 Z -94.1]  quat[R -38.3 P  -0.5 Y -93.2]  pose.yaw(+off)  -3.2
raw[X  +1.9 Y +38.4 Z -94.1]  quat[R -38.4 P  -0.6 Y -93.2]  pose.yaw(+off)  -3.2
raw[X  +2.0 Y +38.3 Z -94.0]  quat[R -38.3 P  -0.5 Y -93.2]  pose.yaw(+off)  -3.2
raw[X  +1.9 Y +38.3 Z -94.1]  quat[R -38.3 P  -0.6 Y -93.2]  pose.yaw(+off)  -3.2
raw[X  +2.0 Y +38.4 Z -94.1]  quat[R -38.4 P  -0.5 Y -93.2]  pose.yaw(+off)  -3.2
raw[X  +2.0 Y +38.3 Z -94.1]  quat[R -38.3 P  -0.5 Y -93.2]  pose.yaw(+off)  -3.2
raw[X  +2.0 Y +38.3 Z -94.1]  quat[R -38.4 P  -0.5 Y -93.3]  pose.yaw(+off)  -3.3
raw[X  +2.1 Y +38.3 Z -94.1]  quat[R -38.4 P  -0.5 Y -93.2]  pose.yaw(+off)  -3.2
raw[X  +2.0 Y +38.3 Z -94.1]  quat[R -38.3 P  -0.5 Y -93.2]  pose.yaw(+off)  -3.2
raw[X  +2.0 Y +38.3 Z -94.1]  quat[R -38.4 P  -0.6 Y -93.2]  pose.yaw(+off)  -3.2
raw[X  +2.0 Y +38.3 Z -94.0]  quat[R -38.3 P  -0.5 Y -93.2]  pose.yaw(+off)  -3.2
raw[X  +2.0 Y +38.3 Z -94.1]  quat[R -38.3 P  -0.5 Y -93.2]  pose.yaw(+off)  -3.2
raw[X  +1.9 Y +38.3 Z -94.1]  quat[R -38.4 P  -0.6 Y -93.2]  pose.yaw(+off)  -3.2
raw[X  +2.0 Y +38.3 Z -94.1]  quat[R -38.3 P  -0.5 Y -93.2]  pose.yaw(+off)  -3.2
raw[X  +1.9 Y +38.3 Z -94.1]  quat[R -38.4 P  -0.6 Y -93.2]  pose.yaw(+off)  -3.2
raw[X  +2.0 Y +38.3 Z -94.1]  quat[R -38.4 P  -0.5 Y -93.2]  pose.yaw(+off)  -3.2
raw[X  +2.0 Y +38.3 Z -94.1]  quat[R -38.4 P  -0.5 Y -93.2]  pose.yaw(+off)  -3.2
raw[X  +2.0 Y +38.3 Z -94.1]  quat[R -38.4 P  -0.6 Y -93.2]  pose.yaw(+off)  -3.2
raw[X  +2.0 Y +38.3 Z -94.1]  quat[R -38.3 P  -0.5 Y -93.2]  pose.yaw(+off)  -3.2
raw[X  +1.9 Y +38.3 Z -94.1]  quat[R -38.4 P  -0.6 Y -93.2]  pose.yaw(+off)  -3.2
raw[X  +2.0 Y +38.3 Z -94.1]  quat[R -38.4 P  -0.5 Y -93.2]  pose.yaw(+off)  -3.2
raw[X  +2.0 Y +38.3 Z -94.1]  quat[R -38.3 P  -0.5 Y -93.2]  pose.yaw(+off)  -3.2
raw[X  +2.0 Y +38.3 Z -94.1]  quat[R -38.4 P  -0.6 Y -93.2]  pose.yaw(+off)  -3.2
raw[X  +2.1 Y +38.3 Z -94.1]  quat[R -38.3 P  -0.5 Y -93.2]  pose.yaw(+off)  -3.2
raw[X  +1.9 Y +38.3 Z -94.1]  quat[R -38.4 P  -0.6 Y -93.2]  pose.yaw(+off)  -3.2
raw[X  +2.0 Y +38.3 Z -94.1]  quat[R -38.3 P  -0.5 Y -93.2]  pose.yaw(+off)  -3.2
raw[X  +2.0 Y +38.3 Z -94.1]  quat[R -38.4 P  -0.5 Y -93.2]  pose.yaw(+off)  -3.2
raw[X  +1.9 Y +38.3 Z -94.1]  quat[R -38.4 P  -0.6 Y -93.2]  pose.yaw(+off)  -3.2
raw[X  +2.0 Y +38.3 Z -94.1]  quat[R -38.4 P  -0.5 Y -93.2]  pose.yaw(+off)  -3.2
raw[X  +2.1 Y +38.3 Z -94.1]  quat[R -38.3 P  -0.5 Y -93.2]  pose.yaw(+off)  -3.2
raw[X  +2.0 Y +38.3 Z -94.1]  quat[R -38.4 P  -0.5 Y -93.2]  pose.yaw(+off)  -3.2
raw[X  +2.0 Y +38.3 Z -94.1]  quat[R -38.3 P  -0.5 Y -93.2]  pose.yaw(+off)  -3.2
raw[X  +1.9 Y +38.4 Z -94.0]  quat[R -38.4 P  -0.6 Y -93.2]  pose.yaw(+off)  -3.2
raw[X  +2.0 Y +38.3 Z -94.1]  quat[R -38.3 P  -0.5 Y -93.2]  pose.yaw(+off)  -3.2
raw[X  +1.9 Y +38.3 Z -94.1]  quat[R -38.3 P  -0.6 Y -93.2]  pose.yaw(+off)  -3.2
raw[X  +2.0 Y +38.3 Z -94.1]  quat[R -38.4 P  -0.5 Y -93.2]  pose.yaw(+off)  -3.2
raw[X  +2.1 Y +38.3 Z -94.1]  quat[R -38.3 P  -0.5 Y -93.2]  pose.yaw(+off)  -3.2
raw[X  +2.0 Y +38.3 Z -94.1]  quat[R -38.4 P  -0.5 Y -93.2]  pose.yaw(+off)  -3.2
raw[X  +2.1 Y +38.3 Z -94.1]  quat[R -38.3 P  -0.5 Y -93.2]  pose.yaw(+off)  -3.2
raw[X  +2.1 Y +38.4 Z -94.0]  quat[R -38.4 P  -0.4 Y -93.2]  pose.yaw(+off)  -3.2
raw[X  +2.0 Y +38.3 Z -94.1]  quat[R -38.3 P  -0.6 Y -93.2]  pose.yaw(+off)  -3.2
raw[X  +2.0 Y +38.3 Z -94.1]  quat[R -38.3 P  -0.5 Y -93.2]  pose.yaw(+off)  -3.2
raw[X  +2.0 Y +38.3 Z -94.1]  quat[R -38.3 P  -0.6 Y -93.2]  pose.yaw(+off)  -3.2
raw[X  +1.9 Y +38.3 Z -94.0]  quat[R -38.4 P  -0.6 Y -93.2]  pose.yaw(+off)  -3.2
raw[X  +2.0 Y +38.3 Z -94.1]  quat[R -38.3 P  -0.5 Y -93.2]  pose.yaw(+off)  -3.2
raw[X  +1.9 Y +38.4 Z -94.0]  quat[R -38.4 P  -0.6 Y -93.1]  pose.yaw(+off)  -3.1
raw[X  +2.0 Y +38.2 Z -94.1]  quat[R -38.3 P  -0.5 Y -93.2]  pose.yaw(+off)  -3.2
raw[X  +2.0 Y +38.3 Z -94.1]  quat[R -38.4 P  -0.6 Y -93.2]  pose.yaw(+off)  -3.2
raw[X  +2.1 Y +38.3 Z -94.1]  quat[R -38.4 P  -0.5 Y -93.2]  pose.yaw(+off)  -3.2
raw[X  +2.0 Y +38.3 Z -94.1]  quat[R -38.3 P  -0.5 Y -93.2]  pose.yaw(+off)  -3.2
raw[X  +2.0 Y +38.3 Z -94.1]  quat[R -38.4 P  -0.6 Y -93.2]  pose.yaw(+off)  -3.2
raw[X  +2.0 Y +38.3 Z -94.1]  quat[R -38.3 P  -0.5 Y -93.2]  pose.yaw(+off)  -3.2
raw[X  +2.0 Y +38.3 Z -94.1]  quat[R -38.3 P  -0.5 Y -93.2]  pose.yaw(+off)  -3.2
raw[X  +2.0 Y +38.3 Z -94.1]  quat[R -38.4 P  -0.5 Y -93.2]  pose.yaw(+off)  -3.2
raw[X  +2.0 Y +38.3 Z -94.1]  quat[R -38.4 P  -0.5 Y -93.2]  pose.yaw(+off)  -3.2
raw[X  +2.0 Y +38.3 Z -94.1]  quat[R -38.4 P  -0.5 Y -93.2]  pose.yaw(+off)  -3.2
raw[X  +2.0 Y +38.3 Z -94.1]  quat[R -38.3 P  -0.5 Y -93.2]  pose.yaw(+off)  -3.2
raw[X  +2.0 Y +38.3 Z -93.9]  quat[R -38.4 P  -0.4 Y -93.1]  pose.yaw(+off)  -3.1
raw[X  +2.0 Y +38.3 Z -94.1]  quat[R -38.4 P  -0.6 Y -93.2]  pose.yaw(+off)  -3.2
raw[X  +2.0 Y +38.3 Z -94.1]  quat[R -38.3 P  -0.6 Y -93.2]  pose.yaw(+off)  -3.2
raw[X  +2.0 Y +38.3 Z -94.1]  quat[R -38.3 P  -0.6 Y -93.2]  pose.yaw(+off)  -3.2
raw[X  +2.0 Y +38.3 Z -94.1]  quat[R -38.4 P  -0.6 Y -93.2]  pose.yaw(+off)  -3.2
raw[X  +2.0 Y +38.3 Z -94.1]  quat[R -38.4 P  -0.5 Y -93.2]  pose.yaw(+off)  -3.2
raw[X  +2.1 Y +38.3 Z -94.1]  quat[R -38.4 P  -0.5 Y -93.2]  pose.yaw(+off)  -3.2
raw[X  +2.0 Y +38.3 Z -94.0]  quat[R -38.3 P  -0.5 Y -93.2]  pose.yaw(+off)  -3.2
raw[X  +2.0 Y +38.3 Z -94.1]  quat[R -38.3 P  -0.5 Y -93.2]  pose.yaw(+off)  -3.2
raw[X  +2.0 Y +38.3 Z -94.1]  quat[R -38.3 P  -0.6 Y -93.2]  pose.yaw(+off)  -3.2
raw[X  +2.0 Y +38.3 Z -94.1]  quat[R -38.3 P  -0.5 Y -93.2]  pose.yaw(+off)  -3.2
raw[X  +2.0 Y +38.3 Z -94.1]  quat[R -38.3 P  -0.6 Y -93.2]  pose.yaw(+off)  -3.2
raw[X  +2.0 Y +38.3 Z -94.1]  quat[R -38.3 P  -0.5 Y -93.2]  pose.yaw(+off)  -3.2
raw[X  +2.0 Y +38.3 Z -94.1]  quat[R -38.4 P  -0.5 Y -93.2]  pose.yaw(+off)  -3.2
raw[X  +2.0 Y +38.3 Z -94.1]  quat[R -38.4 P  -0.5 Y -93.2]  pose.yaw(+off)  -3.2
raw[X  +2.0 Y +38.3 Z -94.1]  quat[R -38.3 P  -0.5 Y -93.2]  pose.yaw(+off)  -3.2
raw[X  +2.0 Y +38.3 Z -94.1]  quat[R -38.4 P  -0.5 Y -93.2]  pose.yaw(+off)  -3.2
raw[X  +2.0 Y +38.3 Z -94.1]  quat[R -38.3 P  -0.5 Y -93.2]  pose.yaw(+off)  -3.2
raw[X  +2.0 Y +38.3 Z -94.1]  quat[R -38.3 P  -0.5 Y -93.2]  pose.yaw(+off)  -3.2
raw[X  +2.1 Y +38.3 Z -94.1]  quat[R -38.4 P  -0.5 Y -93.2]  pose.yaw(+off)  -3.2
raw[X  +2.0 Y +38.3 Z -94.1]  quat[R -38.4 P  -0.5 Y -93.2]  pose.yaw(+off)  -3.2
raw[X  +2.1 Y +38.3 Z -94.2]  quat[R -38.4 P  -0.5 Y -93.3]  pose.yaw(+off)  -3.3
raw[X  +2.0 Y +38.3 Z -94.1]  quat[R -38.4 P  -0.6 Y -93.2]  pose.yaw(+off)  -3.2
raw[X  +1.9 Y +38.3 Z -94.1]  quat[R -38.3 P  -0.6 Y -93.2]  pose.yaw(+off)  -3.2
raw[X  +1.9 Y +38.3 Z -94.0]  quat[R -38.4 P  -0.6 Y -93.2]  pose.yaw(+off)  -3.2
raw[X  +2.0 Y +38.3 Z -94.1]  quat[R -38.3 P  -0.5 Y -93.2]  pose.yaw(+off)  -3.2
raw[X  +2.0 Y +38.3 Z -94.1]  quat[R -38.4 P  -0.5 Y -93.2]  pose.yaw(+off)  -3.2
raw[X  +2.0 Y +38.3 Z -94.1]  quat[R -38.3 P  -0.6 Y -93.2]  pose.yaw(+off)  -3.2
raw[X  +2.1 Y +38.3 Z -94.1]  quat[R -38.3 P  -0.5 Y -93.2]  pose.yaw(+off)  -3.2
raw[X  +2.0 Y +38.3 Z -94.1]  quat[R -38.4 P  -0.6 Y -93.2]  pose.yaw(+off)  -3.2
raw[X  +2.0 Y +38.3 Z -94.1]  quat[R -38.3 P  -0.5 Y -93.2]  pose.yaw(+off)  -3.2
raw[X  +2.0 Y +38.3 Z -94.1]  quat[R -38.3 P  -0.5 Y -93.2]  pose.yaw(+off)  -3.2
raw[X  +2.0 Y +38.3 Z -94.1]  quat[R -38.4 P  -0.5 Y -93.2]  pose.yaw(+off)  -3.2
raw[X  +2.0 Y +38.3 Z -94.1]  quat[R -38.4 P  -0.5 Y -93.2]  pose.yaw(+off)  -3.2
raw[X  +2.0 Y +38.3 Z -94.1]  quat[R -38.4 P  -0.5 Y -93.2]  pose.yaw(+off)  -3.2
raw[X  +1.9 Y +38.3 Z -94.1]  quat[R -38.4 P  -0.6 Y -93.2]  pose.yaw(+off)  -3.2
raw[X  +2.1 Y +38.3 Z -94.1]  quat[R -38.3 P  -0.5 Y -93.2]  pose.yaw(+off)  -3.2
raw[X  +2.0 Y +38.3 Z -94.1]  quat[R -38.3 P  -0.6 Y -93.2]  pose.yaw(+off)  -3.2
raw[X  +2.0 Y +38.3 Z -94.1]  quat[R -38.4 P  -0.5 Y -93.2]  pose.yaw(+off)  -3.2
raw[X  +2.0 Y +38.3 Z -94.1]  quat[R -38.4 P  -0.5 Y -93.2]  pose.yaw(+off)  -3.2
raw[X  +1.9 Y +38.3 Z -94.0]  quat[R -38.4 P  -0.6 Y -93.1]  pose.yaw(+off)  -3.1
raw[X  +2.0 Y +38.3 Z -94.1]  quat[R -38.3 P  -0.5 Y -93.2]  pose.yaw(+off)  -3.2
raw[X  +2.0 Y +38.3 Z -94.1]  quat[R -38.4 P  -0.5 Y -93.2]  pose.yaw(+off)  -3.2
raw[X  +2.0 Y +38.3 Z -94.1]  quat[R -38.4 P  -0.5 Y -93.2]  pose.yaw(+off)  -3.2
raw[X  +2.0 Y +38.3 Z -94.1]  quat[R -38.3 P  -0.5 Y -93.2]  pose.yaw(+off)  -3.2
raw[X  +2.0 Y +38.3 Z -94.1]  quat[R -38.4 P  -0.5 Y -93.2]  pose.yaw(+off)  -3.2
raw[X  +2.0 Y +38.3 Z -94.1]  quat[R -38.3 P  -0.5 Y -93.2]  pose.yaw(+off)  -3.2
raw[X  +1.9 Y +38.3 Z -94.0]  quat[R -38.3 P  -0.6 Y -93.2]  pose.yaw(+off)  -3.2
raw[X  +2.1 Y +38.3 Z -94.2]  quat[R -38.4 P  -0.5 Y -93.3]  pose.yaw(+off)  -3.3
raw[X  +2.0 Y +38.3 Z -94.1]  quat[R -38.3 P  -0.5 Y -93.2]  pose.yaw(+off)  -3.2
raw[X  +2.1 Y +38.3 Z -94.2]  quat[R -38.4 P  -0.5 Y -93.3]  pose.yaw(+off)  -3.3
raw[X  +2.0 Y +38.3 Z -94.0]  quat[R -38.3 P  -0.5 Y -93.2]  pose.yaw(+off)  -3.2
raw[X  +2.0 Y +38.3 Z -94.1]  quat[R -38.3 P  -0.5 Y -93.2]  pose.yaw(+off)  -3.2
raw[X  +1.9 Y +38.3 Z -94.1]  quat[R -38.3 P  -0.6 Y -93.2]  pose.yaw(+off)  -3.2
raw[X  +2.0 Y +38.3 Z -94.1]  quat[R -38.3 P  -0.6 Y -93.2]  pose.yaw(+off)  -3.2
raw[X  +2.0 Y +38.3 Z -94.1]  quat[R -38.3 P  -0.6 Y -93.2]  pose.yaw(+off)  -3.2
raw[X  +1.9 Y +38.3 Z -94.1]  quat[R -38.4 P  -0.6 Y -93.2]  pose.yaw(+off)  -3.2
raw[X  +2.0 Y +38.3 Z -94.1]  quat[R -38.3 P  -0.5 Y -93.2]  pose.yaw(+off)  -3.2
raw[X  +2.1 Y +38.3 Z -94.1]  quat[R -38.3 P  -0.5 Y -93.2]  pose.yaw(+off)  -3.2
raw[X  +2.0 Y +38.3 Z -94.1]  quat[R -38.4 P  -0.5 Y -93.2]  pose.yaw(+off)  -3.2
raw[X  +2.0 Y +38.3 Z -94.1]  quat[R -38.4 P  -0.6 Y -93.2]  pose.yaw(+off)  -3.2
raw[X  +2.0 Y +38.3 Z -94.1]  quat[R -38.3 P  -0.5 Y -93.2]  pose.yaw(+off)  -3.2
raw[X  +2.0 Y +38.3 Z -94.1]  quat[R -38.4 P  -0.5 Y -93.2]  pose.yaw(+off)  -3.2
raw[X  +2.0 Y +38.3 Z -94.1]  quat[R -38.4 P  -0.5 Y -93.2]  pose.yaw(+off)  -3.2
raw[X  +2.0 Y +38.3 Z -94.1]  quat[R -38.3 P  -0.5 Y -93.2]  pose.yaw(+off)  -3.2
raw[X  +2.0 Y +38.3 Z -94.0]  quat[R -38.3 P  -0.5 Y -93.2]  pose.yaw(+off)  -3.2
raw[X  +2.0 Y +38.3 Z -94.1]  quat[R -38.3 P  -0.5 Y -93.2]  pose.yaw(+off)  -3.2
raw[X  +2.0 Y +38.3 Z -94.1]  quat[R -38.3 P  -0.5 Y -93.2]  pose.yaw(+off)  -3.2
raw[X  +2.0 Y +38.3 Z -94.1]  quat[R -38.3 P  -0.5 Y -93.2]  pose.yaw(+off)  -3.2
raw[X  +2.0 Y +38.3 Z -94.1]  quat[R -38.3 P  -0.6 Y -93.2]  pose.yaw(+off)  -3.2
raw[X  +2.0 Y +38.3 Z -94.1]  quat[R -38.3 P  -0.5 Y -93.2]  pose.yaw(+off)  -3.2
raw[X  +2.0 Y +38.3 Z -94.1]  quat[R -38.4 P  -0.5 Y -93.2]  pose.yaw(+off)  -3.2
raw[X  +1.8 Y +38.3 Z -93.9]  quat[R -38.4 P  -0.6 Y -93.0]  pose.yaw(+off)  -3.0
raw[X  +2.1 Y +38.3 Z -94.1]  quat[R -38.3 P  -0.5 Y -93.2]  pose.yaw(+off)  -3.2
raw[X  +2.0 Y +38.3 Z -94.1]  quat[R -38.4 P  -0.5 Y -93.2]  pose.yaw(+off)  -3.2
raw[X  +2.0 Y +38.3 Z -94.1]  quat[R -38.4 P  -0.6 Y -93.2]  pose.yaw(+off)  -3.2
raw[X  +2.0 Y +38.3 Z -94.1]  quat[R -38.4 P  -0.5 Y -93.2]  pose.yaw(+off)  -3.2
raw[X  +2.0 Y +38.3 Z -94.1]  quat[R -38.3 P  -0.5 Y -93.2]  pose.yaw(+off)  -3.2
raw[X  +2.0 Y +38.3 Z -94.1]  quat[R -38.3 P  -0.5 Y -93.2]  pose.yaw(+off)  -3.2
raw[X  +2.0 Y +38.3 Z -94.1]  quat[R -38.4 P  -0.5 Y -93.2]  pose.yaw(+off)  -3.2
raw[X  +2.0 Y +38.3 Z -94.1]  quat[R -38.4 P  -0.5 Y -93.2]  pose.yaw(+off)  -3.2
raw[X  +2.1 Y +38.3 Z -94.1]  quat[R -38.3 P  -0.5 Y -93.2]  pose.yaw(+off)  -3.2
raw[X  +1.9 Y +38.3 Z -94.1]  quat[R -38.4 P  -0.6 Y -93.2]  pose.yaw(+off)  -3.2
raw[X  +2.0 Y +38.3 Z -94.1]  quat[R -38.3 P  -0.6 Y -93.2]  pose.yaw(+off)  -3.2
raw[X  +2.0 Y +38.3 Z -94.0]  quat[R -38.3 P  -0.5 Y -93.2]  pose.yaw(+off)  -3.2
raw[X  +2.1 Y +38.3 Z -94.1]  quat[R -38.4 P  -0.5 Y -93.2]  pose.yaw(+off)  -3.2
raw[X  +2.1 Y +38.3 Z -94.1]  quat[R -38.3 P  -0.4 Y -93.2]  pose.yaw(+off)  -3.2
raw[X  +2.0 Y +38.3 Z -94.1]  quat[R -38.3 P  -0.5 Y -93.2]  pose.yaw(+off)  -3.2
raw[X  +2.1 Y +38.3 Z -94.1]  quat[R -38.4 P  -0.5 Y -93.2]  pose.yaw(+off)  -3.2
raw[X  +2.0 Y +38.3 Z -94.1]  quat[R -38.3 P  -0.5 Y -93.2]  pose.yaw(+off)  -3.2
raw[X  +2.0 Y +38.3 Z -94.1]  quat[R -38.4 P  -0.5 Y -93.2]  pose.yaw(+off)  -3.2
raw[X  +2.1 Y +38.3 Z -94.1]  quat[R -38.4 P  -0.5 Y -93.3]  pose.yaw(+off)  -3.3
raw[X  +2.0 Y +38.3 Z -94.1]  quat[R -38.3 P  -0.5 Y -93.2]  pose.yaw(+off)  -3.2
raw[X  +2.0 Y +38.3 Z -94.1]  quat[R -38.4 P  -0.5 Y -93.2]  pose.yaw(+off)  -3.2
raw[X  +2.0 Y +38.3 Z -94.1]  quat[R -38.4 P  -0.5 Y -93.2]  pose.yaw(+off)  -3.2
raw[X  +2.0 Y +38.3 Z -94.1]  quat[R -38.4 P  -0.5 Y -93.2]  pose.yaw(+off)  -3.2
raw[X  +2.0 Y +38.3 Z -94.1]  quat[R -38.3 P  -0.5 Y -93.2]  pose.yaw(+off)  -3.2
raw[X  +2.0 Y +38.3 Z -94.1]  quat[R -38.4 P  -0.5 Y -93.2]  pose.yaw(+off)  -3.2
raw[X  +2.0 Y +38.3 Z -94.1]  quat[R -38.3 P  -0.6 Y -93.2]  pose.yaw(+off)  -3.2
raw[X  +2.0 Y +38.3 Z -94.1]  quat[R -38.3 P  -0.5 Y -93.2]  pose.yaw(+off)  -3.2
raw[X  +2.0 Y +38.3 Z -94.1]  quat[R -38.4 P  -0.6 Y -93.2]  pose.yaw(+off)  -3.2
raw[X  +2.0 Y +38.3 Z -94.1]  quat[R -38.4 P  -0.5 Y -93.2]  pose.yaw(+off)  -3.2
raw[X  +2.0 Y +38.2 Z -94.1]  quat[R -38.3 P  -0.5 Y -93.2]  pose.yaw(+off)  -3.2
raw[X  +2.0 Y +38.3 Z -94.1]  quat[R -38.3 P  -0.6 Y -93.2]  pose.yaw(+off)  -3.2
raw[X  +2.0 Y +38.3 Z -94.0]  quat[R -38.3 P  -0.6 Y -93.2]  pose.yaw(+off)  -3.2
raw[X  +2.0 Y +38.3 Z -94.1]  quat[R -38.4 P  -0.5 Y -93.2]  pose.yaw(+off)  -3.2
raw[X  +1.9 Y +38.3 Z -94.1]  quat[R -38.4 P  -0.6 Y -93.2]  pose.yaw(+off)  -3.2
raw[X  +2.0 Y +38.3 Z -94.1]  quat[R -38.3 P  -0.6 Y -93.2]  pose.yaw(+off)  -3.2
raw[X  +2.0 Y +38.3 Z -94.1]  quat[R -38.4 P  -0.6 Y -93.2]  pose.yaw(+off)  -3.2
raw[X  +2.1 Y +38.3 Z -94.1]  quat[R -38.4 P  -0.5 Y -93.2]  pose.yaw(+off)  -3.2
raw[X  +2.0 Y +38.3 Z -94.1]  quat[R -38.4 P  -0.5 Y -93.2]  pose.yaw(+off)  -3.2
raw[X  +2.0 Y +38.3 Z -94.1]  quat[R -38.3 P  -0.6 Y -93.2]  pose.yaw(+off)  -3.2
raw[X  +2.0 Y +38.3 Z -94.1]  quat[R -38.3 P  -0.5 Y -93.2]  pose.yaw(+off)  -3.2
raw[X  +2.0 Y +38.3 Z -94.1]  quat[R -38.4 P  -0.5 Y -93.2]  pose.yaw(+off)  -3.2
raw[X  +2.0 Y +38.3 Z -94.1]  quat[R -38.3 P  -0.5 Y -93.2]  pose.yaw(+off)  -3.2
raw[X  +2.0 Y +38.3 Z -94.1]  quat[R -38.3 P  -0.5 Y -93.2]  pose.yaw(+off)  -3.2
raw[X  +2.0 Y +38.3 Z -94.1]  quat[R -38.4 P  -0.5 Y -93.2]  pose.yaw(+off)  -3.2
raw[X  +2.0 Y +38.3 Z -94.1]  quat[R -38.3 P  -0.5 Y -93.2]  pose.yaw(+off)  -3.2
raw[X  +2.0 Y +38.3 Z -94.1]  quat[R -38.3 P  -0.5 Y -93.2]  pose.yaw(+off)  -3.2
raw[X  +1.9 Y +38.3 Z -94.1]  quat[R -38.3 P  -0.6 Y -93.2]  pose.yaw(+off)  -3.2
raw[X  +2.0 Y +38.2 Z -94.1]  quat[R -38.3 P  -0.5 Y -93.2]  pose.yaw(+off)  -3.2
raw[X  +2.0 Y +38.3 Z -94.1]  quat[R -38.4 P  -0.5 Y -93.2]  pose.yaw(+off)  -3.2
raw[X  +2.0 Y +38.3 Z -94.0]  quat[R -38.4 P  -0.5 Y -93.2]  pose.yaw(+off)  -3.2
raw[X  +2.0 Y +38.3 Z -94.1]  quat[R -38.3 P  -0.5 Y -93.2]  pose.yaw(+off)  -3.2
raw[X  +2.0 Y +38.3 Z -94.1]  quat[R -38.3 P  -0.5 Y -93.2]  pose.yaw(+off)  -3.2
raw[X  +2.1 Y +38.3 Z -94.1]  quat[R -38.3 P  -0.5 Y -93.2]  pose.yaw(+off)  -3.2
raw[X  +2.0 Y +38.3 Z -94.1]  quat[R -38.3 P  -0.6 Y -93.2]  pose.yaw(+off)  -3.2
raw[X  +2.0 Y +38.3 Z -94.1]  quat[R -38.4 P  -0.6 Y -93.2]  pose.yaw(+off)  -3.2
raw[X  +2.0 Y +38.3 Z -94.1]  quat[R -38.3 P  -0.5 Y -93.2]  pose.yaw(+off)  -3.2
raw[X  +2.1 Y +38.3 Z -94.1]  quat[R -38.4 P  -0.5 Y -93.2]  pose.yaw(+off)  -3.2
raw[X  +2.0 Y +38.3 Z -94.1]  quat[R -38.4 P  -0.5 Y -93.2]  pose.yaw(+off)  -3.2
raw[X  +2.1 Y +38.3 Z -94.1]  quat[R -38.3 P  -0.5 Y -93.2]  pose.yaw(+off)  -3.2
raw[X  +2.1 Y +38.3 Z -94.2]  quat[R -38.4 P  -0.5 Y -93.3]  pose.yaw(+off)  -3.3
raw[X  +2.0 Y +38.3 Z -94.1]  quat[R -38.3 P  -0.5 Y -93.2]  pose.yaw(+off)  -3.2
raw[X  +2.0 Y +38.3 Z -94.1]  quat[R -38.3 P  -0.5 Y -93.2]  pose.yaw(+off)  -3.2
raw[X  +2.0 Y +38.3 Z -94.1]  quat[R -38.4 P  -0.6 Y -93.2]  pose.yaw(+off)  -3.2
raw[X  +2.0 Y +38.3 Z -94.1]  quat[R -38.3 P  -0.5 Y -93.2]  pose.yaw(+off)  -3.2
raw[X  +2.0 Y +38.3 Z -94.1]  quat[R -38.4 P  -0.6 Y -93.2]  pose.yaw(+off)  -3.2
raw[X  +2.0 Y +38.3 Z -94.1]  quat[R -38.3 P  -0.5 Y -93.2]  pose.yaw(+off)  -3.2
raw[X  +2.1 Y +38.3 Z -94.1]  quat[R -38.4 P  -0.5 Y -93.2]  pose.yaw(+off)  -3.2
raw[X  +2.0 Y +38.3 Z -94.1]  quat[R -38.4 P  -0.5 Y -93.2]  pose.yaw(+off)  -3.2
raw[X  +2.0 Y +38.3 Z -94.1]  quat[R -38.3 P  -0.5 Y -93.2]  pose.yaw(+off)  -3.2
raw[X  +2.0 Y +38.3 Z -94.1]  quat[R -38.3 P  -0.5 Y -93.2]  pose.yaw(+off)  -3.2
raw[X  +2.1 Y +38.3 Z -94.1]  quat[R -38.4 P  -0.5 Y -93.2]  pose.yaw(+off)  -3.2
raw[X  +2.1 Y +38.3 Z -94.0]  quat[R -38.4 P  -0.4 Y -93.1]  pose.yaw(+off)  -3.1
raw[X  +2.0 Y +38.3 Z -94.1]  quat[R -38.4 P  -0.5 Y -93.2]  pose.yaw(+off)  -3.2
raw[X  +2.1 Y +38.3 Z -94.1]  quat[R -38.3 P  -0.5 Y -93.2]  pose.yaw(+off)  -3.2
raw[X  +2.0 Y +38.3 Z -94.1]  quat[R -38.3 P  -0.5 Y -93.2]  pose.yaw(+off)  -3.2
raw[X  +2.0 Y +38.3 Z -94.1]  quat[R -38.4 P  -0.6 Y -93.2]  pose.yaw(+off)  -3.2
raw[X  +2.0 Y +38.3 Z -94.1]  quat[R -38.3 P  -0.5 Y -93.2]  pose.yaw(+off)  -3.2
raw[X  +2.0 Y +38.3 Z -94.1]  quat[R -38.4 P  -0.6 Y -93.2]  pose.yaw(+off)  -3.2
raw[X  +2.0 Y +38.3 Z -94.1]  quat[R -38.4 P  -0.5 Y -93.2]  pose.yaw(+off)  -3.2
raw[X  +2.0 Y +38.3 Z -94.1]  quat[R -38.3 P  -0.5 Y -93.2]  pose.yaw(+off)  -3.2
raw[X  +2.1 Y +38.4 Z -94.2]  quat[R -38.4 P  -0.5 Y -93.3]  pose.yaw(+off)  -3.3
raw[X  +2.1 Y +38.3 Z -94.1]  quat[R -38.3 P  -0.4 Y -93.2]  pose.yaw(+off)  -3.2
raw[X  +2.1 Y +38.3 Z -94.1]  quat[R -38.3 P  -0.5 Y -93.2]  pose.yaw(+off)  -3.2
raw[X  +2.0 Y +38.3 Z -94.1]  quat[R -38.4 P  -0.5 Y -93.2]  pose.yaw(+off)  -3.2
raw[X  +2.0 Y +38.3 Z -94.1]  quat[R -38.3 P  -0.5 Y -93.2]  pose.yaw(+off)  -3.2
raw[X  +2.0 Y +38.3 Z -94.0]  quat[R -38.4 P  -0.6 Y -93.2]  pose.yaw(+off)  -3.2
raw[X  +2.0 Y +38.3 Z -94.1]  quat[R -38.3 P  -0.5 Y -93.2]  pose.yaw(+off)  -3.2
raw[X  +2.0 Y +38.3 Z -94.1]  quat[R -38.3 P  -0.5 Y -93.2]  pose.yaw(+off)  -3.2
raw[X  +2.1 Y +38.4 Z -94.2]  quat[R -38.4 P  -0.5 Y -93.3]  pose.yaw(+off)  -3.3
raw[X  +2.0 Y +38.3 Z -94.1]  quat[R -38.3 P  -0.5 Y -93.2]  pose.yaw(+off)  -3.2
raw[X  +2.0 Y +38.3 Z -94.1]  quat[R -38.3 P  -0.5 Y -93.2]  pose.yaw(+off)  -3.2
raw[X  +2.1 Y +38.3 Z -94.1]  quat[R -38.4 P  -0.5 Y -93.2]  pose.yaw(+off)  -3.2
raw[X  +1.9 Y +38.2 Z -94.1]  quat[R -38.3 P  -0.6 Y -93.2]  pose.yaw(+off)  -3.2
raw[X  +2.0 Y +38.3 Z -94.1]  quat[R -38.4 P  -0.6 Y -93.2]  pose.yaw(+off)  -3.2
raw[X  +2.0 Y +38.3 Z -94.1]  quat[R -38.3 P  -0.5 Y -93.2]  pose.yaw(+off)  -3.2
raw[X  +2.1 Y +38.3 Z -94.1]  quat[R -38.4 P  -0.5 Y -93.2]  pose.yaw(+off)  -3.2
raw[X  +2.1 Y +38.4 Z -94.1]  quat[R -38.4 P  -0.5 Y -93.2]  pose.yaw(+off)  -3.2
raw[X  +2.0 Y +38.3 Z -94.1]  quat[R -38.3 P  -0.5 Y -93.2]  pose.yaw(+off)  -3.2
raw[X  +2.0 Y +38.3 Z -94.1]  quat[R -38.4 P  -0.6 Y -93.2]  pose.yaw(+off)  -3.2
raw[X  +2.1 Y +38.3 Z -94.1]  quat[R -38.3 P  -0.5 Y -93.2]  pose.yaw(+off)  -3.2
raw[X  +2.0 Y +38.3 Z -94.1]  quat[R -38.3 P  -0.5 Y -93.2]  pose.yaw(+off)  -3.2
raw[X  +2.0 Y +38.3 Z -94.1]  quat[R -38.4 P  -0.5 Y -93.2]  pose.yaw(+off)  -3.2
raw[X  +2.0 Y +38.3 Z -94.1]  quat[R -38.3 P  -0.5 Y -93.2]  pose.yaw(+off)  -3.2
raw[X  +2.0 Y +38.3 Z -94.1]  quat[R -38.3 P  -0.5 Y -93.2]  pose.yaw(+off)  -3.2
raw[X  +2.0 Y +38.3 Z -94.1]  quat[R -38.4 P  -0.5 Y -93.2]  pose.yaw(+off)  -3.2
raw[X  +2.0 Y +38.3 Z -94.1]  quat[R -38.3 P  -0.5 Y -93.2]  pose.yaw(+off)  -3.2
raw[X  +2.0 Y +38.3 Z -94.1]  quat[R -38.4 P  -0.6 Y -93.2]  pose.yaw(+off)  -3.2
raw[X  +2.0 Y +38.3 Z -94.1]  quat[R -38.3 P  -0.5 Y -93.2]  pose.yaw(+off)  -3.2
raw[X  +2.0 Y +38.3 Z -94.0]  quat[R -38.3 P  -0.5 Y -93.2]  pose.yaw(+off)  -3.2
raw[X  +2.0 Y +38.3 Z -94.1]  quat[R -38.3 P  -0.5 Y -93.2]  pose.yaw(+off)  -3.2
raw[X  +2.0 Y +38.3 Z -94.1]  quat[R -38.4 P  -0.5 Y -93.2]  pose.yaw(+off)  -3.2
raw[X  +2.0 Y +38.3 Z -94.1]  quat[R -38.3 P  -0.6 Y -93.2]  pose.yaw(+off)  -3.2
raw[X  +2.0 Y +38.3 Z -94.1]  quat[R -38.3 P  -0.5 Y -93.2]  pose.yaw(+off)  -3.2
raw[X  +2.0 Y +38.3 Z -94.1]  quat[R -38.3 P  -0.5 Y -93.2]  pose.yaw(+off)  -3.2
raw[X  +2.0 Y +38.3 Z -94.1]  quat[R -38.4 P  -0.5 Y -93.2]  pose.yaw(+off)  -3.2
raw[X  +2.0 Y +38.3 Z -94.1]  quat[R -38.3 P  -0.5 Y -93.2]  pose.yaw(+off)  -3.2
raw[X  +2.0 Y +38.3 Z -94.1]  quat[R -38.4 P  -0.5 Y -93.2]  pose.yaw(+off)  -3.2
raw[X  +2.0 Y +38.3 Z -94.1]  quat[R -38.4 P  -0.5 Y -93.2]  pose.yaw(+off)  -3.2
raw[X  +2.0 Y +38.3 Z -94.1]  quat[R -38.4 P  -0.5 Y -93.2]  pose.yaw(+off)  -3.2
raw[X  +2.0 Y +38.3 Z -94.1]  quat[R -38.3 P  -0.5 Y -93.2]  pose.yaw(+off)  -3.2
raw[X  +2.0 Y +38.3 Z -94.1]  quat[R -38.3 P  -0.5 Y -93.2]  pose.yaw(+off)  -3.2
raw[X  +2.0 Y +38.3 Z -94.1]  quat[R -38.3 P  -0.6 Y -93.2]  pose.yaw(+off)  -3.2
raw[X  +2.1 Y +38.3 Z -94.1]  quat[R -38.4 P  -0.4 Y -93.2]  pose.yaw(+off)  -3.2
raw[X  +2.0 Y +38.3 Z -94.1]  quat[R -38.3 P  -0.5 Y -93.2]  pose.yaw(+off)  -3.2
raw[X  +2.0 Y +38.3 Z -94.1]  quat[R -38.4 P  -0.5 Y -93.2]  pose.yaw(+off)  -3.2
raw[X  +2.0 Y +38.3 Z -94.1]  quat[R -38.3 P  -0.6 Y -93.2]  pose.yaw(+off)  -3.2
raw[X  +2.0 Y +38.3 Z -94.1]  quat[R -38.4 P  -0.5 Y -93.2]  pose.yaw(+off)  -3.2
raw[X  +2.0 Y +38.3 Z -94.1]  quat[R -38.4 P  -0.5 Y -93.2]  pose.yaw(+off)  -3.2
raw[X  +2.1 Y +38.3 Z -94.1]  quat[R -38.3 P  -0.5 Y -93.2]  pose.yaw(+off)  -3.2
raw[X  +2.1 Y +38.3 Z -94.1]  quat[R -38.4 P  -0.5 Y -93.2]  pose.yaw(+off)  -3.2
raw[X  +2.1 Y +38.3 Z -94.1]  quat[R -38.4 P  -0.5 Y -93.2]  pose.yaw(+off)  -3.2
raw[X  +2.0 Y +38.3 Z -94.1]  quat[R -38.4 P  -0.6 Y -93.2]  pose.yaw(+off)  -3.2
raw[X  +1.9 Y +38.3 Z -94.0]  quat[R -38.4 P  -0.6 Y -93.2]  pose.yaw(+off)  -3.2
raw[X  +2.0 Y +38.3 Z -94.1]  quat[R -38.3 P  -0.5 Y -93.2]  pose.yaw(+off)  -3.2
raw[X  +2.1 Y +38.3 Z -94.1]  quat[R -38.4 P  -0.5 Y -93.2]  pose.yaw(+off)  -3.2
raw[X  +1.8 Y +38.4 Z -93.9]  quat[R -38.4 P  -0.6 Y -93.0]  pose.yaw(+off)  -3.0
raw[X  +2.0 Y +38.3 Z -94.1]  quat[R -38.3 P  -0.6 Y -93.2]  pose.yaw(+off)  -3.2
raw[X  +1.9 Y +38.3 Z -94.1]  quat[R -38.4 P  -0.6 Y -93.2]  pose.yaw(+off)  -3.2
raw[X  +2.0 Y +38.2 Z -94.1]  quat[R -38.3 P  -0.5 Y -93.2]  pose.yaw(+off)  -3.2
raw[X  +2.0 Y +38.3 Z -94.1]  quat[R -38.3 P  -0.5 Y -93.2]  pose.yaw(+off)  -3.2
raw[X  +2.0 Y +38.3 Z -94.1]  quat[R -38.3 P  -0.6 Y -93.2]  pose.yaw(+off)  -3.2
raw[X  +2.0 Y +38.3 Z -94.1]  quat[R -38.3 P  -0.5 Y -93.2]  pose.yaw(+off)  -3.2
raw[X  +2.1 Y +38.3 Z -94.1]  quat[R -38.4 P  -0.5 Y -93.2]  pose.yaw(+off)  -3.2
raw[X  +2.0 Y +38.3 Z -94.1]  quat[R -38.4 P  -0.5 Y -93.2]  pose.yaw(+off)  -3.2
raw[X  +2.0 Y +38.3 Z -94.1]  quat[R -38.4 P  -0.5 Y -93.2]  pose.yaw(+off)  -3.2
raw[X  +2.0 Y +38.3 Z -94.1]  quat[R -38.4 P  -0.6 Y -93.2]  pose.yaw(+off)  -3.2
raw[X  +2.0 Y +38.3 Z -94.1]  quat[R -38.3 P  -0.5 Y -93.2]  pose.yaw(+off)  -3.2
raw[X  +2.0 Y +38.3 Z -94.0]  quat[R -38.4 P  -0.5 Y -93.2]  pose.yaw(+off)  -3.2
raw[X  +2.0 Y +38.3 Z -94.1]  quat[R -38.3 P  -0.5 Y -93.2]  pose.yaw(+off)  -3.2
raw[X  +2.0 Y +38.3 Z -94.1]  quat[R -38.4 P  -0.5 Y -93.2]  pose.yaw(+off)  -3.2
raw[X  +2.0 Y +38.3 Z -94.1]  quat[R -38.4 P  -0.5 Y -93.2]  pose.yaw(+off)  -3.2
raw[X  +2.1 Y +38.3 Z -94.1]  quat[R -38.3 P  -0.5 Y -93.2]  pose.yaw(+off)  -3.2
raw[X  +2.0 Y +38.3 Z -94.1]  quat[R -38.4 P  -0.5 Y -93.2]  pose.yaw(+off)  -3.2
raw[X  +2.0 Y +38.3 Z -94.1]  quat[R -38.4 P  -0.5 Y -93.2]  pose.yaw(+off)  -3.2
raw[X  +2.0 Y +38.3 Z -94.1]  quat[R -38.3 P  -0.5 Y -93.2]  pose.yaw(+off)  -3.2
raw[X  +2.0 Y +38.3 Z -94.1]  quat[R -38.3 P  -0.6 Y -93.2]  pose.yaw(+off)  -3.2
raw[X  +2.0 Y +38.3 Z -94.1]  quat[R -38.4 P  -0.5 Y -93.2]  pose.yaw(+off)  -3.2
raw[X  +2.0 Y +38.3 Z -94.1]  quat[R -38.3 P  -0.5 Y -93.2]  pose.yaw(+off)  -3.2
raw[X  +2.0 Y +38.3 Z -94.1]  quat[R -38.3 P  -0.5 Y -93.2]  pose.yaw(+off)  -3.2
raw[X  +2.1 Y +38.3 Z -94.1]  quat[R -38.3 P  -0.5 Y -93.2]  pose.yaw(+off)  -3.2
raw[X  +2.0 Y +38.3 Z -94.1]  quat[R -38.4 P  -0.5 Y -93.2]  pose.yaw(+off)  -3.2
raw[X  +1.9 Y +38.3 Z -94.0]  quat[R -38.3 P  -0.6 Y -93.2]  pose.yaw(+off)  -3.2
raw[X  +1.9 Y +38.3 Z -94.1]  quat[R -38.3 P  -0.6 Y -93.2]  pose.yaw(+off)  -3.2
raw[X  +2.0 Y +38.3 Z -94.1]  quat[R -38.3 P  -0.6 Y -93.2]  pose.yaw(+off)  -3.2
raw[X  +2.0 Y +38.3 Z -94.1]  quat[R -38.4 P  -0.5 Y -93.2]  pose.yaw(+off)  -3.2
raw[X  +2.0 Y +38.3 Z -94.1]  quat[R -38.4 P  -0.5 Y -93.2]  pose.yaw(+off)  -3.2
raw[X  +2.0 Y +38.3 Z -94.1]  quat[R -38.4 P  -0.6 Y -93.2]  pose.yaw(+off)  -3.2
raw[X  +2.0 Y +38.3 Z -94.1]  quat[R -38.4 P  -0.5 Y -93.2]  pose.yaw(+off)  -3.2
raw[X  +2.0 Y +38.3 Z -94.1]  quat[R -38.3 P  -0.5 Y -93.2]  pose.yaw(+off)  -3.2
raw[X  +2.0 Y +38.3 Z -94.1]  quat[R -38.3 P  -0.5 Y -93.2]  pose.yaw(+off)  -3.2
raw[X  +2.0 Y +38.3 Z -94.1]  quat[R -38.3 P  -0.5 Y -93.2]  pose.yaw(+off)  -3.2
raw[X  +2.0 Y +38.3 Z -94.1]  quat[R -38.4 P  -0.6 Y -93.2]  pose.yaw(+off)  -3.2
raw[X  +2.0 Y +38.3 Z -94.1]  quat[R -38.3 P  -0.5 Y -93.2]  pose.yaw(+off)  -3.2
raw[X  +2.1 Y +38.3 Z -94.1]  quat[R -38.4 P  -0.5 Y -93.3]  pose.yaw(+off)  -3.3
raw[X  +2.1 Y +38.3 Z -94.1]  quat[R -38.3 P  -0.5 Y -93.2]  pose.yaw(+off)  -3.2
raw[X  +2.0 Y +38.3 Z -94.1]  quat[R -38.3 P  -0.5 Y -93.2]  pose.yaw(+off)  -3.2
raw[X  +2.0 Y +38.3 Z -94.1]  quat[R -38.4 P  -0.5 Y -93.2]  pose.yaw(+off)  -3.2
raw[X  +2.0 Y +38.3 Z -94.1]  quat[R -38.3 P  -0.5 Y -93.2]  pose.yaw(+off)  -3.2
raw[X  +2.0 Y +38.3 Z -94.1]  quat[R -38.3 P  -0.5 Y -93.2]  pose.yaw(+off)  -3.2
raw[X  +2.0 Y +38.3 Z -94.1]  quat[R -38.4 P  -0.5 Y -93.2]  pose.yaw(+off)  -3.2
raw[X  +2.1 Y +38.3 Z -94.1]  quat[R -38.3 P  -0.5 Y -93.2]  pose.yaw(+off)  -3.2
raw[X  +2.0 Y +38.3 Z -94.1]  quat[R -38.4 P  -0.5 Y -93.2]  pose.yaw(+off)  -3.2
raw[X  +2.1 Y +38.3 Z -94.2]  quat[R -38.4 P  -0.5 Y -93.3]  pose.yaw(+off)  -3.3
raw[X  +2.0 Y +38.3 Z -94.1]  quat[R -38.3 P  -0.6 Y -93.2]  pose.yaw(+off)  -3.2
raw[X  +2.0 Y +38.3 Z -94.1]  quat[R -38.3 P  -0.5 Y -93.2]  pose.yaw(+off)  -3.2
raw[X  +2.0 Y +38.3 Z -94.1]  quat[R -38.4 P  -0.5 Y -93.2]  pose.yaw(+off)  -3.2
raw[X  +2.0 Y +38.3 Z -94.1]  quat[R -38.3 P  -0.6 Y -93.2]  pose.yaw(+off)  -3.2
raw[X  +2.0 Y +38.3 Z -94.1]  quat[R -38.4 P  -0.5 Y -93.2]  pose.yaw(+off)  -3.2
raw[X  +2.1 Y +38.3 Z -94.1]  quat[R -38.3 P  -0.5 Y -93.2]  pose.yaw(+off)  -3.2
raw[X  +2.0 Y +38.3 Z -94.1]  quat[R -38.3 P  -0.5 Y -93.2]  pose.yaw(+off)  -3.2
raw[X  +2.0 Y +38.3 Z -94.1]  quat[R -38.4 P  -0.6 Y -93.2]  pose.yaw(+off)  -3.2
raw[X  +2.0 Y +38.3 Z -94.1]  quat[R -38.3 P  -0.5 Y -93.2]  pose.yaw(+off)  -3.2
raw[X  +2.1 Y +38.3 Z -94.1]  quat[R -38.4 P  -0.5 Y -93.2]  pose.yaw(+off)  -3.2
raw[X  +2.0 Y +38.3 Z -94.1]  quat[R -38.3 P  -0.5 Y -93.2]  pose.yaw(+off)  -3.2
raw[X  +2.0 Y +38.3 Z -94.1]  quat[R -38.4 P  -0.5 Y -93.2]  pose.yaw(+off)  -3.2
raw[X  +2.0 Y +38.3 Z -94.0]  quat[R -38.4 P  -0.5 Y -93.2]  pose.yaw(+off)  -3.2
raw[X  +2.1 Y +38.3 Z -94.1]  quat[R -38.3 P  -0.5 Y -93.2]  pose.yaw(+off)  -3.2
raw[X  +2.0 Y +38.3 Z -94.1]  quat[R -38.4 P  -0.6 Y -93.2]  pose.yaw(+off)  -3.2
raw[X  +2.0 Y +38.3 Z -94.1]  quat[R -38.4 P  -0.5 Y -93.2]  pose.yaw(+off)  -3.2
raw[X  +2.1 Y +38.3 Z -94.1]  quat[R -38.3 P  -0.5 Y -93.2]  pose.yaw(+off)  -3.2
raw[X  +2.1 Y +38.3 Z -94.1]  quat[R -38.4 P  -0.5 Y -93.3]  pose.yaw(+off)  -3.3
raw[X  +2.0 Y +38.3 Z -94.1]  quat[R -38.3 P  -0.5 Y -93.2]  pose.yaw(+off)  -3.2
raw[X  +2.0 Y +38.3 Z -94.1]  quat[R -38.3 P  -0.6 Y -93.2]  pose.yaw(+off)  -3.2
raw[X  +2.1 Y +38.3 Z -94.1]  quat[R -38.4 P  -0.5 Y -93.2]  pose.yaw(+off)  -3.2
raw[X  +2.0 Y +38.3 Z -94.1]  quat[R -38.3 P  -0.5 Y -93.2]  pose.yaw(+off)  -3.2
raw[X  +2.0 Y +38.3 Z -94.1]  quat[R -38.4 P  -0.6 Y -93.2]  pose.yaw(+off)  -3.2
raw[X  +2.0 Y +38.3 Z -94.1]  quat[R -38.4 P  -0.5 Y -93.2]  pose.yaw(+off)  -3.2
raw[X  +2.0 Y +38.3 Z -94.1]  quat[R -38.3 P  -0.6 Y -93.2]  pose.yaw(+off)  -3.2
raw[X  +2.0 Y +38.3 Z -94.1]  quat[R -38.4 P  -0.5 Y -93.2]  pose.yaw(+off)  -3.2
raw[X  +2.0 Y +38.3 Z -94.1]  quat[R -38.4 P  -0.5 Y -93.2]  pose.yaw(+off)  -3.2
raw[X  +2.0 Y +38.3 Z -94.1]  quat[R -38.4 P  -0.5 Y -93.2]  pose.yaw(+off)  -3.2
raw[X  +2.0 Y +38.3 Z -94.1]  quat[R -38.4 P  -0.5 Y -93.2]  pose.yaw(+off)  -3.2
raw[X  +2.0 Y +38.3 Z -94.1]  quat[R -38.4 P  -0.5 Y -93.2]  pose.yaw(+off)  -3.2
raw[X  +2.0 Y +38.3 Z -94.1]  quat[R -38.4 P  -0.5 Y -93.2]  pose.yaw(+off)  -3.2
raw[X  +2.0 Y +38.3 Z -94.1]  quat[R -38.4 P  -0.5 Y -93.2]  pose.yaw(+off)  -3.2
raw[X  +2.0 Y +38.3 Z -94.1]  quat[R -38.3 P  -0.5 Y -93.2]  pose.yaw(+off)  -3.2
raw[X  +1.9 Y +38.3 Z -94.1]  quat[R -38.3 P  -0.6 Y -93.2]  pose.yaw(+off)  -3.2
raw[X  +2.0 Y +38.3 Z -94.1]  quat[R -38.3 P  -0.5 Y -93.2]  pose.yaw(+off)  -3.2
raw[X  +2.1 Y +38.3 Z -94.1]  quat[R -38.3 P  -0.5 Y -93.2]  pose.yaw(+off)  -3.2
raw[X  +2.1 Y +38.3 Z -94.1]  quat[R -38.4 P  -0.5 Y -93.2]  pose.yaw(+off)  -3.2
raw[X  +2.0 Y +38.3 Z -94.1]  quat[R -38.3 P  -0.5 Y -93.2]  pose.yaw(+off)  -3.2
raw[X  +1.9 Y +38.3 Z -94.0]  quat[R -38.3 P  -0.5 Y -93.2]  pose.yaw(+off)  -3.2
raw[X  +2.0 Y +38.3 Z -94.1]  quat[R -38.3 P  -0.5 Y -93.2]  pose.yaw(+off)  -3.2
raw[X  +2.0 Y +38.3 Z -94.1]  quat[R -38.3 P  -0.5 Y -93.2]  pose.yaw(+off)  -3.2
raw[X  +2.0 Y +38.3 Z -94.1]  quat[R -38.4 P  -0.5 Y -93.2]  pose.yaw(+off)  -3.2
raw[X  +2.0 Y +38.3 Z -94.1]  quat[R -38.4 P  -0.5 Y -93.2]  pose.yaw(+off)  -3.2
raw[X  +2.0 Y +38.3 Z -94.1]  quat[R -38.4 P  -0.5 Y -93.2]  pose.yaw(+off)  -3.2
raw[X  +2.0 Y +38.3 Z -94.1]  quat[R -38.3 P  -0.5 Y -93.2]  pose.yaw(+off)  -3.2
raw[X  +1.9 Y +38.3 Z -94.1]  quat[R -38.4 P  -0.6 Y -93.2]  pose.yaw(+off)  -3.2
raw[X  +2.0 Y +38.3 Z -94.1]  quat[R -38.4 P  -0.6 Y -93.2]  pose.yaw(+off)  -3.2
raw[X  +2.0 Y +38.3 Z -94.1]  quat[R -38.4 P  -0.5 Y -93.2]  pose.yaw(+off)  -3.2
raw[X  +2.0 Y +38.3 Z -94.1]  quat[R -38.3 P  -0.6 Y -93.2]  pose.yaw(+off)  -3.2
raw[X  +2.1 Y +38.4 Z -94.1]  quat[R -38.4 P  -0.5 Y -93.2]  pose.yaw(+off)  -3.2
raw[X  +2.0 Y +38.3 Z -94.1]  quat[R -38.3 P  -0.5 Y -93.2]  pose.yaw(+off)  -3.2
raw[X  +2.0 Y +38.3 Z -94.1]  quat[R -38.4 P  -0.5 Y -93.2]  pose.yaw(+off)  -3.2
raw[X  +2.0 Y +38.3 Z -94.1]  quat[R -38.3 P  -0.6 Y -93.2]  pose.yaw(+off)  -3.2
raw[X  +2.0 Y +38.3 Z -94.1]  quat[R -38.4 P  -0.5 Y -93.2]  pose.yaw(+off)  -3.2
raw[X  +2.0 Y +38.3 Z -94.1]  quat[R -38.4 P  -0.5 Y -93.2]  pose.yaw(+off)  -3.2
raw[X  +2.1 Y +38.3 Z -94.1]  quat[R -38.3 P  -0.5 Y -93.2]  pose.yaw(+off)  -3.2
raw[X  +2.0 Y +38.3 Z -94.1]  quat[R -38.3 P  -0.5 Y -93.2]  pose.yaw(+off)  -3.2
raw[X  +2.0 Y +38.3 Z -94.1]  quat[R -38.4 P  -0.5 Y -93.2]  pose.yaw(+off)  -3.2
raw[X  +2.0 Y +38.3 Z -94.1]  quat[R -38.3 P  -0.5 Y -93.2]  pose.yaw(+off)  -3.2
raw[X  +2.0 Y +38.3 Z -94.1]  quat[R -38.3 P  -0.6 Y -93.2]  pose.yaw(+off)  -3.2
raw[X  +1.9 Y +38.3 Z -94.1]  quat[R -38.3 P  -0.6 Y -93.2]  pose.yaw(+off)  -3.2
raw[X  +2.0 Y +38.3 Z -94.1]  quat[R -38.4 P  -0.6 Y -93.2]  pose.yaw(+off)  -3.2
raw[X  +2.1 Y +38.3 Z -94.1]  quat[R -38.4 P  -0.5 Y -93.2]  pose.yaw(+off)  -3.2
raw[X  +2.0 Y +38.3 Z -94.1]  quat[R -38.3 P  -0.5 Y -93.2]  pose.yaw(+off)  -3.2
raw[X  +2.0 Y +38.3 Z -94.1]  quat[R -38.4 P  -0.5 Y -93.2]  pose.yaw(+off)  -3.2
raw[X  +1.9 Y +38.3 Z -94.1]  quat[R -38.4 P  -0.6 Y -93.2]  pose.yaw(+off)  -3.2
raw[X  +2.0 Y +38.3 Z -94.1]  quat[R -38.3 P  -0.5 Y -93.2]  pose.yaw(+off)  -3.2
raw[X  +1.9 Y +38.3 Z -94.0]  quat[R -38.4 P  -0.6 Y -93.2]  pose.yaw(+off)  -3.2
raw[X  +2.1 Y +38.3 Z -94.1]  quat[R -38.4 P  -0.5 Y -93.2]  pose.yaw(+off)  -3.2
raw[X  +2.0 Y +38.3 Z -94.1]  quat[R -38.3 P  -0.5 Y -93.2]  pose.yaw(+off)  -3.2
raw[X  +2.1 Y +38.3 Z -94.2]  quat[R -38.4 P  -0.5 Y -93.3]  pose.yaw(+off)  -3.3
raw[X  +2.1 Y +38.3 Z -94.1]  quat[R -38.4 P  -0.5 Y -93.2]  pose.yaw(+off)  -3.2
raw[X  +2.0 Y +38.3 Z -94.1]  quat[R -38.3 P  -0.5 Y -93.2]  pose.yaw(+off)  -3.2
raw[X  +2.0 Y +38.3 Z -94.1]  quat[R -38.3 P  -0.5 Y -93.2]  pose.yaw(+off)  -3.2
raw[X  +2.0 Y +38.2 Z -94.1]  quat[R -38.3 P  -0.5 Y -93.2]  pose.yaw(+off)  -3.2
raw[X  +1.9 Y +38.3 Z -94.1]  quat[R -38.4 P  -0.6 Y -93.2]  pose.yaw(+off)  -3.2
raw[X  +2.0 Y +38.3 Z -94.1]  quat[R -38.4 P  -0.5 Y -93.2]  pose.yaw(+off)  -3.2
raw[X  +2.0 Y +38.3 Z -94.1]  quat[R -38.3 P  -0.5 Y -93.2]  pose.yaw(+off)  -3.2
raw[X  +2.0 Y +38.3 Z -94.1]  quat[R -38.3 P  -0.5 Y -93.2]  pose.yaw(+off)  -3.2
raw[X  +2.0 Y +38.3 Z -94.1]  quat[R -38.4 P  -0.5 Y -93.2]  pose.yaw(+off)  -3.2
raw[X  +1.9 Y +38.3 Z -94.1]  quat[R -38.3 P  -0.6 Y -93.2]  pose.yaw(+off)  -3.2
raw[X  +2.0 Y +38.3 Z -94.0]  quat[R -38.4 P  -0.5 Y -93.2]  pose.yaw(+off)  -3.2
raw[X  +2.0 Y +38.3 Z -94.1]  quat[R -38.4 P  -0.5 Y -93.2]  pose.yaw(+off)  -3.2
raw[X  +2.0 Y +38.3 Z -94.1]  quat[R -38.4 P  -0.5 Y -93.2]  pose.yaw(+off)  -3.2
raw[X  +2.0 Y +38.3 Z -94.1]  quat[R -38.3 P  -0.5 Y -93.2]  pose.yaw(+off)  -3.2
raw[X  +2.1 Y +38.3 Z -94.1]  quat[R -38.4 P  -0.5 Y -93.2]  pose.yaw(+off)  -3.2
raw[X  +1.9 Y +38.3 Z -94.0]  quat[R -38.3 P  -0.6 Y -93.2]  pose.yaw(+off)  -3.2
raw[X  +2.0 Y +38.3 Z -94.0]  quat[R -38.3 P  -0.5 Y -93.1]  pose.yaw(+off)  -3.1
raw[X  +2.0 Y +38.3 Z -94.1]  quat[R -38.3 P  -0.5 Y -93.2]  pose.yaw(+off)  -3.2
raw[X  +1.9 Y +38.3 Z -94.1]  quat[R -38.4 P  -0.6 Y -93.2]  pose.yaw(+off)  -3.2
raw[X  +2.0 Y +38.3 Z -94.1]  quat[R -38.3 P  -0.5 Y -93.2]  pose.yaw(+off)  -3.2
raw[X  +2.1 Y +38.3 Z -94.1]  quat[R -38.3 P  -0.5 Y -93.2]  pose.yaw(+off)  -3.2
raw[X  +2.0 Y +38.3 Z -94.1]  quat[R -38.4 P  -0.5 Y -93.2]  pose.yaw(+off)  -3.2
raw[X  +2.0 Y +38.3 Z -94.1]  quat[R -38.3 P  -0.6 Y -93.2]  pose.yaw(+off)  -3.2
raw[X  +2.0 Y +38.3 Z -94.1]  quat[R -38.3 P  -0.6 Y -93.2]  pose.yaw(+off)  -3.2
raw[X  +2.0 Y +38.3 Z -94.1]  quat[R -38.3 P  -0.5 Y -93.2]  pose.yaw(+off)  -3.2
raw[X  +2.0 Y +38.3 Z -94.1]  quat[R -38.3 P  -0.6 Y -93.2]  pose.yaw(+off)  -3.2
raw[X  +2.0 Y +38.3 Z -94.1]  quat[R -38.4 P  -0.6 Y -93.2]  pose.yaw(+off)  -3.2
raw[X  +2.0 Y +38.3 Z -94.1]  quat[R -38.4 P  -0.5 Y -93.2]  pose.yaw(+off)  -3.2
raw[X  +2.0 Y +38.4 Z -94.1]  quat[R -38.4 P  -0.6 Y -93.2]  pose.yaw(+off)  -3.2
raw[X  +2.1 Y +38.3 Z -94.1]  quat[R -38.4 P  -0.5 Y -93.2]  pose.yaw(+off)  -3.2
raw[X  +2.0 Y +38.3 Z -94.1]  quat[R -38.3 P  -0.5 Y -93.2]  pose.yaw(+off)  -3.2
raw[X  +2.0 Y +38.3 Z -94.0]  quat[R -38.3 P  -0.5 Y -93.2]  pose.yaw(+off)  -3.2
raw[X  +2.0 Y +38.3 Z -94.1]  quat[R -38.3 P  -0.5 Y -93.2]  pose.yaw(+off)  -3.2
raw[X  +2.0 Y +38.3 Z -94.1]  quat[R -38.3 P  -0.5 Y -93.2]  pose.yaw(+off)  -3.2
raw[X  +2.0 Y +38.3 Z -94.1]  quat[R -38.4 P  -0.5 Y -93.2]  pose.yaw(+off)  -3.2
raw[X  +2.1 Y +38.3 Z -94.1]  quat[R -38.3 P  -0.5 Y -93.2]  pose.yaw(+off)  -3.2
raw[X  +2.0 Y +38.3 Z -94.1]  quat[R -38.3 P  -0.5 Y -93.2]  pose.yaw(+off)  -3.2
raw[X  +2.0 Y +38.3 Z -94.0]  quat[R -38.3 P  -0.5 Y -93.2]  pose.yaw(+off)  -3.2
raw[X  +2.0 Y +38.3 Z -94.1]  quat[R -38.3 P  -0.5 Y -93.2]  pose.yaw(+off)  -3.2
raw[X  +2.0 Y +38.3 Z -94.1]  quat[R -38.3 P  -0.5 Y -93.2]  pose.yaw(+off)  -3.2
raw[X  +2.0 Y +38.3 Z -94.0]  quat[R -38.4 P  -0.5 Y -93.2]  pose.yaw(+off)  -3.2
raw[X  +1.9 Y +38.3 Z -94.0]  quat[R -38.4 P  -0.6 Y -93.2]  pose.yaw(+off)  -3.2
raw[X  +2.0 Y +38.3 Z -94.1]  quat[R -38.4 P  -0.6 Y -93.2]  pose.yaw(+off)  -3.2
raw[X  +2.0 Y +38.3 Z -94.1]  quat[R -38.3 P  -0.5 Y -93.2]  pose.yaw(+off)  -3.2
raw[X  +1.9 Y +38.3 Z -94.0]  quat[R -38.4 P  -0.6 Y -93.1]  pose.yaw(+off)  -3.1
raw[X  +2.0 Y +38.3 Z -94.1]  quat[R -38.3 P  -0.6 Y -93.2]  pose.yaw(+off)  -3.2
raw[X  +2.0 Y +38.3 Z -94.0]  quat[R -38.3 P  -0.6 Y -93.2]  pose.yaw(+off)  -3.2
raw[X  +2.0 Y +38.3 Z -94.1]  quat[R -38.4 P  -0.5 Y -93.2]  pose.yaw(+off)  -3.2
raw[X  +2.1 Y +38.3 Z -94.1]  quat[R -38.3 P  -0.5 Y -93.2]  pose.yaw(+off)  -3.2
raw[X  +2.0 Y +38.3 Z -94.1]  quat[R -38.3 P  -0.5 Y -93.2]  pose.yaw(+off)  -3.2
raw[X  +2.0 Y +38.3 Z -94.1]  quat[R -38.4 P  -0.5 Y -93.2]  pose.yaw(+off)  -3.2
raw[X  +2.1 Y +38.3 Z -94.1]  quat[R -38.3 P  -0.5 Y -93.2]  pose.yaw(+off)  -3.2
raw[X  +2.1 Y +38.3 Z -94.1]  quat[R -38.3 P  -0.5 Y -93.2]  pose.yaw(+off)  -3.2
raw[X  +2.0 Y +38.3 Z -94.1]  quat[R -38.3 P  -0.5 Y -93.2]  pose.yaw(+off)  -3.2
raw[X  +2.0 Y +38.3 Z -94.1]  quat[R -38.4 P  -0.5 Y -93.2]  pose.yaw(+off)  -3.2
raw[X  +2.1 Y +38.4 Z -94.1]  quat[R -38.4 P  -0.5 Y -93.2]  pose.yaw(+off)  -3.2
raw[X  +2.0 Y +38.3 Z -94.1]  quat[R -38.3 P  -0.5 Y -93.2]  pose.yaw(+off)  -3.2
raw[X  +2.0 Y +38.3 Z -94.1]  quat[R -38.3 P  -0.5 Y -93.2]  pose.yaw(+off)  -3.2
raw[X  +2.0 Y +38.3 Z -94.1]  quat[R -38.4 P  -0.5 Y -93.2]  pose.yaw(+off)  -3.2
raw[X  +2.1 Y +38.3 Z -94.1]  quat[R -38.4 P  -0.5 Y -93.2]  pose.yaw(+off)  -3.2
raw[X  +2.0 Y +38.3 Z -94.0]  quat[R -38.3 P  -0.5 Y -93.2]  pose.yaw(+off)  -3.2
raw[X  +1.9 Y +38.3 Z -94.1]  quat[R -38.3 P  -0.6 Y -93.2]  pose.yaw(+off)  -3.2
raw[X  +2.0 Y +38.3 Z -94.1]  quat[R -38.4 P  -0.5 Y -93.2]  pose.yaw(+off)  -3.2
raw[X  +2.0 Y +38.3 Z -94.1]  quat[R -38.4 P  -0.5 Y -93.2]  pose.yaw(+off)  -3.2
raw[X  +2.0 Y +38.3 Z -94.1]  quat[R -38.3 P  -0.5 Y -93.2]  pose.yaw(+off)  -3.2
raw[X  +2.1 Y +38.4 Z -94.1]  quat[R -38.4 P  -0.4 Y -93.2]  pose.yaw(+off)  -3.2
raw[X  +2.0 Y +38.3 Z -94.1]  quat[R -38.4 P  -0.5 Y -93.2]  pose.yaw(+off)  -3.2
raw[X  +2.1 Y +38.3 Z -94.1]  quat[R -38.3 P  -0.5 Y -93.3]  pose.yaw(+off)  -3.3
raw[X  +2.0 Y +38.3 Z -94.1]  quat[R -38.3 P  -0.5 Y -93.2]  pose.yaw(+off)  -3.2
raw[X  +2.0 Y +38.3 Z -94.1]  quat[R -38.3 P  -0.5 Y -93.2]  pose.yaw(+off)  -3.2
raw[X  +2.1 Y +38.3 Z -94.1]  quat[R -38.3 P  -0.5 Y -93.2]  pose.yaw(+off)  -3.2
raw[X  +2.0 Y +38.3 Z -94.1]  quat[R -38.4 P  -0.5 Y -93.2]  pose.yaw(+off)  -3.2
raw[X  +2.0 Y +38.3 Z -94.1]  quat[R -38.4 P  -0.5 Y -93.2]  pose.yaw(+off)  -3.2
raw[X  +2.0 Y +38.3 Z -94.1]  quat[R -38.3 P  -0.5 Y -93.2]  pose.yaw(+off)  -3.2
raw[X  +2.0 Y +38.3 Z -94.1]  quat[R -38.3 P  -0.5 Y -93.2]  pose.yaw(+off)  -3.2
raw[X  +2.0 Y +38.3 Z -94.1]  quat[R -38.3 P  -0.6 Y -93.2]  pose.yaw(+off)  -3.2
raw[X  +2.0 Y +38.3 Z -94.1]  quat[R -38.4 P  -0.6 Y -93.2]  pose.yaw(+off)  -3.2
raw[X  +2.0 Y +38.3 Z -94.0]  quat[R -38.3 P  -0.5 Y -93.2]  pose.yaw(+off)  -3.2
raw[X  +2.0 Y +38.3 Z -94.1]  quat[R -38.4 P  -0.5 Y -93.2]  pose.yaw(+off)  -3.2
raw[X  +2.0 Y +38.3 Z -94.1]  quat[R -38.3 P  -0.5 Y -93.2]  pose.yaw(+off)  -3.2
raw[X  +2.0 Y +38.3 Z -94.1]  quat[R -38.3 P  -0.5 Y -93.2]  pose.yaw(+off)  -3.2
raw[X  +2.0 Y +38.3 Z -94.1]  quat[R -38.4 P  -0.5 Y -93.2]  pose.yaw(+off)  -3.2
raw[X  +2.0 Y +38.3 Z -94.1]  quat[R -38.3 P  -0.5 Y -93.2]  pose.yaw(+off)  -3.2
raw[X  +1.9 Y +38.3 Z -94.0]  quat[R -38.4 P  -0.6 Y -93.2]  pose.yaw(+off)  -3.2
raw[X  +2.0 Y +38.3 Z -94.1]  quat[R -38.3 P  -0.5 Y -93.2]  pose.yaw(+off)  -3.2
raw[X  +2.1 Y +38.3 Z -94.1]  quat[R -38.3 P  -0.5 Y -93.2]  pose.yaw(+off)  -3.2
raw[X  +2.1 Y +38.3 Z -94.1]  quat[R -38.4 P  -0.5 Y -93.2]  pose.yaw(+off)  -3.2
raw[X  +2.0 Y +38.3 Z -94.1]  quat[R -38.4 P  -0.5 Y -93.2]  pose.yaw(+off)  -3.2
raw[X  +2.0 Y +38.3 Z -94.1]  quat[R -38.4 P  -0.5 Y -93.2]  pose.yaw(+off)  -3.2
raw[X  +2.0 Y +38.3 Z -94.1]  quat[R -38.3 P  -0.5 Y -93.2]  pose.yaw(+off)  -3.2
raw[X  +2.0 Y +38.3 Z -94.1]  quat[R -38.3 P  -0.5 Y -93.2]  pose.yaw(+off)  -3.2
raw[X  +1.9 Y +38.3 Z -94.0]  quat[R -38.3 P  -0.6 Y -93.2]  pose.yaw(+off)  -3.2
raw[X  +2.0 Y +38.3 Z -94.0]  quat[R -38.4 P  -0.5 Y -93.2]  pose.yaw(+off)  -3.2
raw[X  +2.0 Y +38.3 Z -94.1]  quat[R -38.3 P  -0.5 Y -93.2]  pose.yaw(+off)  -3.2
raw[X  +2.0 Y +38.3 Z -94.1]  quat[R -38.4 P  -0.5 Y -93.2]  pose.yaw(+off)  -3.2
raw[X  +2.0 Y +38.3 Z -94.1]  quat[R -38.3 P  -0.5 Y -93.2]  pose.yaw(+off)  -3.2
raw[X  +2.0 Y +38.3 Z -94.1]  quat[R -38.4 P  -0.5 Y -93.2]  pose.yaw(+off)  -3.2
raw[X  +1.9 Y +38.3 Z -94.1]  quat[R -38.4 P  -0.6 Y -93.2]  pose.yaw(+off)  -3.2
raw[X  +2.0 Y +38.3 Z -94.1]  quat[R -38.3 P  -0.5 Y -93.2]  pose.yaw(+off)  -3.2
raw[X  +2.0 Y +38.3 Z -94.1]  quat[R -38.4 P  -0.5 Y -93.2]  pose.yaw(+off)  -3.2
raw[X  +2.0 Y +38.3 Z -94.0]  quat[R -38.4 P  -0.5 Y -93.2]  pose.yaw(+off)  -3.2
raw[X  +2.0 Y +38.3 Z -94.1]  quat[R -38.3 P  -0.5 Y -93.2]  pose.yaw(+off)  -3.2
raw[X  +2.0 Y +38.3 Z -94.1]  quat[R -38.4 P  -0.6 Y -93.2]  pose.yaw(+off)  -3.2
raw[X  +2.0 Y +38.3 Z -94.1]  quat[R -38.3 P  -0.5 Y -93.2]  pose.yaw(+off)  -3.2
raw[X  +2.0 Y +38.3 Z -94.0]  quat[R -38.4 P  -0.5 Y -93.2]  pose.yaw(+off)  -3.2
raw[X  +2.0 Y +38.3 Z -94.1]  quat[R -38.3 P  -0.5 Y -93.2]  pose.yaw(+off)  -3.2
raw[X  +2.0 Y +38.3 Z -94.0]  quat[R -38.3 P  -0.5 Y -93.2]  pose.yaw(+off)  -3.2
raw[X  +2.0 Y +38.3 Z -94.1]  quat[R -38.3 P  -0.5 Y -93.2]  pose.yaw(+off)  -3.2
raw[X  +2.0 Y +38.3 Z -94.1]  quat[R -38.3 P  -0.5 Y -93.2]  pose.yaw(+off)  -3.2
raw[X  +2.1 Y +38.3 Z -94.1]  quat[R -38.4 P  -0.5 Y -93.2]  pose.yaw(+off)  -3.2
raw[X  +1.9 Y +38.3 Z -94.1]  quat[R -38.3 P  -0.6 Y -93.2]  pose.yaw(+off)  -3.2
raw[X  +2.0 Y +38.3 Z -94.1]  quat[R -38.3 P  -0.5 Y -93.2]  pose.yaw(+off)  -3.2
raw[X  +1.9 Y +38.3 Z -94.0]  quat[R -38.3 P  -0.6 Y -93.2]  pose.yaw(+off)  -3.2
raw[X  +2.0 Y +38.3 Z -94.1]  quat[R -38.3 P  -0.5 Y -93.2]  pose.yaw(+off)  -3.2
raw[X  +2.0 Y +38.3 Z -94.0]  quat[R -38.3 P  -0.5 Y -93.2]  pose.yaw(+off)  -3.2
raw[X  +2.0 Y +38.3 Z -94.1]  quat[R -38.3 P  -0.6 Y -93.2]  pose.yaw(+off)  -3.2
raw[X  +2.1 Y +38.3 Z -94.1]  quat[R -38.3 P  -0.5 Y -93.2]  pose.yaw(+off)  -3.2
raw[X  +2.0 Y +38.3 Z -94.1]  quat[R -38.3 P  -0.5 Y -93.2]  pose.yaw(+off)  -3.2
raw[X  +2.0 Y +38.3 Z -94.1]  quat[R -38.3 P  -0.6 Y -93.2]  pose.yaw(+off)  -3.2
raw[X  +2.0 Y +38.3 Z -94.1]  quat[R -38.4 P  -0.5 Y -93.2]  pose.yaw(+off)  -3.2
raw[X  +2.1 Y +38.3 Z -94.1]  quat[R -38.3 P  -0.5 Y -93.3]  pose.yaw(+off)  -3.3
raw[X  +2.1 Y +38.3 Z -94.1]  quat[R -38.4 P  -0.5 Y -93.2]  pose.yaw(+off)  -3.2
raw[X  +2.0 Y +38.3 Z -94.1]  quat[R -38.3 P  -0.5 Y -93.2]  pose.yaw(+off)  -3.2
raw[X  +2.0 Y +38.3 Z -94.1]  quat[R -38.4 P  -0.5 Y -93.2]  pose.yaw(+off)  -3.2
raw[X  +2.0 Y +38.3 Z -94.0]  quat[R -38.4 P  -0.5 Y -93.2]  pose.yaw(+off)  -3.2
raw[X  +2.0 Y +38.3 Z -94.1]  quat[R -38.3 P  -0.5 Y -93.2]  pose.yaw(+off)  -3.2
raw[X  +2.0 Y +38.3 Z -94.1]  quat[R -38.4 P  -0.5 Y -93.2]  pose.yaw(+off)  -3.2
raw[X  +2.0 Y +38.3 Z -94.1]  quat[R -38.3 P  -0.5 Y -93.2]  pose.yaw(+off)  -3.2
raw[X  +2.0 Y +38.3 Z -94.1]  quat[R -38.4 P  -0.6 Y -93.2]  pose.yaw(+off)  -3.2
raw[X  +2.0 Y +38.3 Z -94.1]  quat[R -38.4 P  -0.5 Y -93.2]  pose.yaw(+off)  -3.2
raw[X  +2.0 Y +38.3 Z -94.1]  quat[R -38.3 P  -0.5 Y -93.2]  pose.yaw(+off)  -3.2
raw[X  +2.0 Y +38.3 Z -94.1]  quat[R -38.4 P  -0.5 Y -93.2]  pose.yaw(+off)  -3.2
raw[X  +2.1 Y +38.3 Z -94.1]  quat[R -38.3 P  -0.5 Y -93.2]  pose.yaw(+off)  -3.2
raw[X  +2.0 Y +38.3 Z -94.1]  quat[R -38.3 P  -0.5 Y -93.2]  pose.yaw(+off)  -3.2
raw[X  +2.0 Y +38.3 Z -94.1]  quat[R -38.4 P  -0.5 Y -93.2]  pose.yaw(+off)  -3.2
raw[X  +2.0 Y +38.3 Z -94.1]  quat[R -38.3 P  -0.5 Y -93.2]  pose.yaw(+off)  -3.2
raw[X  +2.0 Y +38.3 Z -94.1]  quat[R -38.3 P  -0.6 Y -93.2]  pose.yaw(+off)  -3.2
raw[X  +2.0 Y +38.3 Z -94.1]  quat[R -38.4 P  -0.5 Y -93.2]  pose.yaw(+off)  -3.2
raw[X  +2.0 Y +38.3 Z -94.1]  quat[R -38.3 P  -0.6 Y -93.2]  pose.yaw(+off)  -3.2
raw[X  +2.1 Y +38.3 Z -94.2]  quat[R -38.4 P  -0.5 Y -93.3]  pose.yaw(+off)  -3.3
raw[X  +2.0 Y +38.3 Z -94.1]  quat[R -38.3 P  -0.5 Y -93.2]  pose.yaw(+off)  -3.2
raw[X  +2.0 Y +38.3 Z -94.1]  quat[R -38.4 P  -0.5 Y -93.2]  pose.yaw(+off)  -3.2
raw[X  +2.0 Y +38.3 Z -94.1]  quat[R -38.4 P  -0.6 Y -93.2]  pose.yaw(+off)  -3.2
raw[X  +2.0 Y +38.3 Z -94.1]  quat[R -38.4 P  -0.5 Y -93.2]  pose.yaw(+off)  -3.2
raw[X  +2.0 Y +38.3 Z -94.0]  quat[R -38.4 P  -0.5 Y -93.2]  pose.yaw(+off)  -3.2
raw[X  +2.0 Y +38.3 Z -94.1]  quat[R -38.3 P  -0.5 Y -93.2]  pose.yaw(+off)  -3.2
raw[X  +2.0 Y +38.3 Z -94.0]  quat[R -38.4 P  -0.5 Y -93.2]  pose.yaw(+off)  -3.2
raw[X  +2.1 Y +38.3 Z -94.1]  quat[R -38.3 P  -0.5 Y -93.3]  pose.yaw(+off)  -3.3
raw[X  +2.0 Y +38.3 Z -94.1]  quat[R -38.3 P  -0.5 Y -93.2]  pose.yaw(+off)  -3.2
raw[X  +2.0 Y +38.3 Z -94.1]  quat[R -38.3 P  -0.5 Y -93.2]  pose.yaw(+off)  -3.2
raw[X  +2.0 Y +38.3 Z -94.1]  quat[R -38.3 P  -0.5 Y -93.2]  pose.yaw(+off)  -3.2
raw[X  +2.0 Y +38.3 Z -94.0]  quat[R -38.3 P  -0.5 Y -93.2]  pose.yaw(+off)  -3.2
raw[X  +2.0 Y +38.3 Z -94.1]  quat[R -38.3 P  -0.5 Y -93.2]  pose.yaw(+off)  -3.2
raw[X  +2.0 Y +38.3 Z -94.0]  quat[R -38.4 P  -0.5 Y -93.2]  pose.yaw(+off)  -3.2
raw[X  +2.1 Y +38.3 Z -94.1]  quat[R -38.4 P  -0.5 Y -93.2]  pose.yaw(+off)  -3.2
raw[X  +2.0 Y +38.3 Z -94.1]  quat[R -38.4 P  -0.6 Y -93.2]  pose.yaw(+off)  -3.2
raw[X  +2.0 Y +38.2 Z -94.1]  quat[R -38.3 P  -0.6 Y -93.2]  pose.yaw(+off)  -3.2
raw[X  +2.0 Y +38.3 Z -94.1]  quat[R -38.4 P  -0.6 Y -93.2]  pose.yaw(+off)  -3.2
raw[X  +2.1 Y +38.3 Z -94.1]  quat[R -38.3 P  -0.5 Y -93.2]  pose.yaw(+off)  -3.2
raw[X  +2.0 Y +38.4 Z -94.1]  quat[R -38.4 P  -0.5 Y -93.2]  pose.yaw(+off)  -3.2
raw[X  +2.1 Y +38.3 Z -94.1]  quat[R -38.4 P  -0.5 Y -93.3]  pose.yaw(+off)  -3.3
raw[X  +2.0 Y +38.3 Z -94.1]  quat[R -38.4 P  -0.5 Y -93.2]  pose.yaw(+off)  -3.2
raw[X  +2.0 Y +38.4 Z -94.1]  quat[R -38.4 P  -0.5 Y -93.2]  pose.yaw(+off)  -3.2
raw[X  +2.0 Y +38.3 Z -94.1]  quat[R -38.3 P  -0.5 Y -93.2]  pose.yaw(+off)  -3.2
raw[X  +2.0 Y +38.3 Z -94.1]  quat[R -38.3 P  -0.5 Y -93.2]  pose.yaw(+off)  -3.2
raw[X  +2.0 Y +38.3 Z -94.1]  quat[R -38.4 P  -0.5 Y -93.2]  pose.yaw(+off)  -3.2
raw[X  +2.0 Y +38.3 Z -94.1]  quat[R -38.3 P  -0.5 Y -93.2]  pose.yaw(+off)  -3.2
raw[X  +2.0 Y +38.3 Z -94.1]  quat[R -38.3 P  -0.5 Y -93.2]  pose.yaw(+off)  -3.2
raw[X  +2.0 Y +38.3 Z -94.1]  quat[R -38.3 P  -0.5 Y -93.2]  pose.yaw(+off)  -3.2
raw[X  +2.0 Y +38.3 Z -94.1]  quat[R -38.3 P  -0.5 Y -93.2]  pose.yaw(+off)  -3.2
raw[X  +2.1 Y +38.3 Z -94.1]  quat[R -38.3 P  -0.5 Y -93.2]  pose.yaw(+off)  -3.2
raw[X  +1.9 Y +38.3 Z -94.0]  quat[R -38.3 P  -0.6 Y -93.2]  pose.yaw(+off)  -3.2
raw[X  +2.0 Y +38.3 Z -94.1]  quat[R -38.3 P  -0.5 Y -93.2]  pose.yaw(+off)  -3.2
raw[X  +2.0 Y +38.3 Z -94.1]  quat[R -38.4 P  -0.5 Y -93.2]  pose.yaw(+off)  -3.2
raw[X  +2.1 Y +38.3 Z -94.1]  quat[R -38.4 P  -0.5 Y -93.2]  pose.yaw(+off)  -3.2
raw[X  +2.0 Y +38.3 Z -94.0]  quat[R -38.4 P  -0.5 Y -93.2]  pose.yaw(+off)  -3.2
raw[X  +2.0 Y +38.3 Z -94.1]  quat[R -38.3 P  -0.6 Y -93.2]  pose.yaw(+off)  -3.2
raw[X  +2.0 Y +38.3 Z -94.1]  quat[R -38.4 P  -0.5 Y -93.2]  pose.yaw(+off)  -3.2
raw[X  +2.0 Y +38.3 Z -94.1]  quat[R -38.3 P  -0.5 Y -93.2]  pose.yaw(+off)  -3.2
raw[X  +1.9 Y +38.3 Z -94.1]  quat[R -38.3 P  -0.6 Y -93.2]  pose.yaw(+off)  -3.2
raw[X  +2.0 Y +38.3 Z -94.1]  quat[R -38.3 P  -0.5 Y -93.2]  pose.yaw(+off)  -3.2
raw[X  +2.1 Y +38.3 Z -94.1]  quat[R -38.4 P  -0.5 Y -93.2]  pose.yaw(+off)  -3.2
raw[X  +2.1 Y +38.3 Z -94.1]  quat[R -38.3 P  -0.5 Y -93.2]  pose.yaw(+off)  -3.2
raw[X  +2.0 Y +38.3 Z -94.1]  quat[R -38.3 P  -0.5 Y -93.2]  pose.yaw(+off)  -3.2
raw[X  +2.0 Y +38.3 Z -94.2]  quat[R -38.3 P  -0.5 Y -93.3]  pose.yaw(+off)  -3.3
raw[X  +2.0 Y +38.3 Z -94.1]  quat[R -38.3 P  -0.5 Y -93.2]  pose.yaw(+off)  -3.2
raw[X  +2.0 Y +38.3 Z -94.1]  quat[R -38.4 P  -0.5 Y -93.2]  pose.yaw(+off)  -3.2
raw[X  +2.0 Y +38.3 Z -94.1]  quat[R -38.3 P  -0.6 Y -93.2]  pose.yaw(+off)  -3.2
raw[X  +2.0 Y +38.3 Z -94.1]  quat[R -38.3 P  -0.5 Y -93.2]  pose.yaw(+off)  -3.2
raw[X  +2.0 Y +38.3 Z -94.1]  quat[R -38.3 P  -0.5 Y -93.2]  pose.yaw(+off)  -3.2
raw[X  +2.0 Y +38.3 Z -94.1]  quat[R -38.4 P  -0.5 Y -93.2]  pose.yaw(+off)  -3.2
raw[X  +2.0 Y +38.3 Z -94.1]  quat[R -38.3 P  -0.5 Y -93.2]  pose.yaw(+off)  -3.2
raw[X  +2.0 Y +38.3 Z -94.1]  quat[R -38.4 P  -0.5 Y -93.2]  pose.yaw(+off)  -3.2
raw[X  +2.0 Y +38.3 Z -94.1]  quat[R -38.3 P  -0.5 Y -93.2]  pose.yaw(+off)  -3.2
raw[X  +2.0 Y +38.3 Z -94.1]  quat[R -38.3 P  -0.5 Y -93.2]  pose.yaw(+off)  -3.2
raw[X  +2.1 Y +38.3 Z -94.1]  quat[R -38.3 P  -0.5 Y -93.2]  pose.yaw(+off)  -3.2
raw[X  +2.0 Y +38.3 Z -94.1]  quat[R -38.4 P  -0.5 Y -93.2]  pose.yaw(+off)  -3.2
raw[X  +2.1 Y +38.3 Z -94.1]  quat[R -38.4 P  -0.5 Y -93.2]  pose.yaw(+off)  -3.2
raw[X  +2.0 Y +38.3 Z -94.1]  quat[R -38.3 P  -0.6 Y -93.2]  pose.yaw(+off)  -3.2
raw[X  +2.0 Y +38.3 Z -94.1]  quat[R -38.3 P  -0.5 Y -93.2]  pose.yaw(+off)  -3.2
raw[X  +2.0 Y +38.3 Z -94.1]  quat[R -38.3 P  -0.6 Y -93.2]  pose.yaw(+off)  -3.2
raw[X  +2.0 Y +38.3 Z -94.1]  quat[R -38.3 P  -0.5 Y -93.2]  pose.yaw(+off)  -3.2
raw[X  +2.0 Y +38.3 Z -94.1]  quat[R -38.4 P  -0.5 Y -93.2]  pose.yaw(+off)  -3.2
raw[X  +2.0 Y +38.3 Z -94.1]  quat[R -38.3 P  -0.5 Y -93.2]  pose.yaw(+off)  -3.2
raw[X  +2.1 Y +38.3 Z -94.1]  quat[R -38.3 P  -0.5 Y -93.2]  pose.yaw(+off)  -3.2
raw[X  +2.0 Y +38.3 Z -94.1]  quat[R -38.4 P  -0.5 Y -93.2]  pose.yaw(+off)  -3.2
raw[X  +2.1 Y +38.3 Z -94.1]  quat[R -38.3 P  -0.4 Y -93.2]  pose.yaw(+off)  -3.2
raw[X  +2.0 Y +38.3 Z -94.1]  quat[R -38.3 P  -0.6 Y -93.2]  pose.yaw(+off)  -3.2
raw[X  +2.0 Y +38.3 Z -94.1]  quat[R -38.4 P  -0.5 Y -93.2]  pose.yaw(+off)  -3.2
raw[X  +2.0 Y +38.3 Z -94.1]  quat[R -38.3 P  -0.5 Y -93.2]  pose.yaw(+off)  -3.2
raw[X  +2.1 Y +38.3 Z -94.1]  quat[R -38.4 P  -0.5 Y -93.2]  pose.yaw(+off)  -3.2
raw[X  +2.0 Y +38.3 Z -94.1]  quat[R -38.4 P  -0.6 Y -93.2]  pose.yaw(+off)  -3.2
raw[X  +2.1 Y +38.3 Z -94.1]  quat[R -38.3 P  -0.4 Y -93.2]  pose.yaw(+off)  -3.2
raw[X  +2.0 Y +38.3 Z -94.1]  quat[R -38.3 P  -0.5 Y -93.2]  pose.yaw(+off)  -3.2
raw[X  +2.0 Y +38.3 Z -94.1]  quat[R -38.4 P  -0.5 Y -93.2]  pose.yaw(+off)  -3.2
raw[X  +2.0 Y +38.3 Z -94.1]  quat[R -38.3 P  -0.5 Y -93.2]  pose.yaw(+off)  -3.2
raw[X  +2.0 Y +38.3 Z -94.1]  quat[R -38.3 P  -0.5 Y -93.2]  pose.yaw(+off)  -3.2
raw[X  +2.0 Y +38.3 Z -94.1]  quat[R -38.3 P  -0.5 Y -93.2]  pose.yaw(+off)  -3.2
raw[X  +2.1 Y +38.3 Z -94.2]  quat[R -38.4 P  -0.5 Y -93.3]  pose.yaw(+off)  -3.3
raw[X  +2.0 Y +38.3 Z -94.1]  quat[R -38.3 P  -0.6 Y -93.2]  pose.yaw(+off)  -3.2
raw[X  +2.0 Y +38.3 Z -94.1]  quat[R -38.3 P  -0.5 Y -93.2]  pose.yaw(+off)  -3.2
raw[X  +2.0 Y +38.3 Z -94.1]  quat[R -38.3 P  -0.5 Y -93.2]  pose.yaw(+off)  -3.2
raw[X  +2.0 Y +38.3 Z -94.1]  quat[R -38.3 P  -0.6 Y -93.2]  pose.yaw(+off)  -3.2
raw[X  +2.0 Y +38.3 Z -94.1]  quat[R -38.3 P  -0.5 Y -93.2]  pose.yaw(+off)  -3.2
raw[X  +2.1 Y +38.3 Z -94.1]  quat[R -38.4 P  -0.5 Y -93.2]  pose.yaw(+off)  -3.2
raw[X  +2.0 Y +38.3 Z -94.1]  quat[R -38.3 P  -0.5 Y -93.2]  pose.yaw(+off)  -3.2
raw[X  +2.0 Y +38.3 Z -94.1]  quat[R -38.3 P  -0.5 Y -93.2]  pose.yaw(+off)  -3.2
raw[X  +2.0 Y +38.3 Z -94.1]  quat[R -38.4 P  -0.5 Y -93.2]  pose.yaw(+off)  -3.2
raw[X  +2.0 Y +38.3 Z -94.1]  quat[R -38.3 P  -0.5 Y -93.2]  pose.yaw(+off)  -3.2
raw[X  +2.0 Y +38.3 Z -94.1]  quat[R -38.4 P  -0.5 Y -93.2]  pose.yaw(+off)  -3.2
raw[X  +2.0 Y +38.3 Z -94.1]  quat[R -38.3 P  -0.5 Y -93.2]  pose.yaw(+off)  -3.2
raw[X  +2.0 Y +38.3 Z -94.0]  quat[R -38.3 P  -0.5 Y -93.2]  pose.yaw(+off)  -3.2
raw[X  +2.1 Y +38.3 Z -94.2]  quat[R -38.3 P  -0.5 Y -93.3]  pose.yaw(+off)  -3.3
raw[X  +2.0 Y +38.3 Z -94.1]  quat[R -38.3 P  -0.5 Y -93.2]  pose.yaw(+off)  -3.2
raw[X  +2.1 Y +38.3 Z -94.1]  quat[R -38.3 P  -0.5 Y -93.3]  pose.yaw(+off)  -3.3
raw[X  +2.0 Y +38.3 Z -94.1]  quat[R -38.3 P  -0.5 Y -93.2]  pose.yaw(+off)  -3.2
raw[X  +2.1 Y +38.3 Z -94.1]  quat[R -38.4 P  -0.5 Y -93.2]  pose.yaw(+off)  -3.2
raw[X  +2.0 Y +38.3 Z -94.1]  quat[R -38.3 P  -0.6 Y -93.2]  pose.yaw(+off)  -3.2
raw[X  +2.0 Y +38.3 Z -94.1]  quat[R -38.4 P  -0.5 Y -93.2]  pose.yaw(+off)  -3.2
raw[X  +2.1 Y +38.3 Z -94.2]  quat[R -38.4 P  -0.5 Y -93.3]  pose.yaw(+off)  -3.3
raw[X  +2.0 Y +38.3 Z -94.1]  quat[R -38.3 P  -0.5 Y -93.2]  pose.yaw(+off)  -3.2
raw[X  +2.1 Y +38.3 Z -94.1]  quat[R -38.3 P  -0.5 Y -93.2]  pose.yaw(+off)  -3.2
raw[X  +2.0 Y +38.3 Z -94.1]  quat[R -38.4 P  -0.5 Y -93.2]  pose.yaw(+off)  -3.2
raw[X  +2.0 Y +38.3 Z -94.1]  quat[R -38.3 P  -0.5 Y -93.2]  pose.yaw(+off)  -3.2
raw[X  +2.0 Y +38.3 Z -94.1]  quat[R -38.4 P  -0.5 Y -93.2]  pose.yaw(+off)  -3.2
raw[X  +2.0 Y +38.3 Z -94.1]  quat[R -38.3 P  -0.5 Y -93.2]  pose.yaw(+off)  -3.2
raw[X  +2.0 Y +38.3 Z -94.1]  quat[R -38.3 P  -0.5 Y -93.2]  pose.yaw(+off)  -3.2
raw[X  +2.0 Y +38.3 Z -94.1]  quat[R -38.3 P  -0.6 Y -93.2]  pose.yaw(+off)  -3.2
raw[X  +2.1 Y +38.3 Z -94.1]  quat[R -38.3 P  -0.5 Y -93.2]  pose.yaw(+off)  -3.2
raw[X  +2.1 Y +38.3 Z -94.1]  quat[R -38.4 P  -0.5 Y -93.3]  pose.yaw(+off)  -3.3
raw[X  +2.0 Y +38.3 Z -94.1]  quat[R -38.4 P  -0.5 Y -93.2]  pose.yaw(+off)  -3.2
raw[X  +2.0 Y +38.3 Z -94.1]  quat[R -38.3 P  -0.5 Y -93.2]  pose.yaw(+off)  -3.2
raw[X  +2.0 Y +38.3 Z -94.1]  quat[R -38.4 P  -0.5 Y -93.2]  pose.yaw(+off)  -3.2
raw[X  +2.0 Y +38.3 Z -94.1]  quat[R -38.3 P  -0.6 Y -93.2]  pose.yaw(+off)  -3.2
raw[X  +2.1 Y +38.3 Z -94.1]  quat[R -38.3 P  -0.5 Y -93.2]  pose.yaw(+off)  -3.2
raw[X  +2.0 Y +38.3 Z -94.1]  quat[R -38.4 P  -0.6 Y -93.2]  pose.yaw(+off)  -3.2
raw[X  +2.1 Y +38.3 Z -94.1]  quat[R -38.3 P  -0.5 Y -93.3]  pose.yaw(+off)  -3.3
raw[X  +2.0 Y +38.3 Z -94.1]  quat[R -38.3 P  -0.6 Y -93.2]  pose.yaw(+off)  -3.2
raw[X  +2.1 Y +38.3 Z -94.1]  quat[R -38.4 P  -0.5 Y -93.3]  pose.yaw(+off)  -3.3
raw[X  +1.9 Y +38.3 Z -94.0]  quat[R -38.3 P  -0.6 Y -93.2]  pose.yaw(+off)  -3.2
raw[X  +2.0 Y +38.3 Z -94.2]  quat[R -38.3 P  -0.5 Y -93.3]  pose.yaw(+off)  -3.3
raw[X  +2.0 Y +38.3 Z -94.1]  quat[R -38.4 P  -0.5 Y -93.2]  pose.yaw(+off)  -3.2
raw[X  +2.1 Y +38.3 Z -94.1]  quat[R -38.3 P  -0.5 Y -93.2]  pose.yaw(+off)  -3.2
raw[X  +2.0 Y +38.3 Z -94.1]  quat[R -38.4 P  -0.5 Y -93.2]  pose.yaw(+off)  -3.2
raw[X  +2.0 Y +38.3 Z -94.1]  quat[R -38.4 P  -0.6 Y -93.2]  pose.yaw(+off)  -3.2
raw[X  +2.0 Y +38.3 Z -94.1]  quat[R -38.3 P  -0.5 Y -93.2]  pose.yaw(+off)  -3.2
raw[X  +2.0 Y +38.3 Z -94.1]  quat[R -38.3 P  -0.5 Y -93.2]  pose.yaw(+off)  -3.2
raw[X  +2.0 Y +38.3 Z -94.1]  quat[R -38.3 P  -0.5 Y -93.2]  pose.yaw(+off)  -3.2
raw[X  +2.1 Y +38.3 Z -94.1]  quat[R -38.3 P  -0.5 Y -93.2]  pose.yaw(+off)  -3.2
raw[X  +2.0 Y +38.3 Z -94.1]  quat[R -38.4 P  -0.5 Y -93.2]  pose.yaw(+off)  -3.2
raw[X  +2.0 Y +38.3 Z -94.1]  quat[R -38.4 P  -0.5 Y -93.2]  pose.yaw(+off)  -3.2
raw[X  +2.1 Y +38.3 Z -94.1]  quat[R -38.3 P  -0.5 Y -93.2]  pose.yaw(+off)  -3.2
raw[X  +2.1 Y +38.3 Z -94.1]  quat[R -38.3 P  -0.5 Y -93.2]  pose.yaw(+off)  -3.2
raw[X  +2.0 Y +38.3 Z -94.1]  quat[R -38.3 P  -0.5 Y -93.2]  pose.yaw(+off)  -3.2
raw[X  +2.0 Y +38.3 Z -94.1]  quat[R -38.3 P  -0.5 Y -93.2]  pose.yaw(+off)  -3.2
raw[X  +2.1 Y +38.3 Z -94.1]  quat[R -38.3 P  -0.5 Y -93.2]  pose.yaw(+off)  -3.2
raw[X  +2.1 Y +38.3 Z -94.1]  quat[R -38.3 P  -0.5 Y -93.2]  pose.yaw(+off)  -3.2
raw[X  +2.1 Y +38.3 Z -94.1]  quat[R -38.4 P  -0.5 Y -93.2]  pose.yaw(+off)  -3.2
raw[X  +2.0 Y +38.3 Z -94.1]  quat[R -38.4 P  -0.5 Y -93.2]  pose.yaw(+off)  -3.2
raw[X  +2.0 Y +38.3 Z -94.1]  quat[R -38.3 P  -0.6 Y -93.2]  pose.yaw(+off)  -3.2
raw[X  +2.0 Y +38.3 Z -94.1]  quat[R -38.3 P  -0.5 Y -93.2]  pose.yaw(+off)  -3.2
raw[X  +2.0 Y +38.3 Z -94.1]  quat[R -38.3 P  -0.6 Y -93.2]  pose.yaw(+off)  -3.2
raw[X  +2.0 Y +38.3 Z -94.1]  quat[R -38.3 P  -0.5 Y -93.2]  pose.yaw(+off)  -3.2
raw[X  +2.1 Y +38.3 Z -94.1]  quat[R -38.3 P  -0.5 Y -93.2]  pose.yaw(+off)  -3.2
raw[X  +2.0 Y +38.3 Z -94.1]  quat[R -38.3 P  -0.5 Y -93.2]  pose.yaw(+off)  -3.2
raw[X  +2.1 Y +38.3 Z -94.1]  quat[R -38.3 P  -0.5 Y -93.2]  pose.yaw(+off)  -3.2
raw[X  +2.0 Y +38.3 Z -94.1]  quat[R -38.3 P  -0.5 Y -93.2]  pose.yaw(+off)  -3.2
raw[X  +2.0 Y +38.3 Z -94.1]  quat[R -38.3 P  -0.5 Y -93.2]  pose.yaw(+off)  -3.2
raw[X  +2.0 Y +38.3 Z -94.1]  quat[R -38.3 P  -0.5 Y -93.2]  pose.yaw(+off)  -3.2
raw[X  +2.0 Y +38.3 Z -94.1]  quat[R -38.3 P  -0.5 Y -93.2]  pose.yaw(+off)  -3.2
raw[X  +1.9 Y +38.3 Z -94.1]  quat[R -38.3 P  -0.6 Y -93.2]  pose.yaw(+off)  -3.2
raw[X  +2.1 Y +38.3 Z -94.1]  quat[R -38.3 P  -0.5 Y -93.2]  pose.yaw(+off)  -3.2
raw[X  +2.1 Y +38.3 Z -94.1]  quat[R -38.3 P  -0.5 Y -93.2]  pose.yaw(+off)  -3.2
raw[X  +2.0 Y +38.3 Z -94.1]  quat[R -38.4 P  -0.5 Y -93.2]  pose.yaw(+off)  -3.2
raw[X  +2.0 Y +38.3 Z -94.1]  quat[R -38.3 P  -0.6 Y -93.2]  pose.yaw(+off)  -3.2
